사고부문,사고번호,사고일시,요일,시군구,사고내용,사망자수,중상자수,경상자수,부상신고자수,사고유형,법규위반,노면상태,기상상태,도로형태,가해운전자 차종,가해운전자 성별,가해운전자 연령,가해운전자 상해정도,피해운전자 차종,피해운전자 성별,피해운전자 연령,피해운전자 상해정도
노인사고,2020040200100148,2020년 4월 2일 10시,목요일,부산광역시 동래구 낙민동,중상사고,0,1,0,0,차대차 - 측면충돌,안전거리미확보,건조,맑음,단일로 - 기타,건설기계,남,68세,상해없음,이륜,남,70세,중상
노인사고,2020040200100385,2020년 4월 2일 17시,목요일,부산광역시 사상구 덕포동,경상사고,0,0,1,0,차대사람 - 차도통행중,안전운전불이행,건조,맑음,단일로 - 기타,승용,남,77세,상해없음,보행자,남,66세,경상
노인사고,2020040200100423,2020년 4월 2일 18시,목요일,부산광역시 수영구 광안동,경상사고,0,0,1,0,차대차 - 측면충돌,안전거리미확보,건조,맑음,단일로 - 기타,승용,남,66세,상해없음,승용,남,70세,경상
노인사고,2020040300100031,2020년 4월 3일 05시,금요일,부산광역시 연제구 연산동,중상사고,0,1,0,0,차대차 - 추돌,안전운전불이행,건조,맑음,기타 - 기타,승용,남,44세,상해없음,승용,남,58세,상해없음
노인사고,2020040300100074,2020년 4월 3일 08시,금요일,부산광역시 기장군 장안읍,경상사고,0,0,2,0,차대차 - 측면충돌,안전운전불이행,건조,맑음,교차로 - 교차로안,승용,여,70세,경상,승용,남,59세,경상
노인사고,2020040300100309,2020년 4월 3일 16시,금요일,부산광역시 남구 대연동,중상사고,0,1,0,0,차대사람 - 기타,교차로운행방법위반,건조,맑음,교차로 - 교차로안,화물,남,38세,상해없음,보행자,여,73세,중상
노인사고,2020040300100353,2020년 4월 3일 17시,금요일,부산광역시 북구 화명동,중상사고,0,1,1,1,차대차 - 기타,안전운전불이행,건조,맑음,단일로 - 기타,이륜,남,22세,부상신고,승용,남,66세,경상
노인사고,2020040300100355,2020년 4월 3일 17시,금요일,부산광역시 부산진구 양정동,경상사고,0,0,1,0,차대사람 - 기타,안전운전불이행,건조,맑음,단일로 - 기타,자전거,남,27세,상해없음,보행자,여,78세,경상
노인사고,2020040300100452,2020년 4월 3일 19시,금요일,부산광역시 부산진구 개금동,중상사고,0,1,0,0,차대사람 - 횡단중,신호위반,건조,맑음,교차로 - 교차로횡단보도내,이륜,남,49세,상해없음,보행자,여,74세,중상
노인사고,2.02004E+15,2020년 4월 4일 06시,토요일,부산광역시 금정구 서동,경상사고,0,0,1,0,차대사람 - 기타,안전운전불이행,건조,맑음,교차로 - 교차로안,승용,남,60세,상해없음,보행자,남,74세,경상
노인사고,2020040400100135,2020년 4월 4일 10시,토요일,부산광역시 수영구 수영동,경상사고,0,0,1,0,차대사람 - 차도통행중,안전운전불이행,건조,맑음,단일로 - 기타,승용,여,45세,상해없음,보행자,여,69세,경상
노인사고,2020040400100236,2020년 4월 4일 13시,토요일,부산광역시 부산진구 부전동,중상사고,0,1,0,0,차대차 - 측면충돌,신호위반,건조,맑음,교차로 - 교차로안,자전거,남,70세,중상,승용,남,51세,상해없음
노인사고,2020040400100238,2020년 4월 4일 13시,토요일,부산광역시 금정구 구서동,경상사고,0,0,2,0,차대차 - 측면충돌,교차로운행방법위반,건조,맑음,교차로 - 교차로안,승용,남,80세,경상,화물,남,62세,상해없음
노인사고,2020040400100278,2020년 4월 4일 14시,토요일,부산광역시 남구 용호동,경상사고,0,0,1,0,차대차 - 추돌,안전운전불이행,건조,맑음,단일로 - 기타,승용,남,36세,상해없음,승용,남,68세,경상
노인사고,2020040400100443,2020년 4월 4일 18시,토요일,부산광역시 연제구 거제동,경상사고,0,0,1,0,차대사람 - 기타,안전운전불이행,건조,맑음,교차로 - 교차로안,승용,남,61세,상해없음,보행자,여,73세,경상
노인사고,2020040400100473,2020년 4월 4일 19시,토요일,부산광역시 영도구 남항동1가,중상사고,0,1,0,0,차대사람 - 횡단중,안전운전불이행,건조,맑음,교차로 - 교차로안,화물,남,48세,상해없음,보행자,남,84세,중상
노인사고,2020040400100537,2020년 4월 4일 21시,토요일,부산광역시 부산진구 양정동,경상사고,0,0,7,0,차대차 - 추돌,안전운전불이행,건조,맑음,단일로 - 기타,승용,남,63세,상해없음,승용,남,62세,경상
노인사고,2020040500100072,2020년 4월 5일 07시,일요일,부산광역시 부산진구 부암동,경상사고,0,0,2,0,차대차 - 정면충돌,안전운전불이행,건조,맑음,교차로 - 교차로안,승용,남,50세,상해없음,승용,남,62세,상해없음
노인사고,2020040500100209,2020년 4월 5일 14시,일요일,부산광역시 동래구 명장동,중상사고,0,1,0,0,차대사람 - 횡단중,보행자보호의무위반,건조,맑음,교차로 - 교차로안,화물,남,59세,상해없음,보행자,여,82세,중상
노인사고,2020040500100384,2020년 4월 5일 21시,일요일,부산광역시 금정구 구서동,중상사고,0,1,0,0,차대사람 - 기타,안전운전불이행,건조,맑음,교차로 - 교차로안,승용,여,54세,상해없음,보행자,여,83세,중상
노인사고,2020040600100056,2020년 4월 6일 07시,월요일,부산광역시 강서구 대저2동,경상사고,0,0,3,0,차대차 - 기타,안전거리미확보,건조,맑음,교차로 - 교차로부근,승합,남,60세,상해없음,승용,남,70세,경상
노인사고,2020040600100179,2020년 4월 6일 11시,월요일,부산광역시 강서구 봉림동,경상사고,0,0,1,0,차대차 - 기타,안전운전불이행,건조,맑음,교차로 - 교차로안,이륜,여,70세,경상,화물,남,27세,상해없음
노인사고,2.02004E+15,2020년 4월 6일 13시,월요일,부산광역시 동래구 온천동,경상사고,0,0,1,0,차대차 - 정면충돌,차로위반,건조,맑음,교차로 - 교차로부근,건설기계,남,57세,상해없음,이륜,남,82세,경상
노인사고,2020040600100284,2020년 4월 6일 14시,월요일,부산광역시 영도구 영선동2가,중상사고,0,1,1,0,차대사람 - 보도통행중,보행자보호의무위반,건조,맑음,교차로 - 교차로횡단보도내,이륜,남,18세,경상,보행자,여,75세,중상
노인사고,2020040700100168,2020년 4월 7일 11시,화요일,부산광역시 연제구 연산동,중상사고,0,1,1,0,차대차 - 추돌,안전거리미확보,건조,맑음,교차로 - 교차로부근,승용,여,75세,기타불명,승용,남,61세,중상
노인사고,2020040700100196,2020년 4월 7일 12시,화요일,부산광역시 중구 남포동2가,부상신고사고,0,0,0,1,차대차 - 측면충돌,안전운전불이행,건조,맑음,단일로 - 기타,자전거,남,72세,부상신고,이륜,남,69세,상해없음
노인사고,2.02004E+15,2020년 4월 7일 12시,화요일,부산광역시 해운대구 우동,경상사고,0,0,1,0,차대차 - 추돌,안전거리미확보,건조,맑음,단일로 - 기타,승용,여,40세,상해없음,승용,여,66세,경상
노인사고,2020040700100346,2020년 4월 7일 17시,화요일,부산광역시 해운대구 송정동,중상사고,0,1,0,0,차대사람 - 기타,안전운전불이행,건조,맑음,단일로 - 기타,승용,남,19세,상해없음,보행자,남,80세,중상
노인사고,2020040700100386,2020년 4월 7일 18시,화요일,부산광역시 북구 금곡동,중상사고,0,1,0,0,차대사람 - 횡단중,보행자보호의무위반,건조,맑음,교차로 - 교차로부근,승합,남,46세,상해없음,보행자,여,74세,중상
노인사고,2020040700100501,2020년 4월 7일 21시,화요일,부산광역시 사하구 다대동,중상사고,0,2,1,0,차대차 - 기타,신호위반,건조,맑음,교차로 - 교차로부근,승용,여,39세,상해없음,이륜,남,18세,경상
노인사고,2.02004E+15,2020년 4월 8일 05시,수요일,부산광역시 연제구 거제동,중상사고,0,1,0,0,차대사람 - 횡단중,보행자보호의무위반,건조,맑음,교차로 - 교차로안,승용,남,64세,상해없음,보행자,남,77세,중상
노인사고,2020040800100155,2020년 4월 8일 10시,수요일,부산광역시 영도구 남항동3가,경상사고,0,0,2,0,차대차 - 측면충돌,안전운전불이행,건조,맑음,단일로 - 기타,화물,남,59세,상해없음,승용,남,70세,경상
노인사고,2020040800100274,2020년 4월 8일 14시,수요일,부산광역시 사상구 학장동,부상신고사고,0,0,0,1,차대차 - 측면충돌,차로위반,건조,맑음,단일로 - 기타,원동기,남,78세,부상신고,화물,남,47세,상해없음
노인사고,2020040800100275,2020년 4월 8일 14시,수요일,부산광역시 사상구 괘법동,중상사고,0,1,0,0,차대차 - 측면충돌,교차로운행방법위반,건조,맑음,교차로 - 교차로안,승용,남,49세,상해없음,원동기,남,66세,중상
노인사고,2.02004E+15,2020년 4월 8일 15시,수요일,부산광역시 부산진구 범천동,중상사고,0,1,0,0,차대차 - 기타,안전거리미확보,건조,기타,단일로 - 기타,승용,여,64세,상해없음,승합,남,57세,상해없음
노인사고,2020040800100377,2020년 4월 8일 17시,수요일,부산광역시 동구 초량동,중상사고,0,1,0,0,차대사람 - 횡단중,안전운전불이행,건조,맑음,교차로 - 교차로안,승용,남,49세,상해없음,보행자,남,66세,중상
노인사고,2020040800100426,2020년 4월 8일 18시,수요일,부산광역시 연제구 거제동,중상사고,0,1,0,0,차대사람 - 기타,안전운전불이행,건조,맑음,단일로 - 기타,자전거,남,12세,상해없음,보행자,여,73세,중상
노인사고,2020040900100024,2020년 4월 9일 02시,목요일,부산광역시 동구 초량동,중상사고,0,2,2,0,차대차 - 기타,신호위반,건조,맑음,단일로 - 기타,승용,여,46세,상해없음,승용,남,65세,중상
노인사고,2020040900100045,2020년 4월 9일 06시,목요일,부산광역시 영도구 봉래동3가,경상사고,0,0,1,0,차대차 - 측면충돌,안전운전불이행,건조,맑음,단일로 - 기타,승용,남,47세,상해없음,자전거,남,65세,경상
노인사고,2020040900100082,2020년 4월 9일 08시,목요일,부산광역시 사상구 감전동,경상사고,0,0,1,0,차대사람 - 기타,안전운전불이행,건조,맑음,기타 - 기타,화물,남,49세,상해없음,보행자,남,66세,경상
노인사고,2020040900100312,2020년 4월 9일 15시,목요일,부산광역시 사상구 감전동,부상신고사고,0,0,0,1,차대사람 - 기타,안전운전불이행,건조,맑음,단일로 - 기타,승용,남,56세,기타불명,보행자,남,67세,부상신고
노인사고,2020040900100439,2020년 4월 9일 18시,목요일,부산광역시 사하구 괴정동,중상사고,0,1,0,0,차대사람 - 기타,불법유턴,건조,맑음,단일로 - 기타,승용,남,50세,상해없음,보행자,여,71세,중상
노인사고,2.02004E+15,2020년 4월 9일 19시,목요일,부산광역시 해운대구 중동,경상사고,0,0,1,0,차대차 - 후진중충돌,안전운전불이행,건조,맑음,교차로 - 교차로안,승용,남,34세,상해없음,승용,남,70세,경상
노인사고,2020041000100141,2020년 4월 10일 10시,금요일,부산광역시 부산진구 부암동,중상사고,0,1,0,1,차량단독 - 기타,안전운전불이행,건조,맑음,기타 - 기타,승용,여,66세,부상신고,,,,
노인사고,2020041000100213,2020년 4월 10일 12시,금요일,부산광역시 강서구 생곡동,부상신고사고,0,0,0,1,차대차 - 정면충돌,신호위반,건조,맑음,교차로 - 교차로안,화물,남,53세,상해없음,승용,여,68세,부상신고
노인사고,2020041000100249,2020년 4월 10일 13시,금요일,부산광역시 사하구 괴정동,경상사고,0,0,1,0,차대사람 - 기타,안전운전불이행,건조,맑음,주차장 - 주차장,승용,남,35세,상해없음,보행자,남,82세,경상
노인사고,2020041000100251,2020년 4월 10일 13시,금요일,부산광역시 사상구 감전동,경상사고,0,0,2,0,차대차 - 측면충돌,교차로운행방법위반,건조,맑음,교차로 - 교차로안,화물,남,79세,경상,승용,여,59세,경상
노인사고,2020041000100354,2020년 4월 10일 16시,금요일,부산광역시 해운대구 우동,중상사고,0,1,0,1,차대차 - 정면충돌,신호위반,건조,맑음,교차로 - 교차로안,승용,남,66세,상해없음,승용,남,74세,중상
노인사고,2020041000100384,2020년 4월 10일 17시,금요일,부산광역시 중구 영주동,경상사고,0,0,2,0,차대차 - 정면충돌,중앙선침범,건조,맑음,단일로 - 기타,승용,남,54세,상해없음,승용,남,75세,경상
노인사고,2020041000100412,2020년 4월 10일 18시,금요일,부산광역시 사상구 모라동,중상사고,0,1,0,0,차대사람 - 횡단중,안전운전불이행,건조,맑음,단일로 - 기타,승합,남,27세,상해없음,보행자,남,73세,중상
노인사고,2020041100100075,2020년 4월 11일 07시,토요일,부산광역시 서구 남부민동,경상사고,0,0,1,0,차량단독 - 기타,안전운전불이행,건조,맑음,단일로 - 기타,화물,남,70세,경상,,,,
노인사고,2020041100100111,2020년 4월 11일 09시,토요일,부산광역시 금정구 남산동,중상사고,0,1,0,0,차대사람 - 기타,보행자보호의무위반,건조,맑음,교차로 - 교차로횡단보도내,승용,남,51세,상해없음,보행자,여,68세,중상
노인사고,2020041100100195,2020년 4월 11일 12시,토요일,부산광역시 남구 문현동,경상사고,0,0,5,0,차대차 - 측면충돌,안전운전불이행,건조,맑음,교차로 - 교차로안,승용,남,48세,상해없음,승용,남,67세,경상
노인사고,2020041100100408,2020년 4월 11일 18시,토요일,부산광역시 부산진구 초읍동,경상사고,0,0,1,0,차대차 - 기타,안전운전불이행,젖음/습기,비,교차로 - 교차로안,승용,여,48세,상해없음,승용,남,66세,경상
노인사고,2020041100100508,2020년 4월 11일 21시,토요일,부산광역시 동래구 사직동,중상사고,0,1,3,0,차대차 - 기타,중앙선침범,젖음/습기,비,단일로 - 기타,승용,남,76세,중상,승용,남,38세,경상
노인사고,2020041100100509,2020년 4월 11일 21시,토요일,부산광역시 부산진구 개금동,경상사고,0,0,1,0,차대사람 - 횡단중,안전운전불이행,젖음/습기,비,교차로 - 교차로안,승용,남,27세,상해없음,보행자,남,66세,경상
노인사고,2.02004E+15,2020년 4월 11일 21시,토요일,부산광역시 부산진구 당감동,중상사고,0,1,0,0,차대사람 - 기타,안전운전불이행,젖음/습기,비,주차장 - 주차장,승용,남,64세,상해없음,보행자,여,72세,중상
노인사고,2020041100100536,2020년 4월 11일 22시,토요일,부산광역시 동구 범일동,중상사고,0,1,0,0,차대차 - 측면충돌,직진우회전진행방해,젖음/습기,비,단일로 - 기타,승용,남,48세,상해없음,자전거,남,77세,중상
노인사고,2020041200100037,2020년 4월 12일 02시,일요일,부산광역시 사상구 덕포동,경상사고,0,0,1,0,차대차 - 추돌,안전운전불이행,젖음/습기,비,교차로 - 교차로부근,승용,남,61세,상해없음,승용,남,65세,경상
노인사고,2.02004E+15,2020년 4월 12일 15시,일요일,부산광역시 사하구 하단동,중상사고,0,1,1,0,차대사람 - 기타,과속,젖음/습기,비,교차로 - 교차로부근,이륜,남,32세,경상,보행자,여,83세,중상
노인사고,2020041300100137,2020년 4월 13일 10시,월요일,부산광역시 해운대구 반송동,중상사고,0,2,2,0,차대차 - 정면충돌,중앙선침범,건조,맑음,단일로 - 기타,승용,여,39세,중상,화물,남,58세,중상
노인사고,2020041300100138,2020년 4월 13일 10시,월요일,부산광역시 연제구 거제동,중상사고,0,1,0,0,차대사람 - 기타,안전운전불이행,건조,맑음,단일로 - 기타,승용,여,51세,상해없음,보행자,여,85세,중상
노인사고,2020041300100162,2020년 4월 13일 11시,월요일,부산광역시 연제구 거제동,경상사고,0,0,1,0,차대차 - 기타,차로위반,건조,맑음,단일로 - 기타,승용,남,57세,상해없음,승용,남,67세,경상
노인사고,2020041400100046,2020년 4월 14일 05시,화요일,부산광역시 북구 덕천동,경상사고,0,0,1,0,차대사람 - 기타,안전운전불이행,건조,맑음,단일로 - 기타,이륜,남,22세,상해없음,보행자,여,72세,경상
노인사고,2020041400100084,2020년 4월 14일 08시,화요일,부산광역시 금정구 두구동,경상사고,0,0,1,0,차대사람 - 횡단중,안전운전불이행,건조,맑음,단일로 - 기타,승용,남,37세,상해없음,보행자,여,84세,경상
노인사고,2020041400100203,2020년 4월 14일 12시,화요일,부산광역시 부산진구 당감동,중상사고,0,1,0,0,차대사람 - 기타,안전운전불이행,건조,맑음,단일로 - 기타,승용,여,43세,상해없음,보행자,여,76세,중상
노인사고,2020041400100205,2020년 4월 14일 12시,화요일,부산광역시 금정구 청룡동,중상사고,0,1,0,0,차대차 - 기타,안전운전불이행,건조,맑음,단일로 - 기타,원동기,남,50세,상해없음,승합,남,59세,상해없음
노인사고,2.02004E+15,2020년 4월 14일 15시,화요일,부산광역시 중구 남포동2가,경상사고,0,0,1,0,차대차 - 기타,차로위반,건조,맑음,단일로 - 기타,승용,여,33세,상해없음,승합,남,59세,상해없음
노인사고,2020041400100303,2020년 4월 14일 15시,화요일,부산광역시 사상구 감전동,경상사고,0,0,1,0,차대사람 - 차도통행중,안전운전불이행,건조,맑음,단일로 - 기타,승용,남,51세,상해없음,보행자,여,68세,경상
노인사고,2020041500100021,2020년 4월 15일 01시,수요일,부산광역시 동래구 안락동,경상사고,0,0,1,0,차대차 - 측면충돌,신호위반,건조,맑음,교차로 - 교차로횡단보도내,이륜,남,23세,상해없음,승용,남,78세,경상
노인사고,2020041500100078,2020년 4월 15일 07시,수요일,부산광역시 동래구 안락동,중상사고,0,1,0,0,차대사람 - 횡단중,안전운전불이행,건조,맑음,교차로 - 교차로안,화물,남,43세,상해없음,보행자,여,69세,중상
노인사고,2020041500100079,2020년 4월 15일 07시,수요일,부산광역시 기장군 기장읍,경상사고,0,0,1,0,차대차 - 기타,안전운전불이행,건조,맑음,교차로 - 교차로안,특수,남,39세,상해없음,자전거,남,69세,경상
노인사고,2020041500100266,2020년 4월 15일 15시,수요일,부산광역시 동래구 안락동,경상사고,0,0,1,0,차대사람 - 차도통행중,안전운전불이행,건조,흐림,교차로 - 교차로안,화물,남,57세,상해없음,보행자,여,70세,경상
노인사고,2020041600100146,2020년 4월 16일 11시,목요일,부산광역시 부산진구 양정동,경상사고,0,0,1,0,차대차 - 측면충돌,안전운전불이행,건조,맑음,단일로 - 기타,이륜,남,66세,경상,승용,남,38세,상해없음
노인사고,2020041700100034,2020년 4월 17일 04시,금요일,부산광역시 부산진구 부전동,경상사고,0,0,1,0,차대차 - 측면충돌,신호위반,건조,맑음,교차로 - 교차로안,승용,남,28세,기타불명,승용,남,72세,경상
노인사고,2020041700100105,2020년 4월 17일 09시,금요일,부산광역시 해운대구 우동,경상사고,0,0,1,0,차대차 - 기타,신호위반,젖음/습기,비,교차로 - 교차로안,승용,여,51세,상해없음,승용,남,66세,경상
노인사고,2020041700100121,2020년 4월 17일 10시,금요일,부산광역시 동구 수정동,경상사고,0,0,2,0,차대차 - 추돌,신호위반,건조,맑음,교차로 - 교차로안,승용,남,40세,상해없음,승용,남,73세,경상
노인사고,2020041700100245,2020년 4월 17일 14시,금요일,부산광역시 북구 구포동,부상신고사고,0,0,0,1,차대사람 - 기타,안전운전불이행,젖음/습기,비,단일로 - 기타,개인형이동수단(PM),여,57세,상해없음,보행자,남,78세,부상신고
노인사고,2020041700100246,2020년 4월 17일 14시,금요일,부산광역시 동래구 안락동,중상사고,0,1,1,0,차대차 - 기타,안전운전불이행,건조,맑음,교차로 - 교차로안,화물,남,39세,경상,화물,남,72세,중상
노인사고,2020041700100247,2020년 4월 17일 14시,금요일,부산광역시 사상구 감전동,중상사고,0,2,2,0,차대차 - 정면충돌,중앙선침범,젖음/습기,비,단일로 - 기타,승용,남,72세,경상,승용,여,54세,중상
노인사고,2020041700100309,2020년 4월 17일 16시,금요일,부산광역시 해운대구 재송동,중상사고,0,1,0,0,차대사람 - 횡단중,신호위반,젖음/습기,비,단일로 - 기타,승용,여,25세,상해없음,보행자,여,68세,중상
노인사고,2020041700100535,2020년 4월 17일 23시,금요일,부산광역시 금정구 구서동,경상사고,0,0,1,1,차대차 - 측면충돌,안전운전불이행,건조,맑음,교차로 - 교차로안,승용,남,40세,상해없음,승용,남,65세,경상
노인사고,2020041800100139,2020년 4월 18일 10시,토요일,부산광역시 북구 만덕동,중상사고,0,1,0,0,차대사람 - 기타,안전운전불이행,건조,맑음,기타 - 기타,승용,남,55세,상해없음,보행자,남,83세,중상
노인사고,2020041800100307,2020년 4월 18일 15시,토요일,부산광역시 북구 구포동,중상사고,0,1,0,0,차대차 - 기타,기타,건조,맑음,단일로 - 기타,승용,남,36세,상해없음,자전거,남,70세,중상
노인사고,2020041800100309,2020년 4월 18일 15시,토요일,부산광역시 금정구 회동동,부상신고사고,0,0,0,1,차대차 - 기타,교차로운행방법위반,건조,맑음,교차로 - 교차로안,특수,남,60세,상해없음,자전거,남,73세,부상신고
노인사고,2020041800100345,2020년 4월 18일 16시,토요일,부산광역시 사상구 감전동,중상사고,0,1,0,0,차대차 - 측면충돌,안전거리미확보,건조,맑음,단일로 - 기타,이륜,남,76세,중상,건설기계,남,51세,상해없음
노인사고,2.02004E+15,2020년 4월 19일 14시,일요일,부산광역시 동구 수정동,중상사고,0,1,0,0,차대차 - 기타,안전운전불이행,젖음/습기,비,교차로 - 교차로부근,화물,남,26세,상해없음,이륜,여,71세,중상
노인사고,2020041900100261,2020년 4월 19일 18시,일요일,부산광역시 남구 문현동,경상사고,0,0,3,0,차대차 - 측면충돌,안전거리미확보,젖음/습기,비,단일로 - 기타,화물,남,72세,경상,화물,남,60세,경상
노인사고,2020042000100159,2020년 4월 20일 11시,월요일,부산광역시 영도구 영선동2가,경상사고,0,0,1,0,차대사람 - 기타,안전운전불이행,건조,맑음,단일로 - 기타,승용,남,55세,상해없음,보행자,남,77세,경상
노인사고,2.02004E+15,2020년 4월 20일 12시,월요일,부산광역시 남구 대연동,경상사고,0,0,3,0,차대차 - 기타,안전거리미확보,건조,맑음,단일로 - 기타,원동기,남,33세,경상,원동기,남,47세,경상
노인사고,2020042000100192,2020년 4월 20일 12시,월요일,부산광역시 동래구 온천동,경상사고,0,0,4,0,차대차 - 기타,안전운전불이행,건조,맑음,단일로 - 기타,건설기계,남,49세,상해없음,승용,남,71세,경상
노인사고,2020042000100329,2020년 4월 20일 16시,월요일,부산광역시 북구 덕천동,경상사고,0,0,1,0,차대차 - 기타,안전운전불이행,건조,맑음,단일로 - 기타,승용,남,34세,상해없음,자전거,남,65세,경상
노인사고,2020042000100331,2020년 4월 20일 16시,월요일,부산광역시 금정구 부곡동,중상사고,0,1,0,0,차량단독 - 기타,안전운전불이행,건조,맑음,단일로 - 기타,승합,남,41세,상해없음,,,,
노인사고,2020042100100038,2020년 4월 21일 06시,화요일,부산광역시 남구 대연동,경상사고,0,0,1,0,차대차 - 기타,중앙선침범,건조,맑음,단일로 - 기타,승용,남,39세,상해없음,승용,남,73세,경상
노인사고,2020042100100049,2020년 4월 21일 07시,화요일,부산광역시 강서구 미음동,중상사고,0,2,13,0,차대차 - 기타,신호위반,건조,맑음,교차로 - 교차로안,화물,남,66세,상해없음,승합,남,34세,경상
노인사고,2020042100100076,2020년 4월 21일 08시,화요일,부산광역시 연제구 거제동,중상사고,0,1,1,0,차대차 - 측면충돌,신호위반,건조,맑음,단일로 - 기타,승용,남,27세,상해없음,승합,남,60세,상해없음
노인사고,2020042100100158,2020년 4월 21일 11시,화요일,부산광역시 동래구 온천동,경상사고,0,0,1,0,차대차 - 기타,안전운전불이행,건조,맑음,교차로 - 교차로안,자전거,여,68세,경상,화물,남,33세,상해없음
노인사고,2020042100100215,2020년 4월 21일 13시,화요일,부산광역시 해운대구 중동,중상사고,0,1,1,0,차대차 - 기타,교차로운행방법위반,건조,맑음,교차로 - 교차로안,승용,여,65세,상해없음,이륜,남,73세,경상
노인사고,2020042100100249,2020년 4월 21일 14시,화요일,부산광역시 기장군 정관읍,경상사고,0,0,1,0,차대사람 - 기타,안전운전불이행,건조,맑음,기타 - 기타,자전거,남,9세,상해없음,보행자,여,72세,경상
노인사고,2.02004E+15,2020년 4월 21일 16시,화요일,부산광역시 동구 초량동,중상사고,0,1,0,0,차대차 - 추돌,안전운전불이행,건조,맑음,단일로 - 기타,화물,남,71세,상해없음,승용,남,67세,중상
노인사고,2020042100100321,2020년 4월 21일 16시,화요일,부산광역시 동래구 온천동,경상사고,0,0,1,0,차대차 - 측면충돌,교차로운행방법위반,건조,맑음,교차로 - 교차로안,승용,남,33세,상해없음,승용,남,65세,경상
노인사고,2020042100100345,2020년 4월 21일 17시,화요일,부산광역시 서구 충무동1가,경상사고,0,0,2,0,차대차 - 측면충돌,신호위반,건조,맑음,교차로 - 교차로부근,화물,남,69세,경상,승용,여,26세,경상
노인사고,2020042100100396,2020년 4월 21일 18시,화요일,부산광역시 부산진구 전포동,경상사고,0,0,2,0,차대차 - 측면충돌,직진우회전진행방해,건조,맑음,교차로 - 교차로안,화물,남,58세,기타불명,승용,남,61세,경상
노인사고,2020042100100531,2020년 4월 21일 23시,화요일,부산광역시 북구 구포동,중상사고,0,1,1,0,차대차 - 기타,안전운전불이행,건조,맑음,교차로 - 교차로부근,승용,남,31세,상해없음,승용,남,67세,중상
노인사고,2020042200100093,2020년 4월 22일 08시,수요일,부산광역시 연제구 거제동,경상사고,0,0,1,0,차대차 - 기타,기타,건조,맑음,단일로 - 기타,승용,남,61세,상해없음,자전거,여,69세,경상
노인사고,2020042200100122,2020년 4월 22일 09시,수요일,부산광역시 연제구 연산동,경상사고,0,0,1,0,차대차 - 측면충돌,신호위반,건조,맑음,교차로 - 교차로안,승용,남,71세,상해없음,이륜,남,72세,경상
노인사고,2020042200100174,2020년 4월 22일 11시,수요일,부산광역시 동구 초량동,경상사고,0,0,1,0,차대사람 - 기타,안전운전불이행,건조,맑음,단일로 - 기타,승용,남,74세,상해없음,보행자,남,70세,경상
노인사고,2020042200100211,2020년 4월 22일 12시,수요일,부산광역시 영도구 영선동1가,사망사고,1,0,0,0,차대사람 - 횡단중,안전운전불이행,건조,맑음,교차로 - 교차로부근,승용,여,48세,상해없음,보행자,여,66세,사망
노인사고,2.02004E+15,2020년 4월 22일 15시,수요일,부산광역시 중구 중앙동2가,경상사고,0,0,1,0,차대차 - 기타,안전거리미확보,건조,맑음,교차로 - 교차로부근,승용,남,31세,상해없음,승용,남,65세,경상
노인사고,2020042200100291,2020년 4월 22일 15시,수요일,부산광역시 동구 수정동,경상사고,0,0,1,0,차대사람 - 횡단중,안전운전불이행,건조,맑음,단일로 - 기타,승용,남,62세,상해없음,보행자,여,70세,경상
노인사고,2020042200100292,2020년 4월 22일 15시,수요일,부산광역시 남구 대연동,경상사고,0,0,3,0,차대차 - 측면충돌,안전운전불이행,건조,맑음,단일로 - 기타,승용,남,69세,상해없음,승용,남,64세,경상
노인사고,2020042200100325,2020년 4월 22일 16시,수요일,부산광역시 남구 대연동,중상사고,0,1,4,0,차량단독 - 기타,안전운전불이행,건조,맑음,단일로 - 기타,승합,남,41세,상해없음,,,,
노인사고,2020042200100435,2020년 4월 22일 19시,수요일,부산광역시 중구 남포동4가,중상사고,0,1,1,0,차대차 - 측면충돌,차로위반,건조,맑음,단일로 - 기타,승용,남,73세,상해없음,승합,남,59세,상해없음
노인사고,2020042300100054,2020년 4월 23일 06시,목요일,부산광역시 사하구 괴정동,중상사고,0,1,0,0,차대사람 - 기타,안전운전불이행,건조,맑음,단일로 - 지하차도(도로)내,승용,남,32세,상해없음,보행자,남,69세,중상
노인사고,2020042300100182,2020년 4월 23일 11시,목요일,부산광역시 기장군 기장읍,경상사고,0,0,1,0,차대차 - 측면충돌,안전운전불이행,건조,맑음,단일로 - 기타,승용,남,85세,상해없음,이륜,남,71세,경상
노인사고,2020042300100204,2020년 4월 23일 12시,목요일,부산광역시 서구 아미동1가,경상사고,0,0,1,0,차대차 - 측면충돌,안전거리미확보,건조,맑음,단일로 - 기타,승용,남,75세,상해없음,승용,남,66세,경상
노인사고,2020042300100207,2020년 4월 23일 12시,목요일,부산광역시 사상구 학장동,부상신고사고,0,0,0,1,차대차 - 기타,안전운전불이행,건조,맑음,교차로 - 교차로안,원동기,남,65세,부상신고,화물,남,45세,상해없음
노인사고,2020042300100208,2020년 4월 23일 12시,목요일,부산광역시 기장군 장안읍,중상사고,0,1,0,0,차대사람 - 횡단중,안전운전불이행,건조,맑음,단일로 - 기타,승용,여,63세,상해없음,보행자,여,84세,중상