사고부문,사고번호,사고일시,요일,시군구,사고내용,사망자수,중상자수,경상자수,부상신고자수,사고유형,법규위반,노면상태,기상상태,도로형태,가해운전자 차종,가해운전자 성별,가해운전자 연령,가해운전자 상해정도,피해운전자 차종,피해운전자 성별,피해운전자 연령,피해운전자 상해정도
노인사고,2020042300100312,2020년 4월 23일 16시,목요일,부산광역시 금정구 남산동,중상사고,0,1,0,0,차대사람 - 기타,안전운전불이행,건조,맑음,단일로 - 기타,승용,남,63세,상해없음,보행자,여,83세,중상
노인사고,2020042300100475,2020년 4월 23일 20시,목요일,부산광역시 강서구 명지동,중상사고,0,1,0,0,차량단독 - 전도전복 - 전복,안전운전불이행,건조,맑음,단일로 - 기타,승용,남,65세,상해없음,,,,
노인사고,2020042400100126,2020년 4월 24일 09시,금요일,부산광역시 북구 덕천동,경상사고,0,0,1,0,차대차 - 측면충돌,안전운전불이행,건조,맑음,단일로 - 지하차도(도로)내,자전거,남,68세,상해없음,자전거,남,72세,경상
노인사고,2020042400100235,2020년 4월 24일 12시,금요일,부산광역시 부산진구 부전동,부상신고사고,0,0,0,1,차대차 - 기타,불법유턴,건조,맑음,단일로 - 기타,자전거,남,76세,부상신고,이륜,남,26세,상해없음
노인사고,2020042400100262,2020년 4월 24일 13시,금요일,부산광역시 부산진구 부전동,경상사고,0,0,1,0,차대사람 - 기타,안전운전불이행,건조,맑음,단일로 - 기타,화물,남,64세,상해없음,보행자,남,73세,경상
노인사고,2020042400100427,2020년 4월 24일 17시,금요일,부산광역시 중구 영주동,중상사고,0,2,0,0,차대사람 - 기타,안전운전불이행,건조,맑음,단일로 - 기타,승합,남,57세,상해없음,보행자,여,68세,중상
노인사고,2020042400100428,2020년 4월 24일 17시,금요일,부산광역시 강서구 대저1동,경상사고,0,0,1,0,차대차 - 측면충돌,신호위반,건조,맑음,교차로 - 교차로안,건설기계,남,60세,상해없음,승용,남,73세,경상
노인사고,2020042400100608,2020년 4월 24일 22시,금요일,부산광역시 서구 충무동3가,중상사고,0,1,0,0,차대사람 - 기타,안전운전불이행,건조,맑음,단일로 - 기타,승용,남,28세,상해없음,보행자,여,69세,중상
노인사고,2020042500100102,2020년 4월 25일 08시,토요일,부산광역시 북구 구포동,경상사고,0,0,1,0,차량단독 - 기타,안전운전불이행,기타,맑음,단일로 - 기타,이륜,남,75세,경상,,,,
노인사고,2020042500100103,2020년 4월 25일 08시,토요일,부산광역시 강서구 명지동,사망사고,1,2,0,0,차대차 - 측면충돌,신호위반,건조,맑음,교차로 - 교차로안,승용,남,70세,중상,승합,남,54세,상해없음
노인사고,2020042500100159,2020년 4월 25일 10시,토요일,부산광역시 부산진구 부암동,경상사고,0,0,1,0,차대사람 - 횡단중,보행자보호의무위반,건조,맑음,기타 - 기타,승용,남,52세,상해없음,보행자,남,75세,경상
노인사고,2020042500100256,2020년 4월 25일 13시,토요일,부산광역시 금정구 회동동,경상사고,0,0,2,0,차대차 - 기타,차로위반,건조,맑음,단일로 - 기타,건설기계,남,48세,상해없음,승용,여,18세,경상
노인사고,2020042500100431,2020년 4월 25일 18시,토요일,부산광역시 부산진구 부전동,중상사고,0,1,0,0,차대사람 - 횡단중,안전운전불이행,건조,맑음,단일로 - 기타,승용,남,52세,기타불명,보행자,남,73세,중상
노인사고,2020042600100003,2020년 4월 26일 00시,일요일,부산광역시 해운대구 송정동,중상사고,0,2,0,0,차대사람 - 기타,불법유턴,건조,맑음,교차로 - 교차로부근,승용,남,62세,상해없음,보행자,남,69세,중상
노인사고,2020042600100048,2020년 4월 26일 03시,일요일,부산광역시 동래구 온천동,경상사고,0,0,3,0,차대차 - 기타,중앙선침범,건조,맑음,단일로 - 기타,승합,남,46세,상해없음,승용,남,66세,경상
노인사고,2020042600100165,2020년 4월 26일 12시,일요일,부산광역시 사상구 모라동,경상사고,0,0,1,0,차량단독 - 기타,안전운전불이행,건조,맑음,단일로 - 기타,승합,남,61세,상해없음,,,,
노인사고,2020042600100185,2020년 4월 26일 13시,일요일,부산광역시 금정구 회동동,부상신고사고,0,0,0,1,차량단독 - 기타,안전운전불이행,건조,맑음,단일로 - 기타,화물,남,76세,부상신고,,,,
노인사고,2020042600100208,2020년 4월 26일 14시,일요일,부산광역시 사하구 다대동,경상사고,0,0,3,1,차대차 - 측면충돌,안전거리미확보,건조,맑음,교차로 - 교차로부근,승용,남,72세,부상신고,승용,남,38세,경상
노인사고,2.02004E+15,2020년 4월 27일 05시,월요일,부산광역시 북구 덕천동,경상사고,0,0,2,0,차대차 - 기타,신호위반,건조,맑음,단일로 - 기타,화물,남,52세,상해없음,승용,남,68세,경상
노인사고,2020042700100082,2020년 4월 27일 08시,월요일,부산광역시 부산진구 범천동,중상사고,0,1,0,0,차대차 - 기타,안전거리미확보,건조,맑음,교차로 - 교차로안,화물,남,46세,상해없음,승용,남,69세,중상
노인사고,2020042700100249,2020년 4월 27일 13시,월요일,부산광역시 부산진구 개금동,중상사고,0,1,1,0,차대차 - 추돌,안전운전불이행,건조,맑음,단일로 - 교량,승용,남,26세,상해없음,화물,남,67세,경상
노인사고,2.02004E+15,2020년 4월 27일 13시,월요일,부산광역시 사하구 괴정동,중상사고,0,1,0,0,차대사람 - 기타,안전운전불이행,건조,맑음,교차로 - 교차로안,승용,남,38세,상해없음,보행자,남,80세,중상
노인사고,2020042700100286,2020년 4월 27일 14시,월요일,부산광역시 서구 동대신동1가,경상사고,0,0,1,0,차대차 - 측면충돌,안전운전불이행,건조,맑음,단일로 - 기타,원동기,남,84세,경상,승용,남,54세,상해없음
노인사고,2020042700100287,2020년 4월 27일 14시,월요일,부산광역시 남구 대연동,중상사고,0,1,0,0,차대차 - 추돌,안전운전불이행,건조,맑음,교차로 - 교차로안,승용,남,59세,상해없음,승용,여,66세,중상
노인사고,2020042700100322,2020년 4월 27일 15시,월요일,부산광역시 사상구 모라동,중상사고,0,1,1,0,차대차 - 측면충돌,교차로운행방법위반,건조,맑음,교차로 - 교차로안,화물,남,55세,상해없음,승용,남,67세,경상
노인사고,2020042700100534,2020년 4월 27일 20시,월요일,부산광역시 해운대구 재송동,중상사고,0,1,0,0,차대차 - 기타,안전운전불이행,건조,맑음,기타 - 기타,승용,남,38세,상해없음,승용,남,42세,기타불명
노인사고,2020042700100609,2020년 4월 27일 23시,월요일,부산광역시 동래구 안락동,경상사고,0,0,2,0,차대차 - 기타,신호위반,건조,맑음,교차로 - 교차로안,승용,여,19세,상해없음,승용,남,74세,경상
노인사고,2.02004E+15,2020년 4월 28일 08시,화요일,부산광역시 서구 암남동,중상사고,0,1,0,0,차대사람 - 기타,안전운전불이행,건조,맑음,단일로 - 기타,화물,남,66세,상해없음,보행자,여,72세,중상
노인사고,2020042800100092,2020년 4월 28일 08시,화요일,부산광역시 동래구 사직동,중상사고,0,1,0,0,차대사람 - 기타,안전운전불이행,건조,맑음,교차로 - 교차로안,승용,여,49세,상해없음,보행자,여,73세,중상
노인사고,2020042800100128,2020년 4월 28일 09시,화요일,부산광역시 영도구 영선동2가,경상사고,0,0,3,0,차대차 - 기타,교차로운행방법위반,건조,맑음,교차로 - 교차로안,승용,남,64세,상해없음,승용,남,74세,경상
노인사고,2020042900100003,2020년 4월 29일 00시,수요일,부산광역시 수영구 민락동,경상사고,0,0,2,0,차대차 - 측면충돌,안전운전불이행,건조,맑음,단일로 - 기타,승용,남,65세,경상,승용,여,27세,경상
노인사고,2020042900100037,2020년 4월 29일 04시,수요일,부산광역시 중구 중앙동5가,경상사고,0,0,3,0,차대차 - 정면충돌,신호위반,건조,맑음,교차로 - 교차로안,승용,남,68세,상해없음,승용,남,59세,경상
노인사고,2020042900100109,2020년 4월 29일 09시,수요일,부산광역시 해운대구 반송동,사망사고,1,0,0,0,차대사람 - 횡단중,안전운전불이행,건조,맑음,교차로 - 교차로안,승용,남,69세,기타불명,보행자,여,70세,사망
노인사고,2020042900100142,2020년 4월 29일 10시,수요일,부산광역시 동구 초량동,경상사고,0,0,1,0,차대사람 - 길가장자리구역통행중,안전운전불이행,건조,맑음,단일로 - 기타,승용,남,65세,상해없음,보행자,남,73세,경상
노인사고,2020042900100178,2020년 4월 29일 11시,수요일,부산광역시 부산진구 부전동,경상사고,0,0,1,0,차대차 - 측면충돌,교차로운행방법위반,건조,맑음,교차로 - 교차로부근,화물,남,63세,상해없음,승용,남,72세,경상
노인사고,2020042900100325,2020년 4월 29일 15시,수요일,부산광역시 사상구 괘법동,부상신고사고,0,0,0,1,차대차 - 기타,교차로운행방법위반,건조,맑음,교차로 - 교차로안,이륜,남,72세,부상신고,승용,남,58세,상해없음
노인사고,2020042900100369,2020년 4월 29일 16시,수요일,부산광역시 동래구 명장동,경상사고,0,0,1,0,차대사람 - 보도통행중,기타,건조,맑음,단일로 - 기타,화물,남,45세,상해없음,보행자,남,65세,경상
노인사고,2020042900100415,2020년 4월 29일 17시,수요일,부산광역시 사상구 괘법동,경상사고,0,0,1,0,차대사람 - 기타,안전운전불이행,건조,맑음,기타 - 기타,승용,남,28세,상해없음,보행자,여,69세,경상
노인사고,2020043000100018,2020년 4월 30일 01시,목요일,부산광역시 수영구 광안동,경상사고,0,0,2,0,차대차 - 측면충돌,교차로운행방법위반,건조,맑음,교차로 - 교차로안,승용,남,60세,상해없음,승용,남,66세,경상
노인사고,2020043000100085,2020년 4월 30일 06시,목요일,부산광역시 남구 용호동,중상사고,0,1,0,0,차대사람 - 보도통행중,보행자보호의무위반,건조,맑음,단일로 - 기타,승용,남,44세,상해없음,보행자,여,66세,중상
노인사고,2020043000100086,2020년 4월 30일 06시,목요일,부산광역시 남구 대연동,경상사고,0,0,1,0,차대사람 - 횡단중,안전운전불이행,건조,맑음,단일로 - 기타,승용,남,22세,상해없음,보행자,남,83세,경상
노인사고,2020043000100148,2020년 4월 30일 10시,목요일,부산광역시 동구 좌천동,경상사고,0,0,1,0,차대차 - 측면충돌,신호위반,건조,맑음,단일로 - 교량,승용,남,42세,상해없음,자전거,남,75세,경상
노인사고,2020043000100149,2020년 4월 30일 10시,목요일,부산광역시 동구 초량동,중상사고,0,1,0,0,차대사람 - 횡단중,보행자보호의무위반,건조,맑음,교차로 - 교차로안,화물,남,53세,상해없음,보행자,여,70세,중상
노인사고,2020043000100174,2020년 4월 30일 11시,목요일,부산광역시 금정구 회동동,중상사고,0,1,1,0,차대차 - 정면충돌,중앙선침범,건조,맑음,교차로 - 교차로부근,화물,남,58세,경상,승합,남,67세,중상
노인사고,2.02004E+15,2020년 4월 30일 12시,목요일,부산광역시 강서구 녹산동,경상사고,0,0,1,0,차대차 - 기타,안전운전불이행,건조,맑음,단일로 - 기타,승용,남,74세,경상,화물,남,32세,상해없음
노인사고,2020043000100254,2020년 4월 30일 13시,목요일,부산광역시 동구 초량동,경상사고,0,0,1,0,차대사람 - 횡단중,신호위반,건조,맑음,교차로 - 교차로횡단보도내,화물,남,35세,상해없음,보행자,남,78세,경상
노인사고,2020043000100255,2020년 4월 30일 13시,목요일,부산광역시 동래구 수안동,경상사고,0,0,1,0,차대사람 - 횡단중,보행자보호의무위반,건조,맑음,단일로 - 기타,화물,남,56세,상해없음,보행자,여,67세,경상
노인사고,2020043000100342,2020년 4월 30일 15시,목요일,부산광역시 부산진구 부전동,경상사고,0,0,1,0,차대차 - 기타,안전거리미확보,건조,맑음,단일로 - 기타,승용,남,62세,상해없음,승용,여,35세,상해없음
노인사고,2020043000100488,2020년 4월 30일 19시,목요일,부산광역시 남구 대연동,경상사고,0,0,4,0,차대차 - 측면충돌,신호위반,건조,맑음,교차로 - 교차로안,이륜,남,74세,경상,승용,남,52세,경상
노인사고,2020050100100005,2020년 5월 1일 00시,금요일,부산광역시 수영구 남천동,경상사고,0,0,2,0,차대차 - 기타,안전운전불이행,건조,맑음,단일로 - 기타,이륜,남,21세,경상,승용,남,65세,경상
노인사고,2020050100100086,2020년 5월 1일 09시,금요일,부산광역시 북구 화명동,중상사고,0,1,0,0,차대차 - 측면충돌,신호위반,건조,맑음,교차로 - 교차로안,승용,여,36세,상해없음,원동기,남,73세,중상
노인사고,2020050100100118,2020년 5월 1일 10시,금요일,부산광역시 남구 용호동,중상사고,0,1,0,0,차대사람 - 기타,안전운전불이행,건조,맑음,교차로 - 교차로안,승용,남,46세,상해없음,보행자,여,72세,중상
노인사고,2020050100100121,2020년 5월 1일 10시,금요일,부산광역시 사상구 삼락동,경상사고,0,0,1,1,차대차 - 추돌,안전운전불이행,건조,맑음,단일로 - 기타,승용,남,60세,상해없음,승용,남,69세,경상
노인사고,2020050100100184,2020년 5월 1일 12시,금요일,부산광역시 수영구 망미동,중상사고,0,1,0,0,차대사람 - 횡단중,보행자보호의무위반,건조,맑음,교차로 - 교차로횡단보도내,승용,남,25세,상해없음,보행자,여,70세,중상
노인사고,2020050100100186,2020년 5월 1일 12시,금요일,부산광역시 사상구 괘법동,중상사고,0,1,0,0,차대사람 - 기타,안전운전불이행,건조,맑음,단일로 - 기타,승용,남,36세,상해없음,보행자,여,65세,중상
노인사고,2020050100100346,2020년 5월 1일 16시,금요일,부산광역시 남구 용호동,중상사고,0,1,0,0,차대차 - 추돌,신호위반,건조,맑음,교차로 - 교차로부근,승용,여,51세,상해없음,자전거,여,75세,중상
노인사고,2020050100100391,2020년 5월 1일 17시,금요일,부산광역시 동래구 명장동,중상사고,0,1,0,0,차대사람 - 횡단중,보행자보호의무위반,건조,맑음,교차로 - 교차로안,화물,남,66세,상해없음,보행자,여,75세,중상
노인사고,2020050200100157,2020년 5월 2일 11시,토요일,부산광역시 북구 화명동,부상신고사고,0,0,0,1,차대차 - 기타,안전거리미확보,건조,맑음,단일로 - 기타,승용,남,36세,상해없음,이륜,남,77세,부상신고
노인사고,2020050200100199,2020년 5월 2일 12시,토요일,부산광역시 기장군 철마면,중상사고,0,1,0,0,차대차 - 측면충돌,교차로운행방법위반,건조,맑음,교차로 - 교차로안,승용,남,45세,상해없음,이륜,남,65세,중상
노인사고,2020050200100233,2020년 5월 2일 13시,토요일,부산광역시 강서구 생곡동,중상사고,0,1,2,0,차대차 - 측면충돌,안전거리미확보,건조,맑음,교차로 - 교차로부근,건설기계,여,51세,상해없음,승합,남,70세,상해없음
노인사고,2020050200100348,2020년 5월 2일 16시,토요일,부산광역시 동래구 안락동,경상사고,0,0,1,0,차대차 - 기타,안전운전불이행,건조,맑음,단일로 - 기타,화물,남,62세,상해없음,자전거,남,66세,경상
노인사고,2020050200100375,2020년 5월 2일 17시,토요일,부산광역시 동구 초량동,경상사고,0,0,6,0,차대차 - 측면충돌,안전운전불이행,건조,맑음,단일로 - 기타,이륜,남,42세,상해없음,승용,남,35세,경상
노인사고,2020050200100439,2020년 5월 2일 19시,토요일,부산광역시 서구 암남동,경상사고,0,0,1,0,차대사람 - 기타,안전운전불이행,건조,맑음,단일로 - 기타,화물,남,35세,상해없음,보행자,여,80세,경상
노인사고,2020050300100111,2020년 5월 3일 10시,일요일,부산광역시 금정구 구서동,경상사고,0,0,5,1,차대차 - 측면충돌,교차로운행방법위반,건조,맑음,교차로 - 교차로안,승용,남,42세,경상,승용,남,44세,부상신고
노인사고,2020050300100112,2020년 5월 3일 10시,일요일,부산광역시 사상구 학장동,경상사고,0,0,2,0,차대차 - 추돌,안전운전불이행,건조,맑음,단일로 - 기타,승용,남,59세,상해없음,승용,남,69세,경상
노인사고,2020050300100299,2020년 5월 3일 18시,일요일,부산광역시 부산진구 가야동,경상사고,0,0,2,0,차대차 - 추돌,안전거리미확보,건조,흐림,교차로 - 교차로부근,승용,여,38세,상해없음,이륜,남,45세,경상
노인사고,2020050400100134,2020년 5월 4일 10시,월요일,부산광역시 중구 남포동6가,중상사고,0,1,0,0,차대사람 - 횡단중,안전운전불이행,건조,맑음,단일로 - 기타,화물,남,61세,상해없음,보행자,남,65세,중상
노인사고,2020050400100242,2020년 5월 4일 13시,월요일,부산광역시 남구 문현동,경상사고,0,0,1,0,차대차 - 기타,안전운전불이행,건조,맑음,단일로 - 기타,화물,남,24세,상해없음,이륜,남,67세,경상
노인사고,2020050400100245,2020년 5월 4일 13시,월요일,부산광역시 연제구 연산동,중상사고,0,3,2,0,차대차 - 정면충돌,과속,건조,맑음,교차로 - 교차로안,승용,여,56세,기타불명,승용,남,72세,중상
노인사고,2020050400100431,2020년 5월 4일 17시,월요일,부산광역시 연제구 거제동,경상사고,0,0,1,0,차대사람 - 차도통행중,신호위반,건조,맑음,교차로 - 교차로안,승용,여,57세,상해없음,보행자,여,78세,경상
노인사고,2020050400100432,2020년 5월 4일 17시,월요일,부산광역시 강서구 송정동,경상사고,0,0,2,0,차대차 - 측면충돌,안전운전불이행,건조,맑음,교차로 - 교차로안,승용,남,38세,상해없음,화물,남,54세,경상
노인사고,2020050500100078,2020년 5월 5일 08시,화요일,부산광역시 남구 용호동,중상사고,0,1,0,0,차대차 - 추돌,직진우회전진행방해,건조,맑음,교차로 - 교차로안,승용,남,57세,상해없음,화물,남,68세,중상
노인사고,2020050500100144,2020년 5월 5일 12시,화요일,부산광역시 영도구 청학동,중상사고,0,2,0,0,차대사람 - 기타,안전운전불이행,건조,맑음,단일로 - 기타,승용,여,40세,상해없음,보행자,여,47세,중상
노인사고,2020050500100188,2020년 5월 5일 14시,화요일,부산광역시 북구 구포동,중상사고,0,2,0,0,차량단독 - 기타,신호위반,건조,맑음,단일로 - 기타,승합,남,51세,상해없음,,,,
노인사고,2.02005E+15,2020년 5월 5일 14시,화요일,부산광역시 영도구 대교동2가,경상사고,0,0,1,0,차대차 - 추돌,안전운전불이행,건조,맑음,단일로 - 기타,승용,남,68세,상해없음,승용,남,66세,경상
노인사고,2020050500100311,2020년 5월 5일 18시,화요일,부산광역시 부산진구 부전동,중상사고,0,1,1,0,차대차 - 기타,안전운전불이행,건조,맑음,기타 - 기타,원동기,여,24세,경상,자전거,남,73세,중상
노인사고,2020050500100365,2020년 5월 5일 20시,화요일,부산광역시 부산진구 부전동,중상사고,0,1,4,0,차대차 - 측면충돌,안전거리미확보,건조,맑음,교차로 - 교차로안,승용,남,53세,경상,승용,여,60세,경상
노인사고,2020050600100116,2020년 5월 6일 09시,수요일,부산광역시 북구 만덕동,중상사고,0,1,0,0,차대차 - 측면충돌,안전거리미확보,건조,맑음,단일로 - 기타,원동기,남,80세,중상,승용,여,36세,상해없음
노인사고,2020050600100149,2020년 5월 6일 10시,수요일,부산광역시 남구 용호동,부상신고사고,0,0,0,1,차대사람 - 차도통행중,안전운전불이행,건조,맑음,단일로 - 기타,승용,여,67세,상해없음,보행자,남,86세,부상신고
노인사고,2020050600100152,2020년 5월 6일 10시,수요일,부산광역시 기장군 기장읍,경상사고,0,0,1,0,차대사람 - 횡단중,보행자보호의무위반,건조,맑음,교차로 - 교차로횡단보도내,승용,여,53세,상해없음,보행자,남,78세,경상
노인사고,2020050600100182,2020년 5월 6일 11시,수요일,부산광역시 동래구 복천동,중상사고,0,1,0,0,차대사람 - 차도통행중,안전운전불이행,건조,맑음,단일로 - 기타,승용,여,70세,상해없음,보행자,여,85세,중상
노인사고,2020050600100183,2020년 5월 6일 11시,수요일,부산광역시 동래구 안락동,중상사고,0,1,0,0,차대사람 - 횡단중,보행자보호의무위반,건조,맑음,교차로 - 교차로부근,화물,남,38세,상해없음,보행자,여,70세,중상
노인사고,2020050600100184,2020년 5월 6일 11시,수요일,부산광역시 동래구 온천동,중상사고,0,1,0,0,차대사람 - 차도통행중,안전운전불이행,건조,맑음,단일로 - 기타,승용,여,58세,상해없음,보행자,여,72세,중상
노인사고,2020050600100265,2020년 5월 6일 13시,수요일,부산광역시 부산진구 초읍동,경상사고,0,0,1,0,차대사람 - 보도통행중,기타,건조,맑음,기타 - 기타,화물,남,37세,상해없음,보행자,남,84세,경상
노인사고,2020050600100345,2020년 5월 6일 15시,수요일,부산광역시 영도구 동삼동,중상사고,0,1,0,0,차대사람 - 기타,안전운전불이행,건조,맑음,단일로 - 기타,이륜,남,37세,상해없음,보행자,여,77세,중상
노인사고,2020050600100393,2020년 5월 6일 16시,수요일,부산광역시 부산진구 개금동,경상사고,0,0,1,0,차대차 - 추돌,안전운전불이행,건조,맑음,단일로 - 기타,승용,남,33세,상해없음,승용,남,66세,경상
노인사고,2.02005E+15,2020년 5월 6일 17시,수요일,부산광역시 동래구 온천동,경상사고,0,0,1,0,차대사람 - 기타,안전운전불이행,건조,맑음,단일로 - 기타,승용,남,50세,상해없음,보행자,여,68세,경상
노인사고,2020050600100502,2020년 5월 6일 18시,수요일,부산광역시 영도구 영선동2가,경상사고,0,0,1,0,차대차 - 측면충돌,불법유턴,건조,맑음,단일로 - 기타,자전거,남,69세,경상,승용,여,23세,상해없음
노인사고,2020050600100503,2020년 5월 6일 18시,수요일,부산광역시 금정구 부곡동,경상사고,0,0,1,0,차대사람 - 횡단중,보행자보호의무위반,건조,맑음,교차로 - 교차로횡단보도내,승용,남,27세,상해없음,보행자,남,66세,경상
노인사고,2020050700100078,2020년 5월 7일 07시,목요일,부산광역시 사하구 신평동,경상사고,0,0,6,0,차대차 - 기타,안전운전불이행,건조,맑음,교차로 - 교차로부근,화물,남,40세,상해없음,승용,남,31세,경상
노인사고,2020050700100187,2020년 5월 7일 10시,목요일,부산광역시 사상구 괘법동,중상사고,0,1,0,0,차대사람 - 횡단중,안전운전불이행,건조,맑음,단일로 - 기타,화물,남,49세,상해없음,보행자,여,69세,중상
노인사고,2.02005E+15,2020년 5월 7일 11시,목요일,부산광역시 사하구 하단동,부상신고사고,0,0,0,2,차대차 - 측면충돌,교차로운행방법위반,건조,맑음,교차로 - 교차로안,승용,남,70세,부상신고,화물,남,46세,부상신고
노인사고,2020050700100307,2020년 5월 7일 13시,목요일,부산광역시 북구 구포동,경상사고,0,0,1,0,차대사람 - 기타,안전운전불이행,건조,맑음,단일로 - 기타,승용,여,63세,상해없음,보행자,남,70세,경상
노인사고,2020050700100309,2020년 5월 7일 13시,목요일,부산광역시 기장군 일광면,경상사고,0,0,1,2,차대차 - 측면충돌,교차로운행방법위반,건조,맑음,교차로 - 교차로안,이륜,남,22세,부상신고,승용,여,62세,경상
노인사고,2020050700100597,2020년 5월 7일 20시,목요일,부산광역시 동래구 사직동,중상사고,0,1,1,0,차대사람 - 횡단중,안전운전불이행,건조,맑음,단일로 - 기타,이륜,남,35세,경상,보행자,남,65세,중상
노인사고,2020050800100076,2020년 5월 8일 08시,금요일,부산광역시 부산진구 양정동,경상사고,0,0,1,0,차대사람 - 차도통행중,안전운전불이행,건조,맑음,교차로 - 교차로부근,승용,여,37세,상해없음,보행자,남,91세,경상
노인사고,2020050800100179,2020년 5월 8일 11시,금요일,부산광역시 사하구 신평동,경상사고,0,0,1,0,차대차 - 측면충돌,차로위반,건조,맑음,단일로 - 기타,건설기계,남,55세,상해없음,승용,남,69세,경상
노인사고,2.02005E+15,2020년 5월 8일 11시,금요일,부산광역시 연제구 연산동,경상사고,0,0,1,0,차대차 - 측면충돌,안전운전불이행,건조,맑음,단일로 - 기타,승용,남,71세,상해없음,자전거,남,81세,경상
노인사고,2.02005E+15,2020년 5월 9일 12시,토요일,부산광역시 남구 우암동,경상사고,0,0,1,0,차량단독 - 기타,안전운전불이행,건조,맑음,단일로 - 기타,승합,남,59세,상해없음,,,,
노인사고,2020050900100325,2020년 5월 9일 15시,토요일,부산광역시 금정구 남산동,중상사고,0,1,0,0,차대사람 - 차도통행중,안전운전불이행,젖음/습기,비,교차로 - 교차로안,승용,여,48세,상해없음,보행자,여,69세,중상
노인사고,2020050900100326,2020년 5월 9일 15시,토요일,부산광역시 금정구 부곡동,경상사고,0,0,2,0,차대차 - 기타,차로위반,젖음/습기,비,단일로 - 기타,승용,남,43세,상해없음,승용,남,71세,경상
노인사고,2.02005E+15,2020년 5월 9일 17시,토요일,부산광역시 사하구 신평동,경상사고,0,0,4,0,차대차 - 측면충돌,안전운전불이행,젖음/습기,비,교차로 - 교차로안,화물,남,58세,경상,승용,여,45세,경상
노인사고,2020050900100461,2020년 5월 9일 19시,토요일,부산광역시 금정구 장전동,중상사고,0,1,1,1,차대차 - 측면충돌,안전운전불이행,젖음/습기,비,단일로 - 기타,승용,남,65세,상해없음,승용,여,67세,중상
노인사고,2020051000100092,2020년 5월 10일 08시,일요일,부산광역시 부산진구 초읍동,중상사고,0,1,0,0,차대차 - 측면충돌,안전거리미확보,건조,맑음,기타 - 기타,이륜,남,68세,중상,승용,남,53세,상해없음
노인사고,2020051000100126,2020년 5월 10일 11시,일요일,부산광역시 수영구 민락동,경상사고,0,0,1,0,차대사람 - 기타,안전운전불이행,건조,맑음,교차로 - 교차로부근,승용,남,53세,상해없음,보행자,여,67세,경상
노인사고,2020051000100191,2020년 5월 10일 14시,일요일,부산광역시 부산진구 부전동,경상사고,0,0,1,0,차대차 - 추돌,안전거리미확보,건조,맑음,단일로 - 기타,승용,남,29세,상해없음,승용,남,68세,경상
노인사고,2020051100100019,2020년 5월 11일 02시,월요일,부산광역시 금정구 구서동,경상사고,0,0,1,0,차대차 - 기타,안전운전불이행,건조,맑음,단일로 - 기타,승용,남,42세,상해없음,승용,남,71세,경상
노인사고,2020051100100057,2020년 5월 11일 06시,월요일,부산광역시 북구 만덕동,중상사고,0,1,1,0,차량단독 - 공작물충돌,안전운전불이행,건조,맑음,단일로 - 터널,승용,남,66세,경상,,,,
노인사고,2020051100100104,2020년 5월 11일 08시,월요일,부산광역시 해운대구 중동,경상사고,0,0,1,0,차대차 - 기타,안전운전불이행,건조,맑음,단일로 - 기타,자전거,여,65세,경상,승용,여,44세,상해없음
노인사고,2020051100100143,2020년 5월 11일 09시,월요일,부산광역시 부산진구 개금동,경상사고,0,0,2,1,차대차 - 추돌,안전거리미확보,건조,맑음,단일로 - 기타,이륜,남,28세,부상신고,승용,남,70세,상해없음
노인사고,2020051100100271,2020년 5월 11일 12시,월요일,부산광역시 북구 구포동,경상사고,0,0,1,0,차대차 - 기타,안전운전불이행,건조,맑음,교차로 - 교차로부근,원동기,남,81세,경상,화물,남,52세,상해없음
노인사고,2020051100100272,2020년 5월 11일 12시,월요일,부산광역시 북구 덕천동,사망사고,1,0,0,0,차대사람 - 횡단중,안전운전불이행,건조,맑음,교차로 - 교차로안,화물,남,42세,상해없음,보행자,여,77세,사망
노인사고,2020051100100433,2020년 5월 11일 16시,월요일,부산광역시 서구 동대신동3가,중상사고,0,1,0,0,차대사람 - 보도통행중,기타,건조,맑음,단일로 - 기타,승용,남,60세,상해없음,보행자,여,82세,중상
노인사고,2020051100100434,2020년 5월 11일 16시,월요일,부산광역시 서구 암남동,경상사고,0,0,4,0,차대차 - 측면충돌,차로위반,건조,맑음,단일로 - 교량,화물,남,77세,경상,승용,남,58세,경상
노인사고,2020051100100472,2020년 5월 11일 17시,월요일,부산광역시 부산진구 연지동,중상사고,0,1,0,0,차대사람 - 기타,안전운전불이행,건조,맑음,주차장 - 주차장,승용,남,31세,상해없음,보행자,여,73세,중상
노인사고,2020051100100474,2020년 5월 11일 17시,월요일,부산광역시 사상구 괘법동,경상사고,0,0,1,0,차대차 - 추돌,안전거리미확보,건조,맑음,교차로 - 교차로부근,승용,남,55세,상해없음,승용,남,65세,경상
노인사고,2020051200100058,2020년 5월 12일 06시,화요일,부산광역시 남구 감만동,경상사고,0,0,1,0,차대사람 - 기타,안전운전불이행,건조,맑음,단일로 - 기타,자전거,남,30세,상해없음,보행자,남,77세,경상
노인사고,2020051200100176,2020년 5월 12일 10시,화요일,부산광역시 수영구 민락동,경상사고,0,0,1,0,차대사람 - 길가장자리구역통행중,안전운전불이행,건조,맑음,단일로 - 기타,승용,남,20세,상해없음,보행자,남,74세,경상