사고부문,사고번호,사고일시,요일,시군구,사고내용,사망자수,중상자수,경상자수,부상신고자수,사고유형,법규위반,노면상태,기상상태,도로형태,가해운전자 차종,가해운전자 성별,가해운전자 연령,가해운전자 상해정도,피해운전자 차종,피해운전자 성별,피해운전자 연령,피해운전자 상해정도
노인사고,2020051200100212,2020년 5월 12일 11시,화요일,부산광역시 연제구 거제동,경상사고,0,0,1,0,차량단독 - 기타,안전운전불이행,건조,맑음,단일로 - 기타,승합,남,50세,상해없음,,,,
노인사고,2020051200100324,2020년 5월 12일 15시,화요일,부산광역시 동래구 복천동,중상사고,0,1,0,0,차대차 - 기타,안전운전불이행,건조,맑음,단일로 - 기타,승용,남,67세,상해없음,이륜,남,69세,중상
노인사고,2020051200100326,2020년 5월 12일 15시,화요일,부산광역시 강서구 죽동동,중상사고,0,1,0,0,차대차 - 기타,불법유턴,건조,맑음,단일로 - 기타,승용,남,64세,상해없음,이륜,여,68세,중상
노인사고,2020051300100049,2020년 5월 13일 05시,수요일,부산광역시 북구 화명동,경상사고,0,0,1,0,차대차 - 추돌,안전운전불이행,건조,맑음,단일로 - 기타,승용,남,51세,상해없음,승용,남,72세,경상
노인사고,2020051300100061,2020년 5월 13일 06시,수요일,부산광역시 남구 대연동,중상사고,0,1,0,0,차대사람 - 기타,안전운전불이행,건조,맑음,단일로 - 기타,승용,남,56세,상해없음,보행자,여,72세,중상
노인사고,2020051300100149,2020년 5월 13일 09시,수요일,부산광역시 사하구 감천동,중상사고,0,1,1,0,차대차 - 측면충돌,안전운전불이행,건조,맑음,단일로 - 기타,화물,남,65세,경상,화물,여,61세,중상
노인사고,2020051300100181,2020년 5월 13일 10시,수요일,부산광역시 사하구 신평동,경상사고,0,0,1,0,차대사람 - 보도통행중,안전운전불이행,건조,맑음,단일로 - 기타,승용,남,28세,상해없음,보행자,남,80세,경상
노인사고,2020051300100278,2020년 5월 13일 13시,수요일,부산광역시 사하구 신평동,경상사고,0,0,1,0,차대차 - 추돌,안전거리미확보,건조,맑음,단일로 - 지하차도(도로)내,특수,남,58세,상해없음,승용,남,74세,경상
노인사고,2020051300100351,2020년 5월 13일 15시,수요일,부산광역시 남구 문현동,중상사고,0,1,0,0,차대차 - 추돌,차로위반,건조,맑음,단일로 - 기타,화물,남,64세,상해없음,기타불명,여,81세,중상
노인사고,2020051300100354,2020년 5월 13일 15시,수요일,부산광역시 해운대구 좌동,중상사고,0,1,0,0,차대사람 - 보도통행중,보행자보호의무위반,건조,맑음,단일로 - 기타,이륜,남,15세,상해없음,보행자,여,78세,중상
노인사고,2020051300100355,2020년 5월 13일 15시,수요일,부산광역시 금정구 구서동,경상사고,0,0,1,0,차대차 - 기타,안전운전불이행,건조,맑음,교차로 - 교차로부근,화물,남,62세,상해없음,승용,여,65세,경상
노인사고,2020051300100544,2020년 5월 13일 19시,수요일,부산광역시 사하구 하단동,경상사고,0,0,6,0,차대차 - 측면충돌,차로위반,건조,맑음,단일로 - 기타,승용,남,18세,상해없음,승용,남,41세,경상
노인사고,2020051300100621,2020년 5월 13일 22시,수요일,부산광역시 영도구 청학동,중상사고,0,1,0,0,차대사람 - 기타,과속,건조,맑음,단일로 - 기타,승용,남,37세,상해없음,보행자,여,77세,중상
노인사고,2020051400100288,2020년 5월 14일 14시,목요일,부산광역시 사하구 괴정동,중상사고,0,1,1,0,차대차 - 추돌,안전운전불이행,건조,맑음,교차로 - 교차로부근,화물,남,43세,상해없음,승용,남,61세,중상
노인사고,2020051400100392,2020년 5월 14일 17시,목요일,부산광역시 금정구 구서동,경상사고,0,0,1,0,차대차 - 측면충돌,안전운전불이행,건조,맑음,교차로 - 교차로안,승용,여,58세,기타불명,승용,남,69세,경상
노인사고,2020051500100073,2020년 5월 15일 07시,금요일,부산광역시 동구 범일동,사망사고,1,0,0,0,차대사람 - 기타,신호위반,젖음/습기,비,단일로 - 기타,원동기,남,65세,상해없음,보행자,남,71세,사망
노인사고,2020051500100074,2020년 5월 15일 07시,금요일,부산광역시 해운대구 우동,경상사고,0,0,1,0,차대차 - 측면충돌,신호위반,건조,맑음,교차로 - 교차로안,승용,남,60세,상해없음,승합,남,65세,경상
노인사고,2020051500100163,2020년 5월 15일 10시,금요일,부산광역시 중구 영주동,중상사고,0,3,1,0,차대차 - 정면충돌,중앙선침범,젖음/습기,비,단일로 - 교량,화물,남,43세,상해없음,승용,남,49세,경상
노인사고,2020051500100164,2020년 5월 15일 10시,금요일,부산광역시 북구 만덕동,경상사고,0,0,3,0,차대차 - 기타,안전운전불이행,젖음/습기,비,교차로 - 교차로안,승용,여,62세,경상,승용,남,59세,경상
노인사고,2020051500100248,2020년 5월 15일 13시,금요일,부산광역시 금정구 부곡동,중상사고,0,1,0,0,차대사람 - 횡단중,보행자보호의무위반,젖음/습기,비,교차로 - 교차로횡단보도내,승용,남,54세,상해없음,보행자,남,88세,중상
노인사고,2020051500100663,2020년 5월 15일 23시,금요일,부산광역시 서구 동대신동1가,중상사고,0,1,2,0,차대차 - 측면충돌,안전운전불이행,건조,흐림,단일로 - 기타,승용,여,53세,상해없음,승용,남,66세,중상
노인사고,2.02005E+15,2020년 5월 16일 05시,토요일,부산광역시 사상구 엄궁동,중상사고,0,3,2,0,차대차 - 측면충돌,과속,젖음/습기,비,단일로 - 기타,승용,남,27세,상해없음,승용,남,48세,경상
노인사고,2020051600100172,2020년 5월 16일 11시,토요일,부산광역시 기장군 기장읍,중상사고,0,1,0,0,차대사람 - 기타,안전운전불이행,건조,맑음,단일로 - 기타,승용,여,59세,상해없음,보행자,여,75세,중상
노인사고,2020051600100305,2020년 5월 16일 15시,토요일,부산광역시 부산진구 양정동,부상신고사고,0,0,0,1,차대차 - 기타,직진우회전진행방해,건조,맑음,교차로 - 교차로안,이륜,남,65세,부상신고,화물,여,42세,상해없음
노인사고,2020051600100337,2020년 5월 16일 16시,토요일,부산광역시 기장군 기장읍,부상신고사고,0,0,0,2,차대차 - 추돌,안전거리미확보,건조,맑음,교차로 - 교차로부근,이륜,남,43세,기타불명,승용,여,61세,부상신고
노인사고,2020051700100053,2020년 5월 17일 04시,일요일,부산광역시 수영구 민락동,중상사고,0,1,0,1,차대차 - 측면충돌,안전운전불이행,건조,맑음,단일로 - 기타,승용,남,62세,기타불명,승용,남,71세,중상
노인사고,2020051700100307,2020년 5월 17일 17시,일요일,부산광역시 수영구 수영동,경상사고,0,0,1,0,차대차 - 기타,안전운전불이행,건조,맑음,단일로 - 기타,자전거,남,71세,경상,승용,여,35세,상해없음
노인사고,2020051700100368,2020년 5월 17일 19시,일요일,부산광역시 동래구 온천동,중상사고,0,1,0,0,차대사람 - 횡단중,안전운전불이행,건조,맑음,단일로 - 기타,승용,남,71세,상해없음,보행자,여,75세,중상
노인사고,2020051700100389,2020년 5월 17일 20시,일요일,부산광역시 강서구 명지동,중상사고,0,1,0,0,차대차 - 추돌,안전운전불이행,건조,맑음,교차로 - 교차로안,이륜,남,26세,상해없음,이륜,남,65세,중상
노인사고,2020051800100078,2020년 5월 18일 08시,월요일,부산광역시 연제구 거제동,중상사고,0,1,0,0,차대사람 - 차도통행중,신호위반,건조,맑음,단일로 - 기타,자전거,남,61세,상해없음,보행자,여,81세,중상
노인사고,2020051800100102,2020년 5월 18일 09시,월요일,부산광역시 강서구 신호동,경상사고,0,0,1,0,차대차 - 측면충돌,신호위반,젖음/습기,비,교차로 - 교차로안,승용,남,55세,상해없음,화물,남,73세,경상
노인사고,2020051800100164,2020년 5월 18일 11시,월요일,부산광역시 중구 중앙동4가,경상사고,0,0,2,0,차대차 - 기타,교차로운행방법위반,건조,흐림,교차로 - 교차로안,승용,남,49세,상해없음,승용,여,42세,경상
노인사고,2020051800100241,2020년 5월 18일 13시,월요일,부산광역시 영도구 동삼동,중상사고,0,1,0,0,차대사람 - 기타,안전운전불이행,건조,맑음,교차로 - 교차로안,화물,남,52세,상해없음,보행자,여,76세,중상
노인사고,2020051800100513,2020년 5월 18일 19시,월요일,부산광역시 동래구 온천동,경상사고,0,0,1,0,차대사람 - 기타,신호위반,건조,맑음,교차로 - 교차로안,이륜,남,22세,상해없음,보행자,여,73세,경상
노인사고,2020051900100027,2020년 5월 19일 02시,화요일,부산광역시 수영구 광안동,경상사고,0,0,1,0,차대차 - 측면충돌,교차로운행방법위반,건조,맑음,교차로 - 교차로부근,승용,남,64세,상해없음,승용,남,67세,경상
노인사고,2020051900100037,2020년 5월 19일 04시,화요일,부산광역시 해운대구 반송동,경상사고,0,0,1,1,차대차 - 측면충돌,신호위반,건조,맑음,교차로 - 교차로안,이륜,남,66세,부상신고,승용,여,68세,경상
노인사고,2020051900100054,2020년 5월 19일 07시,화요일,부산광역시 남구 대연동,중상사고,0,1,0,0,차대사람 - 기타,안전운전불이행,건조,맑음,단일로 - 터널,화물,남,57세,상해없음,보행자,남,80세,중상
노인사고,2020051900100056,2020년 5월 19일 07시,화요일,부산광역시 사하구 하단동,경상사고,0,0,1,0,차대차 - 추돌,안전운전불이행,건조,맑음,단일로 - 기타,건설기계,남,65세,상해없음,승용,여,66세,경상
노인사고,2020051900100075,2020년 5월 19일 08시,화요일,부산광역시 수영구 광안동,중상사고,0,1,0,0,차대차 - 기타,교차로운행방법위반,건조,맑음,교차로 - 교차로안,이륜,남,67세,중상,승용,남,31세,상해없음
노인사고,2020051900100112,2020년 5월 19일 09시,화요일,부산광역시 금정구 부곡동,경상사고,0,0,1,0,차량단독 - 기타,안전운전불이행,건조,맑음,교차로 - 교차로안,승합,남,58세,상해없음,,,,
노인사고,2020051900100187,2020년 5월 19일 12시,화요일,부산광역시 수영구 망미동,경상사고,0,0,1,0,차대차 - 추돌,안전운전불이행,건조,맑음,교차로 - 교차로부근,승용,남,54세,상해없음,승용,여,67세,경상
노인사고,2020051900100222,2020년 5월 19일 13시,화요일,부산광역시 서구 부민동1가,중상사고,0,1,0,0,차대사람 - 차도통행중,안전운전불이행,건조,맑음,교차로 - 교차로안,화물,남,36세,상해없음,보행자,여,73세,중상
노인사고,2020051900100285,2020년 5월 19일 15시,화요일,부산광역시 북구 구포동,사망사고,1,0,0,0,차대차 - 측면충돌,안전운전불이행,건조,맑음,단일로 - 기타,승용,남,65세,상해없음,자전거,남,92세,사망
노인사고,2020051900100331,2020년 5월 19일 16시,화요일,부산광역시 사상구 삼락동,중상사고,0,1,0,1,차대차 - 측면충돌,안전거리미확보,건조,맑음,단일로 - 기타,이륜,여,27세,부상신고,승용,남,76세,상해없음
노인사고,2020051900100502,2020년 5월 19일 21시,화요일,부산광역시 부산진구 부암동,중상사고,0,1,0,0,차대사람 - 차도통행중,안전운전불이행,건조,맑음,교차로 - 교차로안,승용,남,70세,상해없음,보행자,여,66세,중상
노인사고,2.02005E+15,2020년 5월 20일 03시,수요일,부산광역시 수영구 광안동,경상사고,0,0,1,0,차대차 - 측면충돌,안전운전불이행,건조,맑음,단일로 - 기타,승용,남,28세,상해없음,승용,남,65세,경상
노인사고,2020052000100053,2020년 5월 20일 05시,수요일,부산광역시 동래구 사직동,경상사고,0,0,1,0,차대차 - 측면충돌,중앙선침범,건조,맑음,단일로 - 기타,승용,남,31세,상해없음,승용,남,66세,경상
노인사고,2020052000100136,2020년 5월 20일 09시,수요일,부산광역시 금정구 두구동,경상사고,0,0,1,1,차대차 - 측면충돌,불법유턴,건조,맑음,교차로 - 교차로안,승용,여,76세,경상,승용,남,68세,부상신고
노인사고,2020052000100174,2020년 5월 20일 10시,수요일,부산광역시 영도구 봉래동3가,경상사고,0,0,1,0,차대차 - 측면충돌,안전거리미확보,건조,맑음,단일로 - 기타,화물,남,61세,상해없음,승용,여,70세,경상
노인사고,2020052000100212,2020년 5월 20일 11시,수요일,부산광역시 수영구 광안동,경상사고,0,0,1,0,차대차 - 측면충돌,안전운전불이행,건조,맑음,단일로 - 기타,자전거,남,79세,경상,승용,남,50세,상해없음
노인사고,2020052000100259,2020년 5월 20일 12시,수요일,부산광역시 부산진구 전포동,중상사고,0,1,0,0,차대사람 - 횡단중,안전운전불이행,건조,맑음,단일로 - 기타,승용,남,36세,상해없음,보행자,남,66세,중상
노인사고,2020052000100304,2020년 5월 20일 13시,수요일,부산광역시 해운대구 좌동,중상사고,0,1,0,0,차량단독 - 기타,안전운전불이행,건조,맑음,교차로 - 교차로안,승합,남,55세,상해없음,,,,
노인사고,2020052000100339,2020년 5월 20일 14시,수요일,부산광역시 금정구 서동,경상사고,0,0,1,0,차대사람 - 기타,안전운전불이행,건조,맑음,기타 - 기타,승용,여,64세,상해없음,보행자,남,65세,경상
노인사고,2020052000100524,2020년 5월 20일 18시,수요일,부산광역시 남구 문현동,경상사고,0,0,2,0,차대차 - 기타,안전거리미확보,건조,맑음,단일로 - 기타,승용,남,68세,경상,승용,남,28세,경상
노인사고,2020052000100525,2020년 5월 20일 18시,수요일,부산광역시 동래구 사직동,경상사고,0,0,1,0,차대차 - 측면충돌,안전운전불이행,건조,맑음,단일로 - 기타,화물,남,49세,상해없음,승용,남,69세,경상
노인사고,2020052000100527,2020년 5월 20일 18시,수요일,부산광역시 사하구 신평동,중상사고,0,1,0,0,차대차 - 기타,안전운전불이행,건조,맑음,단일로 - 지하차도(도로)내,화물,남,48세,상해없음,자전거,남,67세,중상
노인사고,2020052100100129,2020년 5월 21일 09시,목요일,부산광역시 서구 서대신동2가,중상사고,0,1,0,0,차량단독 - 기타,안전운전불이행,건조,맑음,단일로 - 기타,승합,남,61세,상해없음,,,,
노인사고,2020052100100159,2020년 5월 21일 10시,목요일,부산광역시 기장군 기장읍,경상사고,0,0,2,0,차대차 - 기타,안전운전불이행,건조,맑음,단일로 - 기타,승용,남,71세,상해없음,승용,남,42세,경상
노인사고,2020052100100232,2020년 5월 21일 12시,목요일,부산광역시 동구 초량동,중상사고,0,1,0,0,차대사람 - 길가장자리구역통행중,안전운전불이행,건조,맑음,단일로 - 기타,승용,여,29세,상해없음,보행자,여,78세,중상
노인사고,2020052100100235,2020년 5월 21일 12시,목요일,부산광역시 수영구 망미동,중상사고,0,1,0,0,차대차 - 측면충돌,교차로운행방법위반,건조,맑음,교차로 - 교차로안,화물,남,50세,상해없음,자전거,남,68세,중상
노인사고,2020052100100268,2020년 5월 21일 13시,목요일,부산광역시 영도구 청학동,중상사고,0,1,1,0,차대차 - 측면충돌,안전거리미확보,건조,맑음,단일로 - 기타,승용,남,36세,상해없음,이륜,남,66세,경상
노인사고,2020052100100305,2020년 5월 21일 14시,목요일,부산광역시 북구 구포동,경상사고,0,0,1,0,차대차 - 기타,안전운전불이행,건조,맑음,교차로 - 교차로안,자전거,남,66세,경상,승용,남,59세,상해없음
노인사고,2020052100100423,2020년 5월 21일 17시,목요일,부산광역시 남구 대연동,중상사고,0,1,0,0,차대사람 - 길가장자리구역통행중,안전운전불이행,건조,맑음,교차로 - 교차로안,승용,남,67세,상해없음,보행자,여,76세,중상
노인사고,2020052100100531,2020년 5월 21일 19시,목요일,부산광역시 서구 암남동,부상신고사고,0,0,0,1,차량단독 - 기타,안전운전불이행,건조,맑음,단일로 - 기타,승합,남,48세,상해없음,,,,
노인사고,2020052100100553,2020년 5월 21일 20시,목요일,부산광역시 북구 덕천동,부상신고사고,0,0,0,1,차대사람 - 기타,안전운전불이행,건조,맑음,교차로 - 교차로안,승용,남,39세,상해없음,보행자,여,85세,부상신고
노인사고,2.02005E+15,2020년 5월 22일 05시,금요일,부산광역시 연제구 연산동,중상사고,0,1,0,0,차대사람 - 기타,안전운전불이행,건조,맑음,단일로 - 기타,자전거,남,71세,상해없음,보행자,여,68세,중상
노인사고,2020052200100182,2020년 5월 22일 11시,금요일,부산광역시 동구 수정동,경상사고,0,0,1,0,차대사람 - 차도통행중,안전운전불이행,건조,맑음,단일로 - 기타,승용,여,65세,상해없음,보행자,여,84세,경상
노인사고,2020052200100225,2020년 5월 22일 12시,금요일,부산광역시 부산진구 전포동,경상사고,0,0,2,0,차대차 - 추돌,안전운전불이행,건조,맑음,교차로 - 교차로부근,화물,남,60세,상해없음,승용,남,40세,경상
노인사고,2020052200100308,2020년 5월 22일 14시,금요일,부산광역시 부산진구 당감동,경상사고,0,0,2,0,차량단독 - 기타,안전운전불이행,건조,맑음,기타 - 기타,승합,여,50세,상해없음,,,,
노인사고,2020052200100441,2020년 5월 22일 17시,금요일,부산광역시 사상구 학장동,경상사고,0,0,1,0,차대차 - 측면충돌,안전거리미확보,건조,맑음,단일로 - 지하차도(도로)내,승용,여,60세,상해없음,승용,남,68세,경상
노인사고,2020052200100482,2020년 5월 22일 18시,금요일,부산광역시 동구 수정동,경상사고,0,0,3,0,차대차 - 측면충돌,안전운전불이행,건조,맑음,교차로 - 교차로안,승용,여,27세,상해없음,승용,남,38세,경상
노인사고,2020052300100105,2020년 5월 23일 09시,토요일,부산광역시 부산진구 초읍동,부상신고사고,0,0,0,1,차대사람 - 차도통행중,안전운전불이행,건조,맑음,단일로 - 기타,승용,여,70세,상해없음,보행자,남,85세,부상신고
노인사고,2020052300100379,2020년 5월 23일 16시,토요일,부산광역시 동구 수정동,경상사고,0,0,1,0,차량단독 - 기타,기타,건조,맑음,단일로 - 기타,승합,남,45세,상해없음,,,,
노인사고,2020052300100426,2020년 5월 23일 17시,토요일,부산광역시 북구 덕천동,경상사고,0,0,1,0,차대사람 - 횡단중,보행자보호의무위반,건조,맑음,교차로 - 교차로횡단보도내,승용,여,52세,상해없음,보행자,남,70세,경상
노인사고,2020052300100526,2020년 5월 23일 20시,토요일,부산광역시 기장군 정관읍,경상사고,0,0,5,0,차대차 - 측면충돌,안전운전불이행,건조,기타,교차로 - 교차로안,승용,여,45세,경상,승용,남,44세,경상
노인사고,2020052400100079,2020년 5월 24일 06시,일요일,부산광역시 부산진구 가야동,중상사고,0,1,1,0,차대사람 - 횡단중,신호위반,건조,맑음,교차로 - 교차로횡단보도내,승용,남,73세,상해없음,보행자,남,65세,경상
노인사고,2020052400100262,2020년 5월 24일 15시,일요일,부산광역시 부산진구 당감동,중상사고,0,1,0,0,차대사람 - 횡단중,안전운전불이행,건조,맑음,기타 - 기타,승용,남,37세,상해없음,보행자,여,79세,중상
노인사고,2020052400100345,2020년 5월 24일 18시,일요일,부산광역시 연제구 거제동,경상사고,0,0,2,0,차대차 - 기타,교차로운행방법위반,건조,맑음,교차로 - 교차로안,승용,남,68세,경상,승용,남,57세,경상
노인사고,2020052500100015,2020년 5월 25일 02시,월요일,부산광역시 사하구 당리동,중상사고,0,1,0,0,차대사람 - 횡단중,보행자보호의무위반,건조,맑음,교차로 - 교차로부근,승용,여,76세,상해없음,보행자,남,75세,중상
노인사고,2020052500100082,2020년 5월 25일 08시,월요일,부산광역시 기장군 기장읍,경상사고,0,0,1,0,차대차 - 측면충돌,안전거리미확보,건조,맑음,교차로 - 교차로부근,승용,여,38세,상해없음,이륜,남,80세,상해없음
노인사고,2.02005E+15,2020년 5월 25일 13시,월요일,부산광역시 동구 수정동,중상사고,0,1,3,0,차대차 - 측면충돌,안전운전불이행,건조,맑음,교차로 - 교차로부근,승용,남,66세,상해없음,승합,남,56세,경상
노인사고,2020052500100282,2020년 5월 25일 14시,월요일,부산광역시 사하구 다대동,경상사고,0,0,1,0,차대사람 - 기타,안전운전불이행,건조,맑음,단일로 - 기타,승용,남,79세,상해없음,보행자,남,77세,경상
노인사고,2020052500100366,2020년 5월 25일 16시,월요일,부산광역시 금정구 부곡동,중상사고,0,1,0,0,차대차 - 기타,안전운전불이행,건조,맑음,교차로 - 교차로부근,승용,남,62세,상해없음,자전거,남,79세,중상
노인사고,2020052500100569,2020년 5월 25일 22시,월요일,부산광역시 부산진구 가야동,중상사고,0,1,0,0,차대사람 - 차도통행중,안전운전불이행,건조,맑음,교차로 - 교차로안,승용,남,64세,상해없음,보행자,남,72세,중상
노인사고,2020052600100154,2020년 5월 26일 10시,화요일,부산광역시 영도구 청학동,경상사고,0,0,2,0,차대차 - 정면충돌,중앙선침범,건조,맑음,단일로 - 기타,승합,남,52세,상해없음,승용,남,65세,경상
노인사고,2020052600100155,2020년 5월 26일 10시,화요일,부산광역시 부산진구 양정동,중상사고,0,1,0,0,차대차 - 측면충돌,교차로운행방법위반,건조,맑음,교차로 - 교차로안,승용,남,54세,상해없음,승용,남,69세,중상
노인사고,2020052600100254,2020년 5월 26일 13시,화요일,부산광역시 동래구 명륜동,경상사고,0,0,1,0,차대차 - 후진중충돌,안전운전불이행,건조,맑음,단일로 - 기타,화물,남,50세,상해없음,이륜,남,77세,경상
노인사고,2020052600100255,2020년 5월 26일 13시,화요일,부산광역시 동래구 온천동,경상사고,0,0,1,0,차대차 - 후진중충돌,안전운전불이행,건조,맑음,단일로 - 기타,승용,여,57세,상해없음,승용,여,47세,상해없음
노인사고,2020052600100258,2020년 5월 26일 13시,화요일,부산광역시 금정구 구서동,중상사고,0,1,0,0,차대차 - 기타,안전운전불이행,건조,맑음,교차로 - 교차로부근,승용,여,64세,상해없음,승용,남,71세,중상
노인사고,2020052600100367,2020년 5월 26일 16시,화요일,부산광역시 동래구 칠산동,경상사고,0,0,2,0,차대차 - 측면충돌,신호위반,건조,맑음,교차로 - 교차로안,승합,남,74세,상해없음,승합,남,46세,경상
노인사고,2020052700100093,2020년 5월 27일 08시,수요일,부산광역시 중구 부평동2가,중상사고,0,1,0,0,차대차 - 기타,중앙선침범,건조,맑음,단일로 - 기타,이륜,남,70세,중상,승용,여,53세,상해없음
노인사고,2020052700100094,2020년 5월 27일 08시,수요일,부산광역시 서구 부민동1가,중상사고,0,1,0,0,차대사람 - 횡단중,보행자보호의무위반,건조,맑음,교차로 - 교차로횡단보도내,승용,여,27세,상해없음,보행자,여,75세,중상
노인사고,2020052700100168,2020년 5월 27일 10시,수요일,부산광역시 서구 동대신동2가,중상사고,0,1,6,0,차대차 - 추돌,안전거리미확보,건조,맑음,단일로 - 기타,화물,남,58세,상해없음,승합,남,38세,경상
노인사고,2020052700100313,2020년 5월 27일 14시,수요일,부산광역시 동래구 수안동,경상사고,0,0,1,0,차대차 - 측면충돌,안전운전불이행,건조,맑음,교차로 - 교차로안,승용,여,32세,상해없음,자전거,여,71세,경상
노인사고,2020052700100391,2020년 5월 27일 16시,수요일,부산광역시 북구 덕천동,중상사고,0,1,0,0,차대차 - 측면충돌,직진우회전진행방해,건조,맑음,교차로 - 교차로안,승용,여,47세,상해없음,자전거,남,72세,중상
노인사고,2020052700100392,2020년 5월 27일 16시,수요일,부산광역시 영도구 영선동3가,중상사고,0,1,1,0,차대사람 - 기타,안전운전불이행,건조,맑음,교차로 - 교차로부근,승용,남,70세,상해없음,보행자,여,51세,중상
노인사고,2020052700100449,2020년 5월 27일 17시,수요일,부산광역시 부산진구 부전동,경상사고,0,0,1,0,차대사람 - 차도통행중,안전운전불이행,건조,맑음,단일로 - 기타,승용,남,62세,상해없음,보행자,여,65세,경상
노인사고,2020052700100592,2020년 5월 27일 20시,수요일,부산광역시 수영구 민락동,경상사고,0,0,4,0,차대차 - 측면충돌,안전운전불이행,건조,맑음,교차로 - 교차로안,승용,남,65세,경상,승용,남,33세,경상
노인사고,2020052800100022,2020년 5월 28일 02시,목요일,부산광역시 서구 남부민동,경상사고,0,0,1,0,차대차 - 추돌,안전운전불이행,건조,맑음,교차로 - 교차로부근,화물,남,29세,상해없음,승용,남,66세,경상
노인사고,2.02005E+15,2020년 5월 28일 06시,목요일,부산광역시 동래구 안락동,경상사고,0,0,1,0,차대차 - 측면충돌,안전거리미확보,건조,맑음,단일로 - 기타,건설기계,남,64세,상해없음,승용,여,66세,경상
노인사고,2020052800100284,2020년 5월 28일 13시,목요일,부산광역시 북구 구포동,중상사고,0,1,0,0,차대차 - 기타,교차로운행방법위반,건조,맑음,교차로 - 교차로안,화물,남,61세,상해없음,이륜,남,83세,중상
노인사고,2020052800100359,2020년 5월 28일 15시,목요일,부산광역시 부산진구 전포동,중상사고,0,1,0,0,차대사람 - 차도통행중,안전운전불이행,건조,맑음,교차로 - 교차로안,승합,남,48세,상해없음,보행자,여,75세,중상
노인사고,2020052800100389,2020년 5월 28일 16시,목요일,부산광역시 해운대구 반여동,경상사고,0,0,1,0,차대차 - 측면충돌,신호위반,건조,맑음,교차로 - 교차로안,이륜,남,70세,경상,승용,남,24세,상해없음
노인사고,2.02005E+15,2020년 5월 28일 16시,목요일,부산광역시 해운대구 반여동,중상사고,0,1,0,0,차대사람 - 횡단중,보행자보호의무위반,건조,맑음,교차로 - 교차로부근,화물,남,66세,기타불명,보행자,여,66세,중상
노인사고,2020052800100391,2020년 5월 28일 16시,목요일,부산광역시 금정구 부곡동,경상사고,0,0,1,0,차대사람 - 보도통행중,기타,건조,맑음,단일로 - 기타,승용,남,48세,상해없음,보행자,여,79세,경상
노인사고,2020052900100002,2020년 5월 29일 00시,금요일,부산광역시 기장군 기장읍,부상신고사고,0,0,0,1,차대차 - 측면충돌,안전거리미확보,건조,맑음,단일로 - 기타,승용,남,39세,상해없음,화물,남,65세,부상신고
노인사고,2020052900100052,2020년 5월 29일 06시,금요일,부산광역시 부산진구 범천동,중상사고,0,1,0,0,차대사람 - 차도통행중,안전운전불이행,건조,맑음,단일로 - 기타,승용,남,31세,상해없음,보행자,남,78세,중상
노인사고,2020052900100156,2020년 5월 29일 09시,금요일,부산광역시 서구 토성동3가,중상사고,0,1,0,0,차대사람 - 기타,안전운전불이행,건조,맑음,단일로 - 기타,승용,여,59세,상해없음,보행자,여,81세,중상
노인사고,2020052900100207,2020년 5월 29일 10시,금요일,부산광역시 금정구 노포동,경상사고,0,0,1,0,차대사람 - 기타,안전운전불이행,건조,맑음,기타 - 기타,승용,남,68세,상해없음,보행자,남,85세,경상
노인사고,2020052900100237,2020년 5월 29일 11시,금요일,부산광역시 남구 문현동,경상사고,0,0,1,0,차량단독 - 기타,안전운전불이행,건조,맑음,단일로 - 기타,승합,남,57세,상해없음,,,,
노인사고,2020052900100307,2020년 5월 29일 13시,금요일,부산광역시 해운대구 우동,중상사고,0,1,0,0,차대사람 - 기타,안전운전불이행,건조,맑음,단일로 - 교량,승용,남,55세,상해없음,보행자,남,69세,중상
노인사고,2020052900100377,2020년 5월 29일 15시,금요일,부산광역시 사하구 당리동,경상사고,0,0,1,0,차대차 - 기타,안전운전불이행,건조,맑음,교차로 - 교차로부근,화물,남,37세,상해없음,이륜,남,73세,경상
노인사고,2020052900100616,2020년 5월 29일 20시,금요일,부산광역시 동구 초량동,중상사고,0,1,0,0,차대사람 - 횡단중,보행자보호의무위반,건조,맑음,단일로 - 기타,이륜,남,17세,상해없음,보행자,남,65세,중상
노인사고,2020053000100023,2020년 5월 30일 01시,토요일,부산광역시 사상구 모라동,경상사고,0,0,2,0,차대차 - 기타,신호위반,건조,맑음,교차로 - 교차로안,승용,남,61세,상해없음,승용,남,68세,경상
노인사고,2.02005E+15,2020년 5월 30일 06시,토요일,부산광역시 북구 구포동,중상사고,0,1,0,0,차대차 - 추돌,과속,건조,맑음,단일로 - 기타,화물,남,31세,상해없음,승용,여,65세,중상
노인사고,2020053000100137,2020년 5월 30일 09시,토요일,부산광역시 남구 문현동,중상사고,0,1,5,0,차대차 - 정면충돌,중앙선침범,건조,맑음,단일로 - 기타,승용,남,35세,기타불명,승용,남,64세,경상
노인사고,2.02005E+15,2020년 5월 30일 14시,토요일,부산광역시 동구 수정동,중상사고,0,1,0,0,차대사람 - 횡단중,안전운전불이행,건조,맑음,단일로 - 기타,승용,남,78세,상해없음,보행자,여,69세,중상