사고부문,사고번호,사고일시,요일,시군구,사고내용,사망자수,중상자수,경상자수,부상신고자수,사고유형,법규위반,노면상태,기상상태,도로형태,가해운전자 차종,가해운전자 성별,가해운전자 연령,가해운전자 상해정도,피해운전자 차종,피해운전자 성별,피해운전자 연령,피해운전자 상해정도
노인사고,2020053000100351,2020년 5월 30일 14시,토요일,부산광역시 북구 만덕동,경상사고,0,0,1,0,차대차 - 측면충돌,안전운전불이행,건조,맑음,단일로 - 지하차도(도로)내,승용,여,65세,경상,승용,남,38세,상해없음
노인사고,2020053000100353,2020년 5월 30일 14시,토요일,부산광역시 금정구 장전동,경상사고,0,0,2,0,차대차 - 추돌,안전운전불이행,건조,맑음,교차로 - 교차로안,승용,남,71세,상해없음,승용,여,45세,경상
노인사고,2020053000100393,2020년 5월 30일 15시,토요일,부산광역시 영도구 동삼동,중상사고,0,1,0,0,차대사람 - 횡단중,중앙선침범,건조,맑음,단일로 - 기타,화물,남,35세,상해없음,보행자,여,75세,중상
노인사고,2020053000100568,2020년 5월 30일 20시,토요일,부산광역시 북구 덕천동,중상사고,0,1,0,0,차대사람 - 기타,안전운전불이행,건조,맑음,단일로 - 지하차도(도로)내,승용,남,68세,상해없음,보행자,남,68세,중상
노인사고,2020053100100105,2020년 5월 31일 10시,일요일,부산광역시 사하구 하단동,중상사고,0,2,1,0,차대차 - 측면충돌,안전거리미확보,건조,맑음,단일로 - 기타,승용,남,40세,경상,승용,여,57세,중상
노인사고,2020053100100188,2020년 5월 31일 13시,일요일,부산광역시 해운대구 중동,경상사고,0,0,1,0,차대사람 - 기타,안전운전불이행,건조,맑음,교차로 - 교차로안,승용,남,41세,상해없음,보행자,여,73세,경상
노인사고,2020060100100487,2020년 6월 1일 17시,월요일,부산광역시 사하구 다대동,중상사고,0,1,0,0,차대사람 - 차도통행중,안전운전불이행,건조,맑음,단일로 - 기타,화물,남,59세,상해없음,보행자,남,78세,중상
노인사고,2020060100100723,2020년 6월 1일 23시,월요일,부산광역시 사하구 다대동,경상사고,0,0,1,0,차대차 - 추돌,안전운전불이행,건조,맑음,단일로 - 기타,승용,남,54세,상해없음,승용,남,71세,경상
노인사고,2020060200100079,2020년 6월 2일 08시,화요일,부산광역시 금정구 부곡동,중상사고,0,1,0,0,차대사람 - 기타,안전운전불이행,건조,맑음,교차로 - 교차로안,승용,남,60세,상해없음,보행자,남,68세,중상
노인사고,2020060200100239,2020년 6월 2일 12시,화요일,부산광역시 서구 암남동,중상사고,0,1,2,0,차대차 - 기타,안전운전불이행,건조,맑음,단일로 - 기타,승용,남,85세,상해없음,화물,남,60세,기타불명
노인사고,2.02006E+15,2020년 6월 2일 12시,화요일,부산광역시 남구 대연동,경상사고,0,0,2,0,차대차 - 추돌,안전거리미확보,건조,맑음,교차로 - 교차로부근,특수,남,50세,상해없음,승용,남,68세,경상
노인사고,2020060200100326,2020년 6월 2일 14시,화요일,부산광역시 사상구 학장동,중상사고,0,3,1,0,차대차 - 추돌,안전운전불이행,건조,맑음,단일로 - 기타,화물,남,62세,상해없음,화물,여,71세,중상
노인사고,2020060200100403,2020년 6월 2일 16시,화요일,부산광역시 부산진구 가야동,중상사고,0,1,0,0,차대사람 - 차도통행중,안전운전불이행,건조,맑음,단일로 - 기타,승용,남,40세,상해없음,보행자,여,71세,중상
노인사고,2020060200100512,2020년 6월 2일 19시,화요일,부산광역시 북구 구포동,부상신고사고,0,0,0,1,차대사람 - 기타,안전운전불이행,건조,맑음,단일로 - 기타,자전거,기타불명,미분류,기타불명,보행자,여,72세,부상신고
노인사고,2020060300100275,2020년 6월 3일 14시,수요일,부산광역시 부산진구 범천동,경상사고,0,0,1,0,차대차 - 측면충돌,신호위반,건조,맑음,교차로 - 교차로안,이륜,남,20세,기타불명,승용,남,60세,상해없음
노인사고,2020060300100321,2020년 6월 3일 15시,수요일,부산광역시 사상구 감전동,경상사고,0,0,1,0,차대사람 - 횡단중,안전운전불이행,건조,맑음,교차로 - 교차로안,승용,남,50세,상해없음,보행자,남,78세,경상
노인사고,2020060300100359,2020년 6월 3일 16시,수요일,부산광역시 수영구 망미동,중상사고,0,1,0,0,차대사람 - 횡단중,보행자보호의무위반,건조,맑음,교차로 - 교차로안,화물,남,43세,상해없음,보행자,남,83세,중상
노인사고,2020060300100401,2020년 6월 3일 17시,수요일,부산광역시 수영구 망미동,경상사고,0,0,3,0,차대차 - 추돌,안전거리미확보,건조,맑음,교차로 - 교차로부근,승용,남,67세,상해없음,승용,남,66세,경상
노인사고,2020060300100403,2020년 6월 3일 17시,수요일,부산광역시 사상구 감전동,경상사고,0,0,2,0,차대차 - 측면충돌,교차로운행방법위반,건조,맑음,교차로 - 교차로안,승용,남,56세,상해없음,승용,남,42세,경상
노인사고,2020060300100543,2020년 6월 3일 20시,수요일,부산광역시 사하구 괴정동,경상사고,0,0,2,0,차대차 - 추돌,안전운전불이행,건조,맑음,단일로 - 기타,승합,남,57세,상해없음,승용,남,41세,경상
노인사고,2.02006E+15,2020년 6월 3일 21시,수요일,부산광역시 사하구 괴정동,경상사고,0,0,5,0,차대차 - 추돌,안전운전불이행,건조,맑음,교차로 - 교차로부근,승용,남,68세,상해없음,승용,남,49세,경상
노인사고,2020060300100588,2020년 6월 3일 22시,수요일,부산광역시 동구 범일동,부상신고사고,0,0,0,1,차대차 - 기타,신호위반,건조,맑음,교차로 - 교차로안,자전거,남,67세,부상신고,화물,남,57세,상해없음
노인사고,2020060400100124,2020년 6월 4일 09시,목요일,부산광역시 사상구 모라동,경상사고,0,0,1,0,차대차 - 측면충돌,중앙선침범,건조,맑음,단일로 - 지하차도(도로)내,화물,남,63세,상해없음,자전거,남,66세,경상
노인사고,2020060400100335,2020년 6월 4일 15시,목요일,부산광역시 부산진구 양정동,경상사고,0,0,1,0,차대차 - 기타,신호위반,건조,맑음,교차로 - 교차로안,승용,남,24세,상해없음,승용,남,67세,경상
노인사고,2020060500100167,2020년 6월 5일 10시,금요일,부산광역시 영도구 봉래동4가,경상사고,0,0,3,0,차대차 - 측면충돌,안전거리미확보,건조,맑음,교차로 - 교차로안,승용,여,40세,상해없음,특수,남,27세,경상
노인사고,2020060500100168,2020년 6월 5일 10시,금요일,부산광역시 부산진구 당감동,중상사고,0,1,0,0,차대사람 - 기타,안전운전불이행,건조,맑음,교차로 - 교차로안,승용,여,30세,상해없음,보행자,여,68세,중상
노인사고,2020060500100195,2020년 6월 5일 11시,금요일,부산광역시 남구 감만동,중상사고,0,1,0,0,차량단독 - 기타,안전운전불이행,건조,맑음,단일로 - 기타,승합,남,60세,상해없음,,,,
노인사고,2.02006E+15,2020년 6월 5일 13시,금요일,부산광역시 중구 부평동2가,경상사고,0,0,1,0,차대차 - 추돌,안전운전불이행,건조,맑음,단일로 - 기타,승용,남,67세,상해없음,승용,남,46세,상해없음
노인사고,2020060500100317,2020년 6월 5일 14시,금요일,부산광역시 수영구 남천동,경상사고,0,0,1,0,차대차 - 기타,안전운전불이행,건조,맑음,단일로 - 기타,승용,남,38세,상해없음,자전거,남,71세,경상
노인사고,2020060500100365,2020년 6월 5일 15시,금요일,부산광역시 남구 문현동,경상사고,0,0,2,0,차대차 - 기타,안전운전불이행,건조,맑음,단일로 - 기타,승용,여,38세,상해없음,화물,남,76세,경상
노인사고,2020060500100367,2020년 6월 5일 15시,금요일,부산광역시 금정구 부곡동,중상사고,0,1,0,0,차대사람 - 횡단중,안전운전불이행,건조,맑음,교차로 - 교차로안,승용,남,56세,상해없음,보행자,여,79세,중상
노인사고,2020060500100499,2020년 6월 5일 18시,금요일,부산광역시 동래구 수안동,부상신고사고,0,0,0,1,차량단독 - 전도전복 - 전도,안전운전불이행,건조,맑음,단일로 - 기타,이륜,남,68세,부상신고,,,,
노인사고,2020060500100597,2020년 6월 5일 20시,금요일,부산광역시 사상구 주례동,경상사고,0,0,1,0,차대차 - 측면충돌,안전운전불이행,건조,맑음,단일로 - 기타,화물,남,28세,상해없음,승용,남,71세,경상
노인사고,2020060600100067,2020년 6월 6일 04시,토요일,부산광역시 서구 충무동1가,경상사고,0,0,1,0,차대차 - 기타,교차로운행방법위반,건조,맑음,교차로 - 교차로안,화물,남,70세,상해없음,승용,남,65세,경상
노인사고,2020060600100068,2020년 6월 6일 04시,토요일,부산광역시 동구 좌천동,경상사고,0,0,2,0,차대차 - 측면충돌,중앙선침범,건조,맑음,단일로 - 기타,승용,남,23세,상해없음,승용,남,70세,경상
노인사고,2020060600100076,2020년 6월 6일 05시,토요일,부산광역시 사하구 신평동,경상사고,0,0,1,0,차대차 - 기타,안전운전불이행,건조,맑음,단일로 - 기타,승용,남,72세,경상,승합,남,58세,상해없음
노인사고,2020060600100087,2020년 6월 6일 07시,토요일,부산광역시 북구 구포동,중상사고,0,1,1,0,차대차 - 기타,교차로운행방법위반,건조,맑음,교차로 - 교차로부근,승용,남,27세,상해없음,승용,남,65세,중상
노인사고,2020060600100245,2020년 6월 6일 13시,토요일,부산광역시 연제구 연산동,중상사고,0,1,0,0,차대차 - 정면충돌,교차로운행방법위반,건조,맑음,교차로 - 교차로안,화물,남,38세,상해없음,자전거,남,65세,중상
노인사고,2020060600100325,2020년 6월 6일 15시,토요일,부산광역시 북구 구포동,경상사고,0,0,1,0,차대사람 - 횡단중,보행자보호의무위반,건조,맑음,단일로 - 기타,승용,남,57세,상해없음,보행자,남,65세,경상
노인사고,2.02006E+15,2020년 6월 6일 16시,토요일,부산광역시 기장군 기장읍,경상사고,0,0,3,0,차대차 - 측면충돌,안전운전불이행,건조,맑음,단일로 - 기타,승용,여,53세,상해없음,승용,남,73세,경상
노인사고,2020060600100407,2020년 6월 6일 17시,토요일,부산광역시 영도구 청학동,경상사고,0,0,3,0,차대차 - 정면충돌,중앙선침범,건조,맑음,교차로 - 교차로부근,승용,남,67세,경상,승용,남,22세,경상
노인사고,2020060600100452,2020년 6월 6일 18시,토요일,부산광역시 서구 초장동,중상사고,0,2,0,0,차대사람 - 기타,안전운전불이행,건조,맑음,교차로 - 교차로안,자전거,여,50세,중상,보행자,여,82세,중상
노인사고,2020060600100548,2020년 6월 6일 21시,토요일,부산광역시 북구 구포동,중상사고,0,1,5,0,차대차 - 기타,신호위반,건조,맑음,단일로 - 기타,승용,여,45세,상해없음,승합,남,40세,중상
노인사고,2020060600100551,2020년 6월 6일 21시,토요일,부산광역시 사하구 하단동,중상사고,0,3,0,0,차대차 - 기타,신호위반,건조,맑음,교차로 - 교차로안,승용,남,31세,상해없음,승용,여,51세,중상
노인사고,2020060700100051,2020년 6월 7일 03시,일요일,부산광역시 부산진구 전포동,중상사고,0,1,1,0,차대차 - 측면충돌,신호위반,건조,맑음,교차로 - 교차로안,승용,남,66세,상해없음,승용,남,67세,중상
노인사고,2020060700100132,2020년 6월 7일 10시,일요일,부산광역시 금정구 부곡동,부상신고사고,0,0,0,1,차대차 - 추돌,안전운전불이행,건조,맑음,기타 - 기타,원동기,남,56세,상해없음,자전거,남,70세,부상신고
노인사고,2020060700100133,2020년 6월 7일 10시,일요일,부산광역시 사하구 장림동,경상사고,0,0,1,0,차대차 - 추돌,신호위반,건조,맑음,교차로 - 교차로안,승용,남,29세,상해없음,원동기,남,68세,경상
노인사고,2020060700100246,2020년 6월 7일 14시,일요일,부산광역시 북구 구포동,중상사고,0,1,0,0,차대사람 - 길가장자리구역통행중,안전운전불이행,건조,맑음,단일로 - 지하차도(도로)내,승용,남,71세,상해없음,보행자,여,67세,중상
노인사고,2020060800100004,2020년 6월 8일 00시,월요일,부산광역시 사하구 괴정동,경상사고,0,0,1,0,차대사람 - 기타,안전운전불이행,건조,맑음,단일로 - 기타,이륜,남,27세,상해없음,보행자,여,68세,경상
노인사고,2020060800100115,2020년 6월 8일 08시,월요일,부산광역시 기장군 일광면,경상사고,0,0,2,0,차대차 - 추돌,안전운전불이행,건조,맑음,단일로 - 기타,승용,여,76세,상해없음,승용,남,26세,경상
노인사고,2020060800100227,2020년 6월 8일 11시,월요일,부산광역시 부산진구 부전동,경상사고,0,0,1,0,차대차 - 추돌,안전운전불이행,건조,맑음,교차로 - 교차로부근,승용,남,25세,상해없음,승용,남,71세,경상
노인사고,2020060800100228,2020년 6월 8일 11시,월요일,부산광역시 금정구 부곡동,중상사고,0,1,1,0,차대차 - 정면충돌,안전운전불이행,건조,맑음,교차로 - 교차로안,승용,남,48세,상해없음,이륜,남,69세,경상
노인사고,2020060800100269,2020년 6월 8일 12시,월요일,부산광역시 영도구 남항동2가,중상사고,0,2,0,0,차대사람 - 횡단중,보행자보호의무위반,건조,맑음,단일로 - 기타,승합,남,59세,상해없음,보행자,여,79세,중상
노인사고,2.02006E+15,2020년 6월 9일 04시,화요일,부산광역시 사하구 신평동,경상사고,0,0,1,0,차대차 - 추돌,신호위반,건조,맑음,교차로 - 교차로안,승용,남,67세,상해없음,승용,남,68세,경상
노인사고,2020060900100042,2020년 6월 9일 06시,화요일,부산광역시 서구 암남동,경상사고,0,0,1,1,차대차 - 후진중충돌,안전운전불이행,건조,맑음,단일로 - 교량,승용,남,59세,부상신고,승합,남,65세,경상
노인사고,2020060900100058,2020년 6월 9일 07시,화요일,부산광역시 동구 범일동,경상사고,0,0,1,1,차대차 - 측면충돌,안전운전불이행,건조,맑음,교차로 - 교차로안,승용,여,66세,부상신고,승용,남,63세,경상
노인사고,2.02006E+15,2020년 6월 9일 07시,화요일,부산광역시 해운대구 좌동,중상사고,0,1,2,0,차대차 - 추돌,안전거리미확보,건조,맑음,단일로 - 기타,승용,여,32세,상해없음,승용,여,48세,경상
노인사고,2.02006E+15,2020년 6월 9일 08시,화요일,부산광역시 서구 아미동2가,경상사고,0,0,1,0,차대사람 - 횡단중,보행자보호의무위반,건조,맑음,단일로 - 기타,승용,남,63세,상해없음,보행자,여,77세,경상
노인사고,2020060900100258,2020년 6월 9일 12시,화요일,부산광역시 강서구 대저1동,경상사고,0,0,1,0,차대사람 - 횡단중,안전운전불이행,건조,맑음,교차로 - 교차로안,화물,남,57세,상해없음,보행자,여,79세,경상
노인사고,2020060900100381,2020년 6월 9일 15시,화요일,부산광역시 중구 남포동6가,경상사고,0,0,1,0,차대차 - 측면충돌,안전운전불이행,건조,맑음,단일로 - 기타,승용,남,51세,상해없음,이륜,남,65세,경상
노인사고,2020060900100383,2020년 6월 9일 15시,화요일,부산광역시 동래구 온천동,경상사고,0,0,1,0,차대차 - 기타,신호위반,건조,맑음,교차로 - 교차로안,기타불명,기타불명,미분류,기타불명,원동기,남,79세,경상
노인사고,2020060900100384,2020년 6월 9일 15시,화요일,부산광역시 영도구 동삼동,경상사고,0,0,1,0,차대사람 - 횡단중,안전운전불이행,건조,맑음,단일로 - 기타,이륜,남,78세,상해없음,보행자,여,73세,경상
노인사고,2020060900100386,2020년 6월 9일 15시,화요일,부산광역시 사상구 주례동,경상사고,0,0,1,0,차대차 - 기타,신호위반,건조,맑음,교차로 - 교차로안,승용,남,65세,상해없음,이륜,남,71세,경상
노인사고,2020060900100476,2020년 6월 9일 17시,화요일,부산광역시 부산진구 개금동,중상사고,0,1,0,0,차대사람 - 기타,안전운전불이행,건조,맑음,단일로 - 기타,화물,남,50세,상해없음,보행자,여,74세,중상
노인사고,2020060900100589,2020년 6월 9일 19시,화요일,부산광역시 동구 좌천동,중상사고,0,1,0,0,차량단독 - 기타,안전운전불이행,건조,맑음,단일로 - 기타,승합,남,70세,상해없음,,,,
노인사고,2020060900100674,2020년 6월 9일 22시,화요일,부산광역시 영도구 청학동,경상사고,0,0,3,0,차대차 - 정면충돌,안전운전불이행,건조,맑음,교차로 - 교차로안,승용,여,56세,상해없음,승용,남,68세,경상
노인사고,2020060900100676,2020년 6월 9일 22시,화요일,부산광역시 사상구 주례동,사망사고,1,0,0,0,차량단독 - 기타,안전운전불이행,건조,맑음,단일로 - 기타,승용,남,68세,사망,,,,
노인사고,2020061000100098,2020년 6월 10일 08시,수요일,부산광역시 동구 수정동,중상사고,0,1,0,0,차대사람 - 기타,안전운전불이행,건조,맑음,단일로 - 기타,승용,남,50세,상해없음,보행자,여,75세,중상
노인사고,2020061000100099,2020년 6월 10일 08시,수요일,부산광역시 동구 초량동,경상사고,0,0,1,1,차대차 - 기타,안전운전불이행,건조,맑음,단일로 - 기타,화물,남,45세,상해없음,승용,남,80세,경상
노인사고,2020061000100314,2020년 6월 10일 14시,수요일,부산광역시 서구 아미동2가,경상사고,0,0,1,1,차대차 - 측면충돌,안전거리미확보,건조,맑음,교차로 - 교차로안,승용,남,73세,부상신고,승용,남,22세,경상
노인사고,2020061000100315,2020년 6월 10일 14시,수요일,부산광역시 동래구 안락동,경상사고,0,0,1,0,차대차 - 추돌,안전거리미확보,건조,맑음,단일로 - 기타,화물,남,51세,상해없음,승용,여,65세,경상
노인사고,2020061000100434,2020년 6월 10일 17시,수요일,부산광역시 부산진구 부전동,경상사고,0,0,1,0,차대사람 - 횡단중,안전운전불이행,건조,맑음,단일로 - 기타,이륜,남,24세,상해없음,보행자,여,70세,경상
노인사고,2020061100100276,2020년 6월 11일 13시,목요일,부산광역시 동래구 안락동,중상사고,0,1,2,0,차대차 - 기타,신호위반,건조,맑음,교차로 - 교차로안,이륜,남,40세,중상,승용,남,78세,경상
노인사고,2020061100100319,2020년 6월 11일 14시,목요일,부산광역시 사하구 구평동,경상사고,0,0,1,0,차대차 - 추돌,안전운전불이행,건조,맑음,교차로 - 교차로부근,승용,여,42세,상해없음,승용,남,66세,경상
노인사고,2020061100100428,2020년 6월 11일 17시,목요일,부산광역시 기장군 기장읍,중상사고,0,1,1,0,차대차 - 추돌,안전운전불이행,건조,맑음,교차로 - 교차로안,승용,여,50세,상해없음,승용,여,64세,경상
노인사고,2020061200100214,2020년 6월 12일 11시,금요일,부산광역시 남구 대연동,중상사고,0,1,0,0,차대차 - 기타,안전운전불이행,건조,맑음,단일로 - 기타,승용,여,62세,상해없음,승용,남,47세,상해없음
노인사고,2020061200100256,2020년 6월 12일 12시,금요일,부산광역시 부산진구 범천동,중상사고,0,1,0,0,차대사람 - 보도통행중,안전운전불이행,건조,맑음,교차로 - 교차로횡단보도내,화물,남,57세,상해없음,보행자,남,79세,중상
노인사고,2020061200100326,2020년 6월 12일 14시,금요일,부산광역시 해운대구 우동,중상사고,0,1,0,0,차대차 - 기타,기타,건조,맑음,단일로 - 기타,승용,남,64세,상해없음,자전거,남,78세,중상
노인사고,2020061200100327,2020년 6월 12일 14시,금요일,부산광역시 연제구 연산동,중상사고,0,1,0,0,차대차 - 측면충돌,안전운전불이행,건조,맑음,교차로 - 교차로부근,승용,여,53세,상해없음,이륜,남,78세,중상
노인사고,2020061200100362,2020년 6월 12일 15시,금요일,부산광역시 부산진구 부전동,경상사고,0,0,1,0,차대사람 - 기타,신호위반,건조,맑음,단일로 - 기타,승합,남,58세,상해없음,보행자,남,66세,경상
노인사고,2020061200100395,2020년 6월 12일 16시,금요일,부산광역시 동래구 복천동,중상사고,0,1,0,0,차대사람 - 횡단중,보행자보호의무위반,건조,맑음,교차로 - 교차로횡단보도내,화물,남,59세,상해없음,보행자,여,65세,중상
노인사고,2.02006E+15,2020년 6월 12일 17시,금요일,부산광역시 동래구 안락동,경상사고,0,0,2,0,차대차 - 측면충돌,안전운전불이행,건조,맑음,단일로 - 기타,화물,남,59세,경상,승용,남,77세,경상
노인사고,2020061200100497,2020년 6월 12일 18시,금요일,부산광역시 북구 구포동,중상사고,0,1,0,0,차량단독 - 기타,기타,건조,맑음,단일로 - 기타,승합,남,53세,상해없음,,,,
노인사고,2020061200100498,2020년 6월 12일 18시,금요일,부산광역시 부산진구 개금동,경상사고,0,0,1,0,차대차 - 추돌,안전운전불이행,건조,맑음,단일로 - 기타,승용,남,23세,상해없음,승용,여,65세,경상
노인사고,2020061200100499,2020년 6월 12일 18시,금요일,부산광역시 부산진구 당감동,경상사고,0,0,1,0,차대차 - 추돌,안전거리미확보,건조,맑음,단일로 - 기타,화물,남,34세,상해없음,승용,남,65세,경상
노인사고,2020061200100551,2020년 6월 12일 19시,금요일,부산광역시 동래구 사직동,경상사고,0,0,1,0,차대차 - 측면충돌,안전운전불이행,건조,맑음,단일로 - 기타,승용,남,43세,상해없음,승용,남,66세,경상
노인사고,2020061300100055,2020년 6월 13일 02시,토요일,부산광역시 동래구 온천동,경상사고,0,0,1,1,차대차 - 측면충돌,신호위반,젖음/습기,비,교차로 - 교차로안,승용,남,57세,기타불명,승용,남,70세,부상신고
노인사고,2.02006E+15,2020년 6월 13일 03시,토요일,부산광역시 동구 초량동,경상사고,0,0,2,1,차대차 - 추돌,차로위반,젖음/습기,비,단일로 - 기타,승용,남,55세,상해없음,승용,남,66세,경상
노인사고,2020061300100071,2020년 6월 13일 03시,토요일,부산광역시 수영구 망미동,경상사고,0,0,1,0,차량단독 - 전도전복 - 전복,안전운전불이행,젖음/습기,비,단일로 - 고가도로위,승용,남,62세,상해없음,,,,
노인사고,2.02006E+15,2020년 6월 13일 07시,토요일,부산광역시 영도구 봉래동5가,중상사고,0,1,1,0,차대차 - 추돌,안전운전불이행,젖음/습기,비,단일로 - 고가도로위,승용,여,47세,경상,승용,남,78세,중상
노인사고,2020061300100179,2020년 6월 13일 10시,토요일,부산광역시 사상구 감전동,부상신고사고,0,0,0,1,차대차 - 측면충돌,교차로운행방법위반,건조,맑음,교차로 - 교차로안,승용,남,74세,부상신고,승용,남,27세,상해없음
노인사고,2020061300100241,2020년 6월 13일 12시,토요일,부산광역시 연제구 연산동,경상사고,0,0,2,0,차대차 - 기타,안전운전불이행,건조,맑음,교차로 - 교차로안,승용,남,64세,상해없음,승용,남,69세,경상
노인사고,2020061300100296,2020년 6월 13일 13시,토요일,부산광역시 동구 초량동,중상사고,0,1,1,0,차대차 - 측면충돌,안전운전불이행,젖음/습기,흐림,단일로 - 기타,승용,남,60세,상해없음,이륜,남,64세,중상
노인사고,2020061400100224,2020년 6월 14일 14시,일요일,부산광역시 동구 초량동,경상사고,0,0,3,0,차대차 - 기타,차로위반,건조,맑음,단일로 - 기타,승용,여,34세,경상,승용,남,65세,경상
노인사고,2020061500100148,2020년 6월 15일 09시,월요일,부산광역시 사상구 덕포동,중상사고,0,1,0,0,차대사람 - 기타,안전운전불이행,건조,맑음,단일로 - 기타,화물,남,59세,상해없음,보행자,남,65세,중상
노인사고,2020061500100179,2020년 6월 15일 10시,월요일,부산광역시 서구 초장동,중상사고,0,1,0,0,차대차 - 측면충돌,기타,건조,맑음,교차로 - 교차로안,화물,남,57세,상해없음,원동기,남,68세,중상
노인사고,2020061500100223,2020년 6월 15일 11시,월요일,부산광역시 해운대구 재송동,경상사고,0,0,1,0,차대차 - 추돌,안전거리미확보,건조,맑음,단일로 - 기타,화물,남,47세,상해없음,화물,남,30세,상해없음
노인사고,2020061500100375,2020년 6월 15일 15시,월요일,부산광역시 동래구 온천동,부상신고사고,0,0,0,1,차대차 - 측면충돌,안전운전불이행,건조,맑음,교차로 - 교차로부근,자전거,남,73세,부상신고,승용,남,80세,상해없음
노인사고,2020061500100539,2020년 6월 15일 18시,월요일,부산광역시 연제구 연산동,중상사고,0,1,0,0,차대차 - 측면충돌,불법유턴,건조,맑음,단일로 - 기타,승용,여,49세,상해없음,자전거,여,66세,중상
노인사고,2.02006E+15,2020년 6월 16일 14시,화요일,부산광역시 동구 좌천동,경상사고,0,0,1,0,차량단독 - 전도전복 - 전도,안전운전불이행,건조,맑음,단일로 - 고가도로위,특수,남,65세,경상,,,,
노인사고,2020061600100351,2020년 6월 16일 15시,화요일,부산광역시 금정구 금사동,경상사고,0,0,3,0,차대차 - 측면충돌,기타,건조,맑음,교차로 - 교차로안,승용,남,81세,경상,화물,남,54세,경상
노인사고,2020061600100444,2020년 6월 16일 17시,화요일,부산광역시 부산진구 범천동,경상사고,0,0,1,0,차량단독 - 기타,기타,건조,맑음,단일로 - 기타,승합,남,58세,상해없음,,,,
노인사고,2020061600100499,2020년 6월 16일 18시,화요일,부산광역시 동래구 수안동,경상사고,0,0,1,0,차대사람 - 횡단중,보행자보호의무위반,건조,맑음,단일로 - 기타,승용,여,39세,상해없음,보행자,남,65세,경상
노인사고,2020061600100547,2020년 6월 16일 19시,화요일,부산광역시 해운대구 재송동,경상사고,0,0,1,0,차대사람 - 횡단중,안전운전불이행,건조,맑음,교차로 - 교차로횡단보도내,승용,남,19세,상해없음,보행자,여,76세,경상
노인사고,2020061700100049,2020년 6월 17일 06시,수요일,부산광역시 부산진구 범천동,중상사고,0,1,0,0,차대차 - 기타,교차로운행방법위반,건조,맑음,교차로 - 교차로안,이륜,남,66세,중상,화물,남,32세,상해없음
노인사고,2.02006E+15,2020년 6월 17일 06시,수요일,부산광역시 강서구 범방동,중상사고,0,1,0,0,차대차 - 측면충돌,신호위반,건조,맑음,교차로 - 교차로횡단보도내,승합,여,25세,상해없음,이륜,남,67세,중상
노인사고,2020061700100095,2020년 6월 17일 08시,수요일,부산광역시 서구 토성동5가,경상사고,0,0,1,1,차대차 - 측면충돌,안전운전불이행,건조,맑음,교차로 - 교차로안,승용,남,75세,부상신고,승용,여,59세,경상
노인사고,2.02006E+15,2020년 6월 17일 10시,수요일,부산광역시 해운대구 우동,경상사고,0,0,1,0,차대사람 - 횡단중,안전운전불이행,건조,흐림,교차로 - 교차로부근,승용,여,57세,상해없음,보행자,여,85세,경상
노인사고,2020061700100273,2020년 6월 17일 13시,수요일,부산광역시 영도구 대교동1가,중상사고,0,1,0,0,차대사람 - 기타,보행자보호의무위반,건조,맑음,교차로 - 교차로안,승용,남,64세,상해없음,보행자,여,76세,중상
노인사고,2020061700100355,2020년 6월 17일 15시,수요일,부산광역시 금정구 노포동,경상사고,0,0,5,1,차대차 - 추돌,안전운전불이행,건조,맑음,교차로 - 교차로안,화물,남,61세,경상,승용,여,71세,부상신고
노인사고,2020061700100414,2020년 6월 17일 17시,수요일,부산광역시 연제구 연산동,중상사고,0,1,0,0,차대차 - 기타,신호위반,건조,맑음,교차로 - 교차로안,승용,여,47세,상해없음,이륜,남,71세,중상
노인사고,2020061700100594,2020년 6월 17일 22시,수요일,부산광역시 남구 문현동,중상사고,0,1,1,0,차대차 - 추돌,차로위반,건조,맑음,기타 - 기타,승용,남,50세,상해없음,승용,남,67세,경상
노인사고,2020061800100168,2020년 6월 18일 09시,목요일,부산광역시 동래구 온천동,경상사고,0,0,1,0,차대차 - 추돌,안전운전불이행,젖음/습기,비,단일로 - 기타,화물,남,45세,상해없음,승용,남,69세,경상
노인사고,2020061800100205,2020년 6월 18일 10시,목요일,부산광역시 해운대구 우동,중상사고,0,1,0,0,차대사람 - 기타,안전운전불이행,젖음/습기,비,단일로 - 기타,승용,남,46세,상해없음,보행자,여,78세,중상
노인사고,2020061800100607,2020년 6월 18일 22시,목요일,부산광역시 중구 광복동2가,경상사고,0,0,1,0,차량단독 - 기타,안전운전불이행,젖음/습기,맑음,교차로 - 교차로부근,이륜,남,66세,경상,,,,
노인사고,2020061900100106,2020년 6월 19일 08시,금요일,부산광역시 연제구 연산동,중상사고,0,1,0,0,차대사람 - 기타,안전운전불이행,건조,맑음,단일로 - 기타,승용,남,45세,상해없음,보행자,남,70세,중상
노인사고,2020061900100209,2020년 6월 19일 11시,금요일,부산광역시 연제구 연산동,경상사고,0,0,1,0,차대사람 - 길가장자리구역통행중,안전운전불이행,건조,맑음,단일로 - 기타,승용,여,40세,기타불명,보행자,여,78세,경상
노인사고,2020061900100255,2020년 6월 19일 12시,금요일,부산광역시 강서구 강동동,부상신고사고,0,0,0,1,차대차 - 측면충돌,교차로운행방법위반,건조,맑음,교차로 - 교차로안,승용,여,50세,상해없음,원동기,남,74세,부상신고
노인사고,2020061900100306,2020년 6월 19일 13시,금요일,부산광역시 수영구 수영동,중상사고,0,2,0,0,차대차 - 후진중충돌,안전운전불이행,건조,맑음,주차장 - 주차장,화물,남,51세,상해없음,승용,남,66세,중상