사고부문,사고번호,사고일시,요일,시군구,사고내용,사망자수,중상자수,경상자수,부상신고자수,사고유형,법규위반,노면상태,기상상태,도로형태,가해운전자 차종,가해운전자 성별,가해운전자 연령,가해운전자 상해정도,피해운전자 차종,피해운전자 성별,피해운전자 연령,피해운전자 상해정도
노인사고,2020061900100339,2020년 6월 19일 14시,금요일,부산광역시 동래구 온천동,경상사고,0,0,1,0,차대사람 - 횡단중,보행자보호의무위반,건조,맑음,단일로 - 기타,이륜,남,52세,상해없음,보행자,여,79세,경상
노인사고,2020061900100425,2020년 6월 19일 16시,금요일,부산광역시 기장군 기장읍,중상사고,0,1,0,0,차대사람 - 보도통행중,안전운전불이행,건조,맑음,단일로 - 기타,승용,남,47세,상해없음,보행자,여,68세,중상
노인사고,2020061900100634,2020년 6월 19일 20시,금요일,부산광역시 수영구 광안동,경상사고,0,0,1,0,차대사람 - 횡단중,보행자보호의무위반,건조,맑음,교차로 - 교차로횡단보도내,승용,여,45세,상해없음,보행자,남,65세,경상
노인사고,2020061900100669,2020년 6월 19일 21시,금요일,부산광역시 북구 구포동,사망사고,1,0,0,0,차대사람 - 기타,안전운전불이행,건조,맑음,단일로 - 기타,승용,남,45세,상해없음,보행자,남,68세,사망
노인사고,2020061900100739,2020년 6월 19일 23시,금요일,부산광역시 부산진구 전포동,경상사고,0,0,2,0,차대차 - 측면충돌,안전운전불이행,젖음/습기,맑음,단일로 - 기타,승용,남,26세,상해없음,승용,남,67세,경상
노인사고,2020062000100245,2020년 6월 20일 12시,토요일,부산광역시 기장군 기장읍,경상사고,0,0,2,0,차대차 - 측면충돌,안전운전불이행,건조,맑음,교차로 - 교차로안,승용,남,19세,상해없음,승용,남,69세,경상
노인사고,2020062000100297,2020년 6월 20일 13시,토요일,부산광역시 해운대구 우동,경상사고,0,0,1,0,차대차 - 측면충돌,교차로운행방법위반,건조,맑음,교차로 - 교차로안,승용,남,30세,상해없음,승용,남,65세,경상
노인사고,2.02006E+15,2020년 6월 20일 15시,토요일,부산광역시 금정구 부곡동,경상사고,0,0,1,1,차대차 - 기타,안전운전불이행,건조,맑음,단일로 - 기타,승용,여,37세,부상신고,건설기계,남,74세,경상
노인사고,2020062000100457,2020년 6월 20일 17시,토요일,부산광역시 동구 초량동,경상사고,0,0,1,0,차대차 - 측면충돌,교차로운행방법위반,건조,맑음,교차로 - 교차로안,승용,여,58세,상해없음,승용,남,70세,경상
노인사고,2020062000100498,2020년 6월 20일 18시,토요일,부산광역시 금정구 노포동,중상사고,0,1,0,0,차대차 - 측면충돌,신호위반,건조,맑음,교차로 - 교차로횡단보도내,승용,남,60세,상해없음,자전거,여,77세,중상
노인사고,2020062100100214,2020년 6월 21일 13시,일요일,부산광역시 부산진구 양정동,중상사고,0,1,0,0,차대차 - 기타,안전운전불이행,건조,맑음,단일로 - 기타,자전거,남,80세,중상,승용,남,46세,상해없음
노인사고,2020062100100316,2020년 6월 21일 16시,일요일,부산광역시 금정구 부곡동,중상사고,0,1,0,0,차량단독 - 기타,안전운전불이행,건조,맑음,단일로 - 기타,승합,남,62세,상해없음,,,,
노인사고,2020062100100437,2020년 6월 21일 20시,일요일,부산광역시 사하구 괴정동,경상사고,0,0,1,0,차대사람 - 기타,안전운전불이행,건조,맑음,단일로 - 지하차도(도로)내,이륜,남,59세,상해없음,보행자,남,66세,경상
노인사고,2020062100100464,2020년 6월 21일 21시,일요일,부산광역시 수영구 망미동,사망사고,1,0,0,0,차대사람 - 횡단중,안전운전불이행,건조,맑음,교차로 - 교차로부근,승합,남,44세,상해없음,보행자,여,76세,사망
노인사고,2020062200100054,2020년 6월 22일 06시,월요일,부산광역시 사하구 신평동,중상사고,0,2,0,0,차대차 - 기타,직진우회전진행방해,건조,맑음,교차로 - 교차로부근,승용,남,66세,상해없음,승용,남,68세,중상
노인사고,2020062200100196,2020년 6월 22일 10시,월요일,부산광역시 연제구 연산동,경상사고,0,0,2,0,차대차 - 추돌,교차로운행방법위반,건조,맑음,교차로 - 교차로안,승용,여,65세,경상,승용,여,53세,경상
노인사고,2.02006E+15,2020년 6월 22일 10시,월요일,부산광역시 사상구 덕포동,중상사고,0,1,0,0,차대사람 - 횡단중,보행자보호의무위반,건조,맑음,교차로 - 교차로횡단보도내,화물,남,52세,상해없음,보행자,여,74세,중상
노인사고,2020062200100243,2020년 6월 22일 11시,월요일,부산광역시 서구 남부민동,중상사고,0,1,0,0,차대차 - 측면충돌,신호위반,건조,맑음,교차로 - 교차로안,자전거,남,77세,중상,화물,남,36세,상해없음
노인사고,2020062200100244,2020년 6월 22일 11시,월요일,부산광역시 영도구 청학동,경상사고,0,0,2,0,차대차 - 후진중충돌,안전운전불이행,건조,맑음,주차장 - 주차장,승용,남,48세,상해없음,승용,남,65세,경상
노인사고,2020062200100277,2020년 6월 22일 12시,월요일,부산광역시 영도구 영선동3가,중상사고,0,1,0,0,차대사람 - 횡단중,안전운전불이행,건조,맑음,단일로 - 기타,승용,남,59세,상해없음,보행자,여,79세,중상
노인사고,2020062200100321,2020년 6월 22일 13시,월요일,부산광역시 북구 덕천동,경상사고,0,0,4,0,차대차 - 기타,안전거리미확보,건조,맑음,단일로 - 기타,승용,남,71세,경상,승합,남,44세,상해없음
노인사고,2020062200100449,2020년 6월 22일 16시,월요일,부산광역시 중구 대청동2가,경상사고,0,0,1,0,차대차 - 측면충돌,신호위반,건조,맑음,교차로 - 교차로부근,이륜,남,18세,상해없음,이륜,남,75세,경상
노인사고,2020062200100516,2020년 6월 22일 17시,월요일,부산광역시 동구 수정동,경상사고,0,0,1,0,차대사람 - 기타,안전운전불이행,건조,맑음,단일로 - 기타,승용,여,45세,상해없음,보행자,여,80세,경상
노인사고,2020062300100008,2020년 6월 23일 00시,화요일,부산광역시 부산진구 부전동,경상사고,0,0,2,0,차대차 - 측면충돌,신호위반,건조,맑음,교차로 - 교차로안,승용,남,91세,상해없음,승용,남,70세,경상
노인사고,2020062300100009,2020년 6월 23일 00시,화요일,부산광역시 사상구 감전동,경상사고,0,0,2,0,차대차 - 기타,신호위반,건조,맑음,교차로 - 교차로안,승용,남,73세,경상,승용,남,26세,경상
노인사고,2020062300100109,2020년 6월 23일 08시,화요일,부산광역시 사하구 하단동,경상사고,0,0,7,0,차대차 - 측면충돌,안전거리미확보,건조,맑음,단일로 - 교량,승용,여,49세,상해없음,승합,남,62세,경상
노인사고,2020062300100242,2020년 6월 23일 11시,화요일,부산광역시 남구 대연동,경상사고,0,0,1,0,차대사람 - 기타,기타,건조,맑음,단일로 - 기타,기타불명,기타불명,미분류,기타불명,보행자,여,67세,경상
노인사고,2020062300100245,2020년 6월 23일 11시,화요일,부산광역시 사상구 괘법동,중상사고,0,1,0,0,차대사람 - 횡단중,안전운전불이행,건조,맑음,기타 - 기타,화물,남,71세,상해없음,보행자,남,71세,중상
노인사고,2020062300100372,2020년 6월 23일 15시,화요일,부산광역시 북구 구포동,중상사고,0,1,0,0,차대사람 - 기타,신호위반,건조,맑음,교차로 - 교차로횡단보도내,화물,남,50세,상해없음,보행자,여,66세,중상
노인사고,2020062300100373,2020년 6월 23일 15시,화요일,부산광역시 부산진구 양정동,중상사고,0,3,1,0,차대차 - 추돌,안전운전불이행,건조,맑음,기타 - 기타,승용,남,68세,상해없음,승용,남,67세,경상
노인사고,2020062400100143,2020년 6월 24일 09시,수요일,부산광역시 사하구 감천동,중상사고,0,1,0,0,차대사람 - 기타,안전운전불이행,건조,맑음,기타 - 기타,승용,남,64세,상해없음,보행자,여,85세,중상
노인사고,2020062400100185,2020년 6월 24일 11시,수요일,부산광역시 북구 화명동,경상사고,0,0,1,0,차대사람 - 기타,보행자보호의무위반,건조,맑음,기타 - 기타,화물,남,33세,상해없음,보행자,여,66세,경상
노인사고,2020062400100186,2020년 6월 24일 11시,수요일,부산광역시 해운대구 반송동,중상사고,0,1,0,0,차대사람 - 횡단중,보행자보호의무위반,건조,맑음,교차로 - 교차로부근,승용,남,64세,상해없음,보행자,여,71세,중상
노인사고,2020062400100289,2020년 6월 24일 14시,수요일,부산광역시 부산진구 가야동,중상사고,0,1,0,0,차대차 - 측면충돌,안전운전불이행,건조,맑음,단일로 - 기타,승용,남,63세,상해없음,이륜,남,70세,중상
노인사고,2.02006E+15,2020년 6월 24일 14시,수요일,부산광역시 부산진구 부암동,사망사고,1,0,0,0,차대사람 - 횡단중,보행자보호의무위반,젖음/습기,비,교차로 - 교차로횡단보도내,승합,남,67세,상해없음,보행자,여,74세,사망
노인사고,2020062400100291,2020년 6월 24일 14시,수요일,부산광역시 금정구 부곡동,중상사고,0,1,1,0,차대차 - 추돌,안전운전불이행,건조,맑음,단일로 - 기타,승용,여,71세,경상,승합,남,40세,중상
노인사고,2020062400100595,2020년 6월 24일 21시,수요일,부산광역시 사상구 엄궁동,경상사고,0,0,2,1,차대차 - 측면충돌,신호위반,젖음/습기,비,교차로 - 교차로안,승용,여,60세,상해없음,승용,여,45세,경상
노인사고,2020062500100154,2020년 6월 25일 09시,목요일,부산광역시 부산진구 전포동,중상사고,0,1,0,0,차대사람 - 횡단중,보행자보호의무위반,젖음/습기,비,교차로 - 교차로횡단보도내,승용,남,27세,상해없음,보행자,여,83세,중상
노인사고,2020062500100189,2020년 6월 25일 10시,목요일,부산광역시 해운대구 중동,부상신고사고,0,0,0,1,차량단독 - 공작물충돌,안전운전불이행,젖음/습기,흐림,교차로 - 교차로안,승용,여,65세,부상신고,,,,
노인사고,2020062500100245,2020년 6월 25일 12시,목요일,부산광역시 부산진구 부전동,중상사고,0,1,1,0,차대차 - 측면충돌,신호위반,건조,맑음,교차로 - 교차로안,승용,여,57세,상해없음,승용,남,73세,중상
노인사고,2020062500100299,2020년 6월 25일 14시,목요일,부산광역시 사하구 다대동,중상사고,0,5,2,0,차대차 - 측면충돌,안전거리미확보,젖음/습기,비,단일로 - 기타,화물,남,52세,상해없음,승용,여,43세,중상
노인사고,2020062500100335,2020년 6월 25일 15시,목요일,부산광역시 중구 보수동3가,부상신고사고,0,0,0,1,차대차 - 측면충돌,안전운전불이행,젖음/습기,비,교차로 - 교차로부근,자전거,남,71세,부상신고,승합,남,43세,상해없음
노인사고,2020062600100116,2020년 6월 26일 08시,금요일,부산광역시 금정구 구서동,중상사고,0,1,0,0,차량단독 - 기타,교차로운행방법위반,건조,맑음,단일로 - 기타,승합,남,41세,기타불명,,,,
노인사고,2020062600100161,2020년 6월 26일 09시,금요일,부산광역시 서구 암남동,중상사고,0,2,0,0,차대차 - 측면충돌,안전운전불이행,건조,맑음,단일로 - 기타,화물,남,30세,중상,승용,남,65세,중상
노인사고,2020062600100451,2020년 6월 26일 17시,금요일,부산광역시 동래구 수안동,중상사고,0,1,1,0,차대차 - 기타,불법유턴,건조,맑음,단일로 - 기타,이륜,남,47세,상해없음,승합,남,50세,상해없음
노인사고,2020062600100513,2020년 6월 26일 18시,금요일,부산광역시 서구 암남동,중상사고,0,1,0,0,차대사람 - 횡단중,보행자보호의무위반,건조,맑음,단일로 - 기타,승용,여,35세,상해없음,보행자,여,71세,중상
노인사고,2020062600100514,2020년 6월 26일 18시,금요일,부산광역시 부산진구 전포동,경상사고,0,0,2,0,차대차 - 추돌,안전운전불이행,건조,맑음,단일로 - 기타,승용,남,47세,상해없음,승용,여,52세,경상
노인사고,2020062600100675,2020년 6월 26일 22시,금요일,부산광역시 부산진구 전포동,중상사고,0,1,1,0,차대차 - 기타,신호위반,건조,맑음,교차로 - 교차로안,승용,남,29세,상해없음,승용,남,66세,중상
노인사고,2020062700100092,2020년 6월 27일 06시,토요일,부산광역시 부산진구 부전동,부상신고사고,0,0,0,1,차대차 - 측면충돌,안전운전불이행,건조,맑음,교차로 - 교차로부근,자전거,남,28세,상해없음,자전거,남,85세,부상신고
노인사고,2.02006E+15,2020년 6월 27일 09시,토요일,부산광역시 연제구 연산동,경상사고,0,0,5,0,차대차 - 측면충돌,신호위반,건조,맑음,교차로 - 교차로안,승용,남,48세,상해없음,승합,남,62세,경상
노인사고,2020062700100189,2020년 6월 27일 11시,토요일,부산광역시 영도구 대교동2가,중상사고,0,1,0,0,차대사람 - 기타,안전운전불이행,건조,맑음,단일로 - 기타,승용,여,38세,상해없음,보행자,남,72세,중상
노인사고,2.02006E+15,2020년 6월 27일 11시,토요일,부산광역시 연제구 거제동,중상사고,0,1,0,0,차대사람 - 횡단중,보행자보호의무위반,건조,맑음,교차로 - 교차로횡단보도내,화물,남,55세,상해없음,보행자,여,88세,중상
노인사고,2020062700100232,2020년 6월 27일 12시,토요일,부산광역시 기장군 철마면,경상사고,0,0,4,0,차대차 - 측면충돌,안전운전불이행,건조,맑음,단일로 - 기타,승용,여,45세,경상,승용,남,70세,경상
노인사고,2020062700100295,2020년 6월 27일 14시,토요일,부산광역시 해운대구 반여동,경상사고,0,0,2,0,차대차 - 기타,불법유턴,건조,맑음,교차로 - 교차로횡단보도내,자전거,남,70세,경상,승용,여,23세,경상
노인사고,2020062700100337,2020년 6월 27일 15시,토요일,부산광역시 동래구 안락동,경상사고,0,0,1,0,차대차 - 기타,안전운전불이행,건조,맑음,단일로 - 기타,승용,남,63세,상해없음,승용,남,72세,경상
노인사고,2020062700100339,2020년 6월 27일 15시,토요일,부산광역시 수영구 망미동,경상사고,0,0,2,0,차대차 - 추돌,교차로운행방법위반,건조,맑음,교차로 - 교차로안,화물,남,35세,상해없음,이륜,남,70세,경상
노인사고,2020062800100089,2020년 6월 28일 07시,일요일,부산광역시 부산진구 부전동,경상사고,0,0,1,0,차대차 - 측면충돌,안전거리미확보,건조,맑음,단일로 - 기타,승용,남,27세,상해없음,승용,남,66세,경상
노인사고,2020062800100207,2020년 6월 28일 13시,일요일,부산광역시 해운대구 중동,중상사고,0,1,0,0,차대사람 - 차도통행중,안전운전불이행,건조,맑음,단일로 - 기타,승용,남,27세,상해없음,보행자,여,68세,중상
노인사고,2020062800100269,2020년 6월 28일 15시,일요일,부산광역시 동래구 안락동,경상사고,0,0,1,0,차대차 - 기타,신호위반,건조,맑음,단일로 - 기타,승용,남,47세,상해없음,승합,남,29세,상해없음
노인사고,2020062900100004,2020년 6월 29일 01시,월요일,부산광역시 부산진구 부전동,중상사고,0,2,2,0,차대차 - 측면충돌,신호위반,건조,맑음,교차로 - 교차로안,승용,남,60세,상해없음,승용,남,65세,중상
노인사고,2020062900100074,2020년 6월 29일 08시,월요일,부산광역시 강서구 대저2동,경상사고,0,0,1,0,차대차 - 추돌,안전운전불이행,건조,맑음,기타 - 기타,화물,남,51세,상해없음,승용,남,72세,경상
노인사고,2020062900100167,2020년 6월 29일 11시,월요일,부산광역시 동구 범일동,경상사고,0,0,1,0,차대차 - 측면충돌,안전거리미확보,건조,맑음,단일로 - 기타,승용,남,51세,상해없음,승용,남,67세,경상
노인사고,2020062900100207,2020년 6월 29일 12시,월요일,부산광역시 강서구 강동동,중상사고,0,1,0,0,차대차 - 기타,안전운전불이행,건조,맑음,기타 - 기타,이륜,남,66세,중상,승용,여,57세,상해없음
노인사고,2020062900100276,2020년 6월 29일 14시,월요일,부산광역시 연제구 연산동,중상사고,0,1,0,0,차대사람 - 기타,신호위반,젖음/습기,맑음,단일로 - 기타,승용,남,50세,상해없음,보행자,여,84세,중상
노인사고,2020062900100346,2020년 6월 29일 16시,월요일,부산광역시 영도구 봉래동1가,경상사고,0,0,2,0,차대차 - 추돌,안전거리미확보,젖음/습기,비,단일로 - 기타,승용,남,28세,상해없음,승용,남,68세,경상
노인사고,2020062900100393,2020년 6월 29일 17시,월요일,부산광역시 부산진구 전포동,경상사고,0,0,1,1,차대차 - 측면충돌,안전운전불이행,건조,맑음,교차로 - 교차로안,이륜,남,25세,부상신고,승용,남,73세,경상
노인사고,2020062900100482,2020년 6월 29일 19시,월요일,부산광역시 사하구 신평동,중상사고,0,1,0,0,차대사람 - 횡단중,안전운전불이행,젖음/습기,비,교차로 - 교차로부근,승용,남,42세,상해없음,보행자,남,76세,중상
노인사고,2020062900100651,2020년 6월 29일 23시,월요일,부산광역시 서구 서대신동2가,중상사고,0,1,1,0,차대차 - 정면충돌,신호위반,젖음/습기,비,교차로 - 교차로안,승용,남,35세,상해없음,승용,여,55세,중상
노인사고,2020063000100244,2020년 6월 30일 13시,화요일,부산광역시 금정구 서동,중상사고,0,1,0,0,차대사람 - 차도통행중,안전운전불이행,건조,맑음,단일로 - 기타,승용,남,43세,상해없음,보행자,여,84세,중상
노인사고,2020063000100278,2020년 6월 30일 14시,화요일,부산광역시 부산진구 부전동,경상사고,0,0,1,0,차대사람 - 기타,안전운전불이행,건조,맑음,교차로 - 교차로안,승용,남,76세,상해없음,보행자,여,72세,경상
노인사고,2020070100100141,2020년 7월 1일 09시,수요일,부산광역시 사상구 학장동,경상사고,0,0,2,0,차대차 - 측면충돌,차로위반,건조,맑음,단일로 - 기타,승용,여,58세,상해없음,승용,남,49세,경상
노인사고,2020070100100171,2020년 7월 1일 10시,수요일,부산광역시 동래구 명륜동,중상사고,0,1,0,0,차대사람 - 차도통행중,안전운전불이행,건조,맑음,단일로 - 기타,승용,남,58세,상해없음,보행자,남,83세,중상
노인사고,2020070100100172,2020년 7월 1일 10시,수요일,부산광역시 해운대구 반여동,경상사고,0,0,1,0,차대차 - 기타,기타,건조,맑음,단일로 - 기타,승용,여,63세,상해없음,승용,남,65세,기타불명
노인사고,2020070100100229,2020년 7월 1일 12시,수요일,부산광역시 남구 용호동,중상사고,0,2,2,3,차대차 - 정면충돌,과속,건조,맑음,단일로 - 기타,승용,남,25세,경상,승합,남,56세,중상
노인사고,2020070100100254,2020년 7월 1일 13시,수요일,부산광역시 부산진구 부전동,중상사고,0,1,3,0,차대차 - 기타,신호위반,건조,맑음,교차로 - 교차로안,승용,여,48세,상해없음,승용,남,73세,경상
노인사고,2020070100100287,2020년 7월 1일 14시,수요일,부산광역시 기장군 정관읍,중상사고,0,1,1,0,차대사람 - 횡단중,안전운전불이행,건조,맑음,단일로 - 기타,이륜,남,29세,경상,보행자,여,68세,중상
노인사고,2020070200100036,2020년 7월 2일 05시,목요일,부산광역시 부산진구 부전동,경상사고,0,0,1,0,차대차 - 측면충돌,신호위반,건조,맑음,단일로 - 기타,승용,남,26세,상해없음,승용,남,68세,경상
노인사고,2020070200100093,2020년 7월 2일 08시,목요일,부산광역시 동래구 수안동,경상사고,0,0,1,0,차대차 - 추돌,교차로운행방법위반,건조,맑음,단일로 - 기타,화물,남,60세,상해없음,승용,남,72세,상해없음
노인사고,2020070200100131,2020년 7월 2일 09시,목요일,부산광역시 수영구 광안동,중상사고,0,1,0,0,차대사람 - 길가장자리구역통행중,안전운전불이행,건조,맑음,단일로 - 기타,승용,남,72세,상해없음,보행자,여,68세,중상
노인사고,2020070200100168,2020년 7월 2일 10시,목요일,부산광역시 사하구 괴정동,경상사고,0,0,1,0,차대차 - 기타,안전운전불이행,건조,맑음,단일로 - 지하차도(도로)내,승용,여,39세,기타불명,승용,남,70세,경상
노인사고,2020070200100264,2020년 7월 2일 13시,목요일,부산광역시 금정구 장전동,경상사고,0,0,3,0,차대차 - 추돌,안전운전불이행,건조,맑음,교차로 - 교차로안,화물,남,41세,상해없음,승용,남,66세,경상
노인사고,2020070200100376,2020년 7월 2일 16시,목요일,부산광역시 서구 동대신동3가,중상사고,0,1,0,0,차대사람 - 차도통행중,안전운전불이행,건조,맑음,단일로 - 기타,승용,남,53세,상해없음,보행자,여,65세,중상
노인사고,2020070200100419,2020년 7월 2일 17시,목요일,부산광역시 북구 구포동,사망사고,1,0,0,0,차대차 - 측면충돌,신호위반,건조,맑음,교차로 - 교차로안,이륜,남,72세,사망,승용,여,39세,상해없음
노인사고,2020070300100104,2020년 7월 3일 08시,금요일,부산광역시 동래구 온천동,중상사고,0,1,0,0,차대차 - 기타,안전운전불이행,건조,맑음,단일로 - 기타,승용,여,64세,상해없음,자전거,남,77세,중상
노인사고,2020070300100207,2020년 7월 3일 11시,금요일,부산광역시 부산진구 범천동,중상사고,0,1,0,0,차대사람 - 기타,안전운전불이행,건조,맑음,단일로 - 기타,승용,남,62세,상해없음,보행자,남,82세,중상
노인사고,2020070300100304,2020년 7월 3일 14시,금요일,부산광역시 부산진구 당감동,중상사고,0,1,1,0,차대사람 - 횡단중,신호위반,젖음/습기,비,교차로 - 교차로횡단보도내,화물,남,59세,상해없음,보행자,여,70세,중상
노인사고,2020070300100335,2020년 7월 3일 15시,금요일,부산광역시 서구 동대신동2가,경상사고,0,0,2,0,차대차 - 측면충돌,안전운전불이행,건조,맑음,단일로 - 기타,승용,남,37세,경상,승용,남,65세,경상
노인사고,2020070300100373,2020년 7월 3일 16시,금요일,부산광역시 해운대구 우동,경상사고,0,0,1,0,차대사람 - 횡단중,안전운전불이행,건조,맑음,단일로 - 기타,이륜,남,44세,상해없음,보행자,여,68세,경상
노인사고,2.02007E+15,2020년 7월 3일 17시,금요일,부산광역시 북구 화명동,경상사고,0,0,1,0,차대차 - 측면충돌,안전운전불이행,건조,맑음,단일로 - 기타,화물,남,59세,상해없음,승용,남,65세,상해없음
노인사고,2020070300100468,2020년 7월 3일 18시,금요일,부산광역시 동구 수정동,중상사고,0,1,0,0,차량단독 - 기타,안전운전불이행,건조,맑음,단일로 - 기타,승합,남,62세,상해없음,,,,
노인사고,2.02007E+15,2020년 7월 3일 18시,금요일,부산광역시 연제구 거제동,경상사고,0,0,1,0,차대차 - 측면충돌,신호위반,건조,맑음,교차로 - 교차로안,승합,남,63세,상해없음,승용,남,72세,경상
노인사고,2020070300100671,2020년 7월 3일 23시,금요일,부산광역시 기장군 기장읍,중상사고,0,1,0,0,차대사람 - 횡단중,보행자보호의무위반,젖음/습기,비,단일로 - 기타,승용,여,55세,상해없음,보행자,남,66세,중상
노인사고,2.02007E+15,2020년 7월 4일 07시,토요일,부산광역시 기장군 기장읍,중상사고,0,1,2,0,차대차 - 측면충돌,신호위반,건조,맑음,교차로 - 교차로안,승용,남,76세,중상,승용,남,45세,경상
노인사고,2.02007E+15,2020년 7월 4일 11시,토요일,부산광역시 수영구 민락동,부상신고사고,0,0,0,1,차대차 - 추돌,안전운전불이행,건조,맑음,기타 - 기타,개인형이동수단(PM),남,98세 이상,상해없음,자전거,여,68세,부상신고
노인사고,2020070400100221,2020년 7월 4일 11시,토요일,부산광역시 동래구 사직동,경상사고,0,0,1,0,차대사람 - 보도통행중,안전운전불이행,건조,맑음,교차로 - 교차로부근,승용,남,48세,상해없음,보행자,남,75세,경상
노인사고,2020070400100223,2020년 7월 4일 11시,토요일,부산광역시 부산진구 가야동,중상사고,0,1,0,0,차대사람 - 기타,안전운전불이행,건조,맑음,단일로 - 기타,화물,남,35세,상해없음,보행자,여,68세,중상
노인사고,2020070400100293,2020년 7월 4일 13시,토요일,부산광역시 사상구 엄궁동,중상사고,0,1,0,0,차량단독 - 기타,안전운전불이행,건조,맑음,단일로 - 기타,승합,남,40세,상해없음,,,,
노인사고,2.02007E+15,2020년 7월 4일 16시,토요일,부산광역시 부산진구 부전동,경상사고,0,0,2,0,차대차 - 측면충돌,안전운전불이행,건조,맑음,단일로 - 기타,승합,남,60세,상해없음,승용,여,66세,경상
노인사고,2020070500100063,2020년 7월 5일 05시,일요일,부산광역시 영도구 신선동3가,중상사고,0,1,0,0,차대사람 - 길가장자리구역통행중,불법유턴,건조,맑음,단일로 - 기타,화물,남,37세,상해없음,보행자,여,81세,중상
노인사고,2020070500100084,2020년 7월 5일 07시,일요일,부산광역시 금정구 회동동,사망사고,1,0,0,0,차량단독 - 공작물충돌,안전운전불이행,건조,맑음,단일로 - 교량,승용,남,72세,사망,,,,
노인사고,2020070500100313,2020년 7월 5일 17시,일요일,부산광역시 남구 용호동,중상사고,0,2,2,0,차대차 - 측면충돌,과속,건조,맑음,교차로 - 교차로안,승용,여,78세,기타불명,승용,남,53세,경상
노인사고,2020070500100366,2020년 7월 5일 19시,일요일,부산광역시 사하구 신평동,중상사고,0,2,0,0,차대차 - 기타,교차로운행방법위반,건조,맑음,교차로 - 교차로안,화물,남,59세,상해없음,원동기,남,67세,중상
노인사고,2020070600100079,2020년 7월 6일 08시,월요일,부산광역시 해운대구 우동,경상사고,0,0,2,0,차대차 - 추돌,안전운전불이행,건조,맑음,단일로 - 교량,승용,남,56세,상해없음,승합,남,67세,경상
노인사고,2020070600100123,2020년 7월 6일 09시,월요일,부산광역시 동구 초량동,경상사고,0,0,1,1,차대차 - 기타,교차로운행방법위반,건조,맑음,교차로 - 교차로안,승용,남,21세,부상신고,승용,남,72세,경상
노인사고,2020070600100263,2020년 7월 6일 13시,월요일,부산광역시 사상구 괘법동,중상사고,0,1,0,0,차대사람 - 횡단중,보행자보호의무위반,건조,맑음,교차로 - 교차로횡단보도내,화물,남,49세,상해없음,보행자,여,68세,중상
노인사고,2020070600100396,2020년 7월 6일 17시,월요일,부산광역시 서구 동대신동3가,경상사고,0,0,1,0,차대차 - 측면충돌,직진우회전진행방해,건조,맑음,교차로 - 교차로부근,승합,남,60세,상해없음,승용,남,77세,경상
노인사고,2020070600100556,2020년 7월 6일 22시,월요일,부산광역시 해운대구 재송동,경상사고,0,0,2,0,차대차 - 측면충돌,안전운전불이행,건조,맑음,교차로 - 교차로안,승용,남,44세,경상,승용,남,66세,경상
노인사고,2020070700100015,2020년 7월 7일 01시,화요일,부산광역시 해운대구 중동,경상사고,0,0,2,0,차대차 - 측면충돌,기타,건조,맑음,교차로 - 교차로안,승용,남,26세,경상,승용,남,65세,경상
노인사고,2020070700100095,2020년 7월 7일 08시,화요일,부산광역시 연제구 연산동,중상사고,0,1,0,0,차대사람 - 기타,보행자보호의무위반,건조,맑음,교차로 - 교차로부근,승용,남,72세,상해없음,보행자,남,71세,중상
노인사고,2020070700100212,2020년 7월 7일 12시,화요일,부산광역시 수영구 민락동,중상사고,0,1,0,0,차대사람 - 기타,안전운전불이행,건조,맑음,단일로 - 기타,개인형이동수단(PM),남,31세,상해없음,보행자,여,65세,중상
노인사고,2020070700100277,2020년 7월 7일 14시,화요일,부산광역시 금정구 장전동,경상사고,0,0,1,0,차대사람 - 기타,안전운전불이행,건조,맑음,단일로 - 기타,승용,여,50세,상해없음,보행자,남,83세,경상
노인사고,2020070700100349,2020년 7월 7일 16시,화요일,부산광역시 연제구 거제동,중상사고,0,1,1,0,차대차 - 추돌,안전운전불이행,건조,맑음,교차로 - 교차로부근,화물,남,61세,기타불명,승용,여,57세,중상
노인사고,2020070700100382,2020년 7월 7일 17시,화요일,부산광역시 금정구 부곡동,중상사고,0,1,0,0,차대차 - 측면충돌,신호위반,건조,맑음,단일로 - 기타,이륜,남,30세,상해없음,이륜,남,69세,중상
노인사고,2020070700100434,2020년 7월 7일 18시,화요일,부산광역시 부산진구 개금동,중상사고,0,1,0,0,차대사람 - 횡단중,신호위반,건조,맑음,단일로 - 기타,이륜,남,18세,상해없음,보행자,여,67세,중상
노인사고,2020070700100514,2020년 7월 7일 20시,화요일,부산광역시 사하구 신평동,경상사고,0,0,1,0,차대차 - 추돌,안전운전불이행,건조,맑음,교차로 - 교차로부근,승용,여,28세,상해없음,승용,남,72세,경상
노인사고,2020070700100543,2020년 7월 7일 21시,화요일,부산광역시 북구 화명동,경상사고,0,0,2,0,차대차 - 정면충돌,안전운전불이행,건조,맑음,단일로 - 지하차도(도로)내,승용,남,41세,상해없음,승용,남,66세,경상
노인사고,2020070800100095,2020년 7월 8일 08시,수요일,부산광역시 부산진구 당감동,중상사고,0,1,0,0,차대사람 - 보도통행중,기타,건조,맑음,기타 - 기타,자전거,남,19세,상해없음,보행자,남,85세,중상