사고부문,사고번호,사고일시,요일,시군구,사고내용,사망자수,중상자수,경상자수,부상신고자수,사고유형,법규위반,노면상태,기상상태,도로형태,가해운전자 차종,가해운전자 성별,가해운전자 연령,가해운전자 상해정도,피해운전자 차종,피해운전자 성별,피해운전자 연령,피해운전자 상해정도
노인사고,2020070800100261,2020년 7월 8일 13시,수요일,부산광역시 해운대구 반여동,중상사고,0,1,0,0,차대차 - 기타,안전운전불이행,건조,맑음,단일로 - 기타,승용,남,37세,상해없음,자전거,남,71세,중상
노인사고,2020070800100295,2020년 7월 8일 14시,수요일,부산광역시 동래구 명장동,중상사고,0,1,0,0,차대사람 - 횡단중,보행자보호의무위반,건조,맑음,교차로 - 교차로부근,화물,남,51세,상해없음,보행자,남,76세,중상
노인사고,2020070800100329,2020년 7월 8일 15시,수요일,부산광역시 부산진구 범천동,중상사고,0,1,0,0,차대차 - 측면충돌,중앙선침범,건조,맑음,교차로 - 교차로부근,승용,여,50세,상해없음,이륜,남,65세,중상
노인사고,2020070800100622,2020년 7월 8일 23시,수요일,부산광역시 북구 덕천동,중상사고,0,1,1,0,차대차 - 기타,안전거리미확보,건조,맑음,단일로 - 기타,승용,남,26세,상해없음,승용,남,70세,경상
노인사고,2020070900100102,2020년 7월 9일 08시,목요일,부산광역시 연제구 연산동,경상사고,0,0,1,0,차대차 - 기타,안전운전불이행,건조,맑음,단일로 - 기타,승용,남,67세,상해없음,승용,여,68세,경상
노인사고,2020070900100139,2020년 7월 9일 09시,목요일,부산광역시 연제구 연산동,경상사고,0,0,1,0,차대차 - 기타,불법유턴,건조,맑음,교차로 - 교차로횡단보도내,자전거,남,76세,경상,승용,남,48세,상해없음
노인사고,2020070900100205,2020년 7월 9일 11시,목요일,부산광역시 서구 토성동4가,부상신고사고,0,0,0,1,차대차 - 기타,교차로운행방법위반,건조,흐림,교차로 - 교차로안,승용,여,59세,상해없음,승합,남,46세,상해없음
노인사고,2020070900100208,2020년 7월 9일 11시,목요일,부산광역시 강서구 명지동,경상사고,0,0,2,0,차대차 - 측면충돌,안전거리미확보,건조,맑음,단일로 - 기타,승합,남,61세,상해없음,승용,남,65세,경상
노인사고,2020070900100322,2020년 7월 9일 14시,목요일,부산광역시 동구 초량동,경상사고,0,0,3,1,차대차 - 측면충돌,안전운전불이행,건조,맑음,교차로 - 교차로안,승용,남,69세,부상신고,승용,남,52세,경상
노인사고,2020070900100324,2020년 7월 9일 14시,목요일,부산광역시 사하구 당리동,경상사고,0,0,1,0,차대차 - 기타,교차로운행방법위반,건조,맑음,교차로 - 교차로안,승용,남,41세,상해없음,승용,여,70세,경상
노인사고,2020070900100362,2020년 7월 9일 15시,목요일,부산광역시 수영구 광안동,부상신고사고,0,0,0,1,차대차 - 측면충돌,안전운전불이행,젖음/습기,비,교차로 - 교차로안,화물,남,42세,상해없음,이륜,남,75세,부상신고
노인사고,2020070900100413,2020년 7월 9일 16시,목요일,부산광역시 연제구 연산동,경상사고,0,0,2,0,차대차 - 기타,신호위반,건조,맑음,교차로 - 교차로안,승용,남,23세,상해없음,승용,남,69세,경상
노인사고,2020070900100505,2020년 7월 9일 18시,목요일,부산광역시 사상구 괘법동,중상사고,0,1,0,0,차대사람 - 차도통행중,안전운전불이행,건조,맑음,교차로 - 교차로안,승용,여,61세,상해없음,보행자,여,79세,중상
노인사고,2020070900100566,2020년 7월 9일 19시,목요일,부산광역시 북구 금곡동,중상사고,0,1,0,0,차대사람 - 기타,기타,건조,맑음,기타 - 기타,화물,남,53세,상해없음,보행자,여,77세,중상
노인사고,2020070900100567,2020년 7월 9일 19시,목요일,부산광역시 해운대구 우동,경상사고,0,0,1,0,차대차 - 측면충돌,안전거리미확보,건조,맑음,단일로 - 기타,승용,여,51세,상해없음,화물,남,65세,경상
노인사고,2020070900100587,2020년 7월 9일 20시,목요일,부산광역시 남구 대연동,경상사고,0,0,1,0,차대차 - 기타,안전운전불이행,젖음/습기,비,단일로 - 기타,화물,남,63세,상해없음,승용,남,66세,경상
노인사고,2.02007E+15,2020년 7월 10일 13시,금요일,부산광역시 사하구 괴정동,경상사고,0,0,1,0,차대사람 - 차도통행중,안전운전불이행,젖음/습기,비,단일로 - 지하차도(도로)내,승용,남,22세,상해없음,보행자,남,74세,경상
노인사고,2020071000100379,2020년 7월 10일 16시,금요일,부산광역시 해운대구 반송동,경상사고,0,0,1,0,차대차 - 기타,중앙선침범,건조,흐림,교차로 - 교차로안,화물,남,25세,상해없음,승용,남,65세,경상
노인사고,2020071000100427,2020년 7월 10일 17시,금요일,부산광역시 사하구 하단동,중상사고,0,1,0,0,차대사람 - 기타,안전운전불이행,건조,맑음,단일로 - 기타,승용,남,20세,상해없음,보행자,남,68세,중상
노인사고,2020071000100429,2020년 7월 10일 17시,금요일,부산광역시 기장군 일광면,경상사고,0,0,1,0,차대사람 - 횡단중,안전운전불이행,건조,맑음,교차로 - 교차로횡단보도내,승용,남,28세,상해없음,보행자,남,68세,경상
노인사고,2020071000100555,2020년 7월 10일 20시,금요일,부산광역시 부산진구 전포동,경상사고,0,0,3,0,차대차 - 측면충돌,안전운전불이행,건조,맑음,교차로 - 교차로안,승용,남,46세,상해없음,승합,남,51세,경상
노인사고,2020071000100556,2020년 7월 10일 20시,금요일,부산광역시 강서구 봉림동,경상사고,0,0,1,0,차대차 - 추돌,안전운전불이행,건조,맑음,단일로 - 기타,승용,남,37세,상해없음,자전거,남,65세,경상
노인사고,2020071100100245,2020년 7월 11일 12시,토요일,부산광역시 해운대구 좌동,경상사고,0,0,1,0,차대차 - 측면충돌,안전거리미확보,건조,맑음,교차로 - 교차로부근,이륜,남,68세,경상,승용,여,51세,상해없음
노인사고,2020071100100291,2020년 7월 11일 13시,토요일,부산광역시 동래구 복천동,경상사고,0,0,1,0,차대사람 - 기타,안전운전불이행,젖음/습기,비,단일로 - 기타,승용,남,45세,상해없음,보행자,여,77세,경상
노인사고,2020071100100292,2020년 7월 11일 13시,토요일,부산광역시 동래구 안락동,중상사고,0,1,0,0,차대사람 - 기타,안전운전불이행,건조,맑음,단일로 - 기타,승용,남,73세,상해없음,보행자,여,74세,중상
노인사고,2020071100100478,2020년 7월 11일 18시,토요일,부산광역시 해운대구 송정동,중상사고,0,1,0,0,차대사람 - 기타,안전운전불이행,기타,맑음,단일로 - 기타,승용,남,59세,상해없음,보행자,남,68세,중상
노인사고,2020071100100626,2020년 7월 11일 23시,토요일,부산광역시 사하구 장림동,경상사고,0,0,2,0,차대차 - 측면충돌,안전거리미확보,건조,맑음,단일로 - 지하차도(도로)내,승용,남,38세,상해없음,승용,남,66세,경상
노인사고,2020071200100085,2020년 7월 12일 08시,일요일,부산광역시 사하구 하단동,경상사고,0,0,1,0,차대차 - 측면충돌,교차로운행방법위반,건조,맑음,교차로 - 교차로안,원동기,남,67세,경상,승용,남,52세,상해없음
노인사고,2020071200100094,2020년 7월 12일 09시,일요일,부산광역시 부산진구 부전동,중상사고,0,1,1,0,차대사람 - 보도통행중,기타,건조,맑음,기타 - 기타,승용,남,74세,상해없음,보행자,여,53세,중상
노인사고,2020071200100127,2020년 7월 12일 11시,일요일,부산광역시 북구 만덕동,경상사고,0,0,1,0,차대차 - 기타,안전운전불이행,건조,맑음,단일로 - 기타,승용,남,44세,상해없음,승합,남,66세,경상
노인사고,2020071200100329,2020년 7월 12일 18시,일요일,부산광역시 연제구 연산동,중상사고,0,1,0,0,차대사람 - 길가장자리구역통행중,안전운전불이행,젖음/습기,비,단일로 - 기타,승용,남,57세,상해없음,보행자,남,65세,중상
노인사고,2020071200100363,2020년 7월 12일 19시,일요일,부산광역시 사하구 다대동,경상사고,0,0,2,0,차대차 - 측면충돌,안전운전불이행,젖음/습기,비,교차로 - 교차로부근,화물,남,57세,상해없음,승용,여,67세,경상
노인사고,2020071300100096,2020년 7월 13일 08시,월요일,부산광역시 사하구 감천동,중상사고,0,1,0,0,차대차 - 추돌,안전거리미확보,젖음/습기,비,단일로 - 기타,승용,남,20세,상해없음,승용,남,54세,상해없음
노인사고,2020071300100097,2020년 7월 13일 08시,월요일,부산광역시 기장군 정관읍,경상사고,0,0,1,0,차대차 - 추돌,신호위반,젖음/습기,비,단일로 - 터널,화물,남,56세,상해없음,화물,남,67세,경상
노인사고,2020071300100163,2020년 7월 13일 10시,월요일,부산광역시 북구 덕천동,경상사고,0,0,1,0,차대차 - 기타,안전거리미확보,젖음/습기,비,단일로 - 기타,승용,남,81세,상해없음,승용,남,75세,상해없음
노인사고,2020071300100165,2020년 7월 13일 10시,월요일,부산광역시 연제구 거제동,중상사고,0,1,0,0,차대사람 - 횡단중,신호위반,젖음/습기,비,단일로 - 기타,승용,여,41세,상해없음,보행자,여,67세,중상
노인사고,2020071300100193,2020년 7월 13일 11시,월요일,부산광역시 남구 대연동,경상사고,0,0,1,0,차대사람 - 차도통행중,중앙선침범,젖음/습기,비,단일로 - 기타,승용,여,74세,상해없음,보행자,여,67세,경상
노인사고,2020071300100292,2020년 7월 13일 14시,월요일,부산광역시 남구 대연동,중상사고,0,1,0,0,차대사람 - 기타,기타,젖음/습기,비,단일로 - 기타,화물,남,58세,상해없음,보행자,여,68세,중상
노인사고,2020071300100423,2020년 7월 13일 18시,월요일,부산광역시 북구 덕천동,부상신고사고,0,0,0,1,차대차 - 추돌,안전거리미확보,젖음/습기,흐림,단일로 - 기타,승용,남,67세,상해없음,화물,남,66세,부상신고
노인사고,2020071300100498,2020년 7월 13일 20시,월요일,부산광역시 사상구 괘법동,경상사고,0,0,1,0,차대사람 - 기타,안전운전불이행,젖음/습기,비,단일로 - 기타,승용,남,64세,상해없음,보행자,남,68세,경상
노인사고,2020071400100064,2020년 7월 14일 04시,화요일,부산광역시 금정구 부곡동,경상사고,0,0,2,1,차대차 - 기타,안전운전불이행,젖음/습기,비,단일로 - 기타,화물,남,65세,부상신고,승용,남,38세,경상
노인사고,2020071400100154,2020년 7월 14일 09시,화요일,부산광역시 영도구 봉래동3가,중상사고,0,1,1,0,차대차 - 기타,안전운전불이행,젖음/습기,비,단일로 - 기타,승용,남,70세,중상,승용,남,63세,경상
노인사고,2020071400100467,2020년 7월 14일 18시,화요일,부산광역시 수영구 민락동,경상사고,0,0,1,0,차대차 - 기타,교차로운행방법위반,건조,맑음,교차로 - 교차로안,승용,여,42세,상해없음,승용,남,71세,경상
노인사고,2.02007E+15,2020년 7월 15일 03시,수요일,부산광역시 동래구 안락동,중상사고,0,1,0,0,차대사람 - 차도통행중,안전운전불이행,건조,맑음,단일로 - 기타,승용,남,31세,상해없음,보행자,남,66세,중상
노인사고,2020071500100162,2020년 7월 15일 10시,수요일,부산광역시 동구 초량동,중상사고,0,1,7,1,차대차 - 기타,안전거리미확보,건조,맑음,단일로 - 기타,승합,남,35세,상해없음,승합,남,43세,부상신고
노인사고,2020071500100188,2020년 7월 15일 11시,수요일,부산광역시 남구 대연동,중상사고,0,1,0,0,차대사람 - 횡단중,보행자보호의무위반,건조,맑음,교차로 - 교차로안,승용,여,59세,상해없음,보행자,여,73세,중상
노인사고,2020071500100217,2020년 7월 15일 12시,수요일,부산광역시 수영구 민락동,중상사고,0,1,0,0,차대사람 - 기타,안전운전불이행,건조,맑음,교차로 - 교차로안,승용,남,21세,상해없음,보행자,남,80세,중상
노인사고,2020071500100251,2020년 7월 15일 13시,수요일,부산광역시 서구 암남동,경상사고,0,0,1,0,차대차 - 측면충돌,안전운전불이행,건조,맑음,단일로 - 기타,승용,남,36세,상해없음,자전거,남,82세,경상
노인사고,2020071500100361,2020년 7월 15일 16시,수요일,부산광역시 해운대구 반여동,중상사고,0,1,0,0,차대사람 - 기타,안전운전불이행,건조,맑음,단일로 - 기타,승용,남,44세,상해없음,보행자,여,65세,중상
노인사고,2020071500100399,2020년 7월 15일 17시,수요일,부산광역시 서구 남부민동,경상사고,0,0,2,0,차대차 - 측면충돌,기타,건조,맑음,단일로 - 기타,승용,남,54세,경상,화물,남,55세,상해없음
노인사고,2020071500100503,2020년 7월 15일 19시,수요일,부산광역시 서구 충무동1가,경상사고,0,0,2,0,차대차 - 측면충돌,차로위반,건조,맑음,단일로 - 기타,원동기,남,65세,경상,승용,여,22세,경상
노인사고,2020071500100505,2020년 7월 15일 19시,수요일,부산광역시 해운대구 반여동,중상사고,0,1,0,0,차대사람 - 차도통행중,안전운전불이행,건조,맑음,단일로 - 기타,승용,남,39세,상해없음,보행자,여,68세,중상
노인사고,2020071500100539,2020년 7월 15일 20시,수요일,부산광역시 연제구 거제동,경상사고,0,0,1,0,차대사람 - 길가장자리구역통행중,안전운전불이행,건조,맑음,단일로 - 기타,승용,여,25세,상해없음,보행자,남,65세,경상
노인사고,2020071600100047,2020년 7월 16일 05시,목요일,부산광역시 부산진구 부전동,경상사고,0,0,1,0,차대차 - 추돌,안전운전불이행,건조,맑음,단일로 - 기타,승용,남,34세,상해없음,승용,남,65세,상해없음
노인사고,2.02007E+15,2020년 7월 16일 08시,목요일,부산광역시 기장군 기장읍,중상사고,0,1,0,0,차대차 - 측면충돌,신호위반,건조,맑음,교차로 - 교차로횡단보도내,이륜,남,28세,상해없음,자전거,남,79세,중상
노인사고,2020071600100209,2020년 7월 16일 11시,목요일,부산광역시 동구 초량동,중상사고,0,1,0,0,차량단독 - 기타,안전운전불이행,건조,맑음,단일로 - 기타,승합,남,60세,상해없음,,,,
노인사고,2020071600100275,2020년 7월 16일 13시,목요일,부산광역시 북구 화명동,중상사고,0,1,0,0,차대사람 - 횡단중,보행자보호의무위반,건조,맑음,단일로 - 지하차도(도로)내,승용,남,26세,상해없음,보행자,여,73세,중상
노인사고,2020071600100312,2020년 7월 16일 14시,목요일,부산광역시 서구 서대신동2가,부상신고사고,0,0,0,1,차대사람 - 횡단중,안전운전불이행,건조,맑음,단일로 - 기타,승용,여,29세,상해없음,보행자,여,84세,부상신고
노인사고,2020071600100313,2020년 7월 16일 14시,목요일,부산광역시 동래구 수안동,경상사고,0,0,1,0,차대차 - 기타,안전거리미확보,건조,맑음,단일로 - 기타,화물,남,30세,상해없음,승용,남,65세,경상
노인사고,2020071600100564,2020년 7월 16일 20시,목요일,부산광역시 중구 중앙동3가,중상사고,0,1,0,0,차대차 - 기타,교차로운행방법위반,건조,맑음,교차로 - 교차로안,이륜,남,66세,중상,승용,남,42세,상해없음
노인사고,2020071600100565,2020년 7월 16일 20시,목요일,부산광역시 북구 덕천동,경상사고,0,0,1,0,차대사람 - 기타,기타,건조,맑음,교차로 - 교차로부근,승용,남,32세,상해없음,보행자,여,72세,경상
노인사고,2020071700100033,2020년 7월 17일 04시,금요일,부산광역시 부산진구 연지동,경상사고,0,0,1,0,차대차 - 정면충돌,중앙선침범,건조,맑음,단일로 - 기타,화물,남,53세,상해없음,승용,남,65세,경상
노인사고,2020071700100091,2020년 7월 17일 08시,금요일,부산광역시 강서구 강동동,경상사고,0,0,1,0,차대차 - 측면충돌,안전운전불이행,건조,맑음,단일로 - 기타,자전거,남,77세,경상,승용,여,67세,상해없음
노인사고,2020071700100181,2020년 7월 17일 11시,금요일,부산광역시 서구 아미동1가,중상사고,0,1,0,0,차량단독 - 기타,안전운전불이행,건조,맑음,단일로 - 기타,승합,남,48세,상해없음,,,,
노인사고,2020071700100255,2020년 7월 17일 13시,금요일,부산광역시 서구 부민동1가,경상사고,0,0,1,0,차대차 - 측면충돌,안전거리미확보,건조,맑음,단일로 - 기타,원동기,남,77세,경상,승합,남,62세,상해없음
노인사고,2020071700100258,2020년 7월 17일 13시,금요일,부산광역시 연제구 연산동,경상사고,0,0,1,0,차대차 - 기타,안전거리미확보,건조,맑음,단일로 - 기타,승용,여,51세,상해없음,승용,남,74세,경상
노인사고,2020071700100293,2020년 7월 17일 14시,금요일,부산광역시 금정구 선동,중상사고,0,1,0,0,차대사람 - 기타,안전운전불이행,건조,맑음,단일로 - 기타,자전거,여,65세,중상,보행자,남,51세,상해없음
노인사고,2.02007E+15,2020년 7월 17일 16시,금요일,부산광역시 연제구 거제동,중상사고,0,1,0,0,차대사람 - 횡단중,보행자보호의무위반,건조,맑음,교차로 - 교차로횡단보도내,화물,남,37세,상해없음,보행자,여,83세,중상
노인사고,2020071700100431,2020년 7월 17일 17시,금요일,부산광역시 남구 대연동,중상사고,0,1,0,0,차대사람 - 횡단중,신호위반,건조,맑음,단일로 - 기타,화물,남,61세,상해없음,보행자,여,75세,중상
노인사고,2020071700100434,2020년 7월 17일 17시,금요일,부산광역시 금정구 부곡동,중상사고,0,2,1,0,차대차 - 측면충돌,안전거리미확보,건조,맑음,단일로 - 기타,승용,남,70세,상해없음,화물,남,41세,중상
노인사고,2020071700100589,2020년 7월 17일 20시,금요일,부산광역시 중구 중앙동4가,경상사고,0,0,3,0,차대차 - 추돌,안전운전불이행,건조,맑음,교차로 - 교차로부근,승용,남,26세,상해없음,승용,남,68세,경상
노인사고,2.02007E+15,2020년 7월 17일 20시,금요일,부산광역시 남구 문현동,경상사고,0,0,1,0,차대사람 - 횡단중,안전운전불이행,건조,맑음,단일로 - 기타,이륜,남,19세,상해없음,보행자,여,78세,경상
노인사고,2020071800100118,2020년 7월 18일 09시,토요일,부산광역시 기장군 기장읍,중상사고,0,1,1,0,차대차 - 측면충돌,안전거리미확보,건조,맑음,단일로 - 기타,승용,남,74세,기타불명,승용,남,40세,중상
노인사고,2020071800100417,2020년 7월 18일 17시,토요일,부산광역시 북구 만덕동,사망사고,1,1,0,1,차량단독 - 공작물충돌,안전운전불이행,건조,맑음,단일로 - 기타,승용,남,82세,부상신고,,,,
노인사고,2020071900100055,2020년 7월 19일 04시,일요일,부산광역시 수영구 남천동,중상사고,0,1,0,0,차량단독 - 기타,안전운전불이행,건조,기타,교차로 - 교차로안,원동기,남,87세,중상,,,,
노인사고,2.02007E+15,2020년 7월 19일 12시,일요일,부산광역시 해운대구 중동,중상사고,0,1,0,0,차대사람 - 보도통행중,기타,건조,맑음,기타 - 기타,이륜,남,45세,상해없음,보행자,여,76세,중상
노인사고,2.02007E+15,2020년 7월 19일 15시,일요일,부산광역시 북구 구포동,중상사고,0,1,0,0,차대사람 - 보도통행중,기타,건조,맑음,교차로 - 교차로부근,승용,남,68세,상해없음,보행자,여,74세,중상
노인사고,2020071900100404,2020년 7월 19일 22시,일요일,부산광역시 사하구 장림동,중상사고,0,1,0,0,차대차 - 추돌,안전운전불이행,젖음/습기,비,단일로 - 기타,승용,여,50세,상해없음,이륜,남,72세,중상
노인사고,2020071900100405,2020년 7월 19일 22시,일요일,부산광역시 수영구 망미동,경상사고,0,0,1,0,차대사람 - 기타,안전운전불이행,건조,맑음,단일로 - 기타,승용,여,30세,상해없음,보행자,남,66세,경상
노인사고,2020072000100043,2020년 7월 20일 06시,월요일,부산광역시 서구 남부민동,중상사고,0,1,0,0,차대사람 - 횡단중,안전운전불이행,건조,흐림,단일로 - 기타,화물,남,50세,상해없음,보행자,여,80세,중상
노인사고,2020072000100055,2020년 7월 20일 07시,월요일,부산광역시 부산진구 가야동,경상사고,0,0,1,0,차대사람 - 횡단중,보행자보호의무위반,건조,흐림,교차로 - 교차로부근,승용,여,50세,상해없음,보행자,남,80세,경상
노인사고,2020072000100213,2020년 7월 20일 12시,월요일,부산광역시 영도구 남항동1가,경상사고,0,0,1,0,차대차 - 추돌,안전운전불이행,건조,맑음,교차로 - 교차로부근,이륜,남,80세,경상,승용,남,66세,상해없음
노인사고,2020072000100339,2020년 7월 20일 16시,월요일,부산광역시 영도구 영선동3가,중상사고,0,1,0,0,차대차 - 측면충돌,안전운전불이행,건조,맑음,교차로 - 교차로안,승용,남,32세,상해없음,이륜,남,65세,중상
노인사고,2020072000100522,2020년 7월 20일 22시,월요일,부산광역시 해운대구 좌동,부상신고사고,0,0,0,1,차대차 - 기타,안전운전불이행,건조,흐림,기타 - 기타,이륜,남,75세,부상신고,승용,남,42세,상해없음
노인사고,2020072100100062,2020년 7월 21일 05시,화요일,부산광역시 강서구 명지동,경상사고,0,0,1,0,차대차 - 기타,신호위반,젖음/습기,비,교차로 - 교차로부근,승용,여,64세,상해없음,화물,남,47세,상해없음
노인사고,2020072100100083,2020년 7월 21일 07시,화요일,부산광역시 금정구 금사동,중상사고,0,1,0,0,차대사람 - 기타,교차로운행방법위반,건조,맑음,교차로 - 교차로안,승용,여,60세,상해없음,보행자,남,71세,중상
노인사고,2.02007E+15,2020년 7월 21일 08시,화요일,부산광역시 해운대구 우동,중상사고,0,1,0,0,차량단독 - 기타,안전운전불이행,건조,맑음,단일로 - 기타,승합,남,47세,상해없음,,,,
노인사고,2.02007E+15,2020년 7월 21일 09시,화요일,부산광역시 서구 부민동3가,중상사고,0,1,0,0,차량단독 - 기타,안전운전불이행,건조,맑음,교차로 - 교차로부근,승합,남,38세,상해없음,,,,
노인사고,2020072100100156,2020년 7월 21일 10시,화요일,부산광역시 강서구 대저1동,중상사고,0,1,0,0,차대차 - 측면충돌,직진우회전진행방해,건조,맑음,교차로 - 교차로안,화물,남,68세,상해없음,자전거,여,80세,중상
노인사고,2020072100100157,2020년 7월 21일 10시,화요일,부산광역시 강서구 송정동,중상사고,0,1,0,0,차대차 - 측면충돌,안전거리미확보,건조,맑음,단일로 - 기타,건설기계,남,63세,상해없음,특수,남,73세,중상
노인사고,2020072100100191,2020년 7월 21일 11시,화요일,부산광역시 중구 동광동5가,중상사고,0,1,0,0,차대사람 - 횡단중,안전운전불이행,건조,맑음,단일로 - 기타,승용,남,65세,상해없음,보행자,남,70세,중상
노인사고,2020072100100306,2020년 7월 21일 14시,화요일,부산광역시 북구 덕천동,중상사고,0,1,0,0,차대사람 - 기타,중앙선침범,건조,맑음,교차로 - 교차로안,승용,남,68세,상해없음,보행자,여,86세,중상
노인사고,2020072100100461,2020년 7월 21일 18시,화요일,부산광역시 금정구 구서동,경상사고,0,0,1,0,차대사람 - 기타,안전운전불이행,건조,맑음,교차로 - 교차로안,승용,남,56세,상해없음,보행자,여,65세,경상
노인사고,2020072100100462,2020년 7월 21일 18시,화요일,부산광역시 수영구 수영동,경상사고,0,0,1,0,차대사람 - 횡단중,보행자보호의무위반,건조,맑음,단일로 - 기타,이륜,남,20세,상해없음,보행자,여,74세,경상
노인사고,2020072200100037,2020년 7월 22일 03시,수요일,부산광역시 서구 서대신동1가,경상사고,0,0,1,0,차대차 - 측면충돌,신호위반,젖음/습기,비,교차로 - 교차로안,화물,남,44세,상해없음,화물,남,68세,경상
노인사고,2020072200100048,2020년 7월 22일 04시,수요일,부산광역시 부산진구 부전동,경상사고,0,0,5,0,차대차 - 추돌,안전운전불이행,건조,맑음,단일로 - 기타,승용,남,37세,상해없음,승용,남,66세,경상
노인사고,2020072200100049,2020년 7월 22일 04시,수요일,부산광역시 연제구 거제동,경상사고,0,0,2,0,차대차 - 추돌,안전운전불이행,젖음/습기,비,교차로 - 교차로부근,승용,남,33세,기타불명,승용,남,67세,경상
노인사고,2020072200100235,2020년 7월 22일 11시,수요일,부산광역시 금정구 서동,중상사고,0,1,0,0,차대사람 - 기타,보행자보호의무위반,건조,맑음,단일로 - 기타,이륜,남,63세,상해없음,보행자,여,82세,중상
노인사고,2020072200100428,2020년 7월 22일 17시,수요일,부산광역시 동래구 낙민동,중상사고,0,1,0,0,차대사람 - 횡단중,보행자보호의무위반,젖음/습기,비,단일로 - 기타,승용,남,58세,상해없음,보행자,여,65세,중상
노인사고,2020072200100623,2020년 7월 22일 22시,수요일,부산광역시 연제구 연산동,경상사고,0,0,2,0,차대차 - 측면충돌,신호위반,젖음/습기,비,교차로 - 교차로안,승용,남,39세,상해없음,승용,남,73세,경상
노인사고,2020072200100624,2020년 7월 22일 22시,수요일,부산광역시 사상구 모라동,중상사고,0,1,0,0,차대사람 - 횡단중,안전운전불이행,건조,맑음,단일로 - 기타,승용,여,62세,상해없음,보행자,남,69세,중상
노인사고,2020072200100655,2020년 7월 22일 23시,수요일,부산광역시 사상구 학장동,경상사고,0,0,4,0,차대차 - 추돌,안전운전불이행,건조,맑음,단일로 - 기타,승용,남,56세,상해없음,승용,남,43세,경상
노인사고,2020072300100053,2020년 7월 23일 05시,목요일,부산광역시 수영구 남천동,사망사고,1,0,0,0,차대사람 - 차도통행중,안전운전불이행,젖음/습기,흐림,교차로 - 교차로횡단보도내,승용,남,60세,상해없음,보행자,여,83세,사망
노인사고,2020072300100065,2020년 7월 23일 06시,목요일,부산광역시 기장군 철마면,경상사고,0,0,1,0,차대차 - 측면충돌,신호위반,건조,맑음,교차로 - 교차로안,승용,남,65세,상해없음,승용,남,68세,경상
노인사고,2020072300100102,2020년 7월 23일 08시,목요일,부산광역시 사상구 괘법동,중상사고,0,1,0,0,차대사람 - 차도통행중,안전운전불이행,젖음/습기,비,교차로 - 교차로부근,승용,남,29세,상해없음,보행자,남,85세,중상
노인사고,2020072300100243,2020년 7월 23일 13시,목요일,부산광역시 동래구 명장동,경상사고,0,0,2,0,차대차 - 추돌,안전운전불이행,젖음/습기,맑음,교차로 - 교차로부근,화물,남,69세,상해없음,승용,남,69세,경상
노인사고,2020072300100476,2020년 7월 23일 19시,목요일,부산광역시 사하구 다대동,경상사고,0,0,1,1,차대차 - 추돌,안전운전불이행,젖음/습기,비,교차로 - 교차로부근,승용,남,54세,상해없음,승용,남,73세,경상
노인사고,2020072300100478,2020년 7월 23일 19시,목요일,부산광역시 사상구 엄궁동,부상신고사고,0,0,0,1,차대차 - 측면충돌,안전운전불이행,젖음/습기,비,교차로 - 교차로안,승용,여,36세,상해없음,승용,남,65세,부상신고
노인사고,2020072300100635,2020년 7월 23일 22시,목요일,부산광역시 수영구 망미동,중상사고,0,1,0,0,차대사람 - 횡단중,안전운전불이행,젖음/습기,비,단일로 - 기타,승용,여,48세,상해없음,보행자,남,65세,중상
노인사고,2020072300100681,2020년 7월 23일 23시,목요일,부산광역시 금정구 노포동,중상사고,0,1,0,0,차대차 - 추돌,안전운전불이행,젖음/습기,비,단일로 - 기타,승용,남,64세,상해없음,승용,남,65세,중상
노인사고,2020072400100072,2020년 7월 24일 07시,금요일,부산광역시 사상구 감전동,부상신고사고,0,0,0,1,차대차 - 기타,안전운전불이행,젖음/습기,흐림,단일로 - 기타,이륜,남,69세,부상신고,승용,남,49세,기타불명
노인사고,2020072400100088,2020년 7월 24일 08시,금요일,부산광역시 연제구 거제동,중상사고,0,1,0,0,차대차 - 측면충돌,안전운전불이행,건조,맑음,단일로 - 기타,승용,남,37세,상해없음,이륜,남,76세,중상
노인사고,2020072400100204,2020년 7월 24일 12시,금요일,부산광역시 동구 수정동,경상사고,0,0,2,0,차대차 - 기타,안전운전불이행,건조,맑음,단일로 - 기타,승용,여,36세,상해없음,승합,남,50세,경상
노인사고,2020072400100259,2020년 7월 24일 14시,금요일,부산광역시 사상구 감전동,경상사고,0,0,1,0,차대사람 - 기타,안전운전불이행,건조,맑음,단일로 - 기타,승용,남,30세,상해없음,보행자,남,70세,경상
노인사고,2020072400100329,2020년 7월 24일 16시,금요일,부산광역시 수영구 수영동,경상사고,0,0,1,0,차대사람 - 길가장자리구역통행중,안전운전불이행,건조,흐림,교차로 - 교차로부근,화물,남,55세,상해없음,보행자,남,81세,경상
노인사고,2020072400100548,2020년 7월 24일 21시,금요일,부산광역시 사하구 장림동,사망사고,1,1,0,0,차대사람 - 횡단중,안전운전불이행,젖음/습기,비,단일로 - 기타,이륜,남,18세,중상,보행자,남,73세,사망
노인사고,2.02007E+15,2020년 7월 24일 22시,금요일,부산광역시 부산진구 부전동,경상사고,0,0,1,2,차대차 - 기타,신호위반,젖음/습기,비,교차로 - 교차로부근,승용,남,62세,상해없음,승용,남,67세,경상
노인사고,2020072500100067,2020년 7월 25일 03시,토요일,부산광역시 북구 덕천동,경상사고,0,0,1,0,차대차 - 측면충돌,신호위반,건조,맑음,교차로 - 교차로안,승용,남,27세,상해없음,화물,남,66세,경상