사고부문,사고번호,사고일시,요일,시군구,사고내용,사망자수,중상자수,경상자수,부상신고자수,사고유형,법규위반,노면상태,기상상태,도로형태,가해운전자 차종,가해운전자 성별,가해운전자 연령,가해운전자 상해정도,피해운전자 차종,피해운전자 성별,피해운전자 연령,피해운전자 상해정도
노인사고,2020072500100177,2020년 7월 25일 10시,토요일,부산광역시 연제구 거제동,중상사고,0,1,0,0,차대사람 - 기타,안전운전불이행,건조,맑음,단일로 - 기타,화물,남,52세,상해없음,보행자,남,69세,중상
노인사고,2020072500100235,2020년 7월 25일 12시,토요일,부산광역시 중구 동광동5가,중상사고,0,1,1,0,차대차 - 측면충돌,안전운전불이행,건조,맑음,교차로 - 교차로안,승용,여,50세,상해없음,이륜,남,69세,경상
노인사고,2020072500100316,2020년 7월 25일 14시,토요일,부산광역시 사상구 모라동,중상사고,0,1,1,0,차대차 - 측면충돌,교차로운행방법위반,건조,맑음,교차로 - 교차로안,승합,남,59세,상해없음,승용,여,70세,중상
노인사고,2020072600100071,2020년 7월 26일 06시,일요일,부산광역시 기장군 일광면,중상사고,0,1,0,0,차대사람 - 기타,안전운전불이행,건조,맑음,교차로 - 교차로부근,승용,남,24세,상해없음,보행자,여,65세,중상
노인사고,2020072600100078,2020년 7월 26일 07시,일요일,부산광역시 강서구 강동동,경상사고,0,0,1,0,차대차 - 측면충돌,안전운전불이행,건조,맑음,교차로 - 교차로안,승용,남,70세,상해없음,화물,남,65세,경상
노인사고,2020072600100133,2020년 7월 26일 11시,일요일,부산광역시 기장군 장안읍,경상사고,0,0,1,0,차대차 - 정면충돌,교차로운행방법위반,건조,맑음,교차로 - 교차로안,이륜,남,72세,경상,화물,남,59세,상해없음
노인사고,2020072600100213,2020년 7월 26일 14시,일요일,부산광역시 금정구 두구동,부상신고사고,0,0,0,1,차대차 - 기타,안전운전불이행,건조,맑음,교차로 - 교차로안,이륜,남,82세,부상신고,승용,남,36세,상해없음
노인사고,2020072600100251,2020년 7월 26일 15시,일요일,부산광역시 금정구 서동,중상사고,0,1,0,0,차대사람 - 기타,안전운전불이행,건조,맑음,단일로 - 기타,승용,남,51세,상해없음,보행자,여,82세,중상
노인사고,2020072600100338,2020년 7월 26일 18시,일요일,부산광역시 남구 감만동,경상사고,0,0,1,0,차대사람 - 기타,안전운전불이행,건조,맑음,기타 - 기타,승용,여,50세,상해없음,보행자,여,69세,경상
노인사고,2020072600100339,2020년 7월 26일 18시,일요일,부산광역시 동래구 온천동,중상사고,0,1,0,0,차대차 - 기타,기타,건조,맑음,단일로 - 기타,승용,여,68세,중상,화물,남,59세,기타불명
노인사고,2020072700100164,2020년 7월 27일 10시,월요일,부산광역시 부산진구 양정동,경상사고,0,0,1,0,차대사람 - 횡단중,안전운전불이행,건조,맑음,교차로 - 교차로안,승용,여,59세,상해없음,보행자,여,79세,경상
노인사고,2020072700100193,2020년 7월 27일 11시,월요일,부산광역시 사하구 신평동,중상사고,0,1,1,0,차대차 - 측면충돌,안전운전불이행,젖음/습기,흐림,단일로 - 기타,화물,남,53세,상해없음,승용,남,68세,중상
노인사고,2020072700100235,2020년 7월 27일 12시,월요일,부산광역시 부산진구 부전동,중상사고,0,1,0,0,차대사람 - 기타,안전운전불이행,건조,맑음,단일로 - 기타,승합,남,39세,상해없음,보행자,여,70세,중상
노인사고,2020072700100236,2020년 7월 27일 12시,월요일,부산광역시 금정구 남산동,경상사고,0,0,3,0,차대차 - 기타,안전운전불이행,건조,맑음,교차로 - 교차로부근,화물,남,51세,상해없음,승용,여,65세,경상
노인사고,2020072700100268,2020년 7월 27일 13시,월요일,부산광역시 금정구 구서동,중상사고,0,1,0,0,차대사람 - 보도통행중,안전운전불이행,건조,맑음,교차로 - 교차로안,승용,남,50세,상해없음,보행자,여,77세,중상
노인사고,2020072700100348,2020년 7월 27일 15시,월요일,부산광역시 사상구 모라동,경상사고,0,0,2,0,차대차 - 측면충돌,안전운전불이행,건조,맑음,교차로 - 교차로안,화물,남,65세,경상,화물,남,48세,경상
노인사고,2020072700100526,2020년 7월 27일 20시,월요일,부산광역시 금정구 남산동,경상사고,0,0,2,1,차대차 - 정면충돌,안전운전불이행,젖음/습기,비,교차로 - 교차로안,원동기,남,31세,부상신고,승용,남,68세,경상
노인사고,2020072700100605,2020년 7월 27일 23시,월요일,부산광역시 동래구 온천동,경상사고,0,0,2,0,차대사람 - 기타,안전운전불이행,건조,맑음,단일로 - 기타,승용,남,55세,상해없음,보행자,남,69세,경상
노인사고,2020072800100142,2020년 7월 28일 10시,화요일,부산광역시 동래구 안락동,경상사고,0,0,1,1,차대차 - 추돌,안전운전불이행,건조,맑음,단일로 - 기타,승용,남,77세,부상신고,승용,남,46세,경상
노인사고,2020072800100341,2020년 7월 28일 17시,화요일,부산광역시 동래구 사직동,중상사고,0,1,0,0,차량단독 - 기타,안전운전불이행,건조,맑음,단일로 - 기타,승합,남,60세,상해없음,,,,
노인사고,2020072800100342,2020년 7월 28일 17시,화요일,부산광역시 영도구 대평동2가,중상사고,0,1,1,0,차대차 - 후진중충돌,안전운전불이행,건조,흐림,교차로 - 교차로안,승용,여,48세,경상,화물,남,55세,상해없음
노인사고,2020072900100079,2020년 7월 29일 07시,수요일,부산광역시 북구 금곡동,경상사고,0,0,2,0,차대차 - 기타,안전거리미확보,젖음/습기,비,단일로 - 기타,승용,남,48세,상해없음,승용,남,82세,경상
노인사고,2020072900100098,2020년 7월 29일 08시,수요일,부산광역시 사하구 하단동,경상사고,0,0,1,0,차대차 - 기타,안전운전불이행,건조,맑음,교차로 - 교차로부근,화물,남,69세,상해없음,이륜,남,65세,경상
노인사고,2020072900100132,2020년 7월 29일 09시,수요일,부산광역시 강서구 명지동,중상사고,0,2,4,0,차대차 - 추돌,안전운전불이행,건조,맑음,교차로 - 교차로부근,화물,남,70세,상해없음,승용,남,42세,중상
노인사고,2020072900100133,2020년 7월 29일 09시,수요일,부산광역시 강서구 대저1동,사망사고,1,0,0,0,차대사람 - 차도통행중,안전운전불이행,건조,흐림,단일로 - 기타,화물,남,39세,상해없음,보행자,여,82세,사망
노인사고,2020072900100331,2020년 7월 29일 15시,수요일,부산광역시 동래구 사직동,경상사고,0,0,2,0,차대차 - 추돌,안전운전불이행,젖음/습기,비,교차로 - 교차로안,화물,남,46세,상해없음,승용,여,57세,경상
노인사고,2020072900100333,2020년 7월 29일 15시,수요일,부산광역시 금정구 부곡동,경상사고,0,0,2,0,차대차 - 측면충돌,교차로운행방법위반,젖음/습기,비,교차로 - 교차로안,승용,여,63세,기타불명,화물,남,69세,경상
노인사고,2020072900100438,2020년 7월 29일 18시,수요일,부산광역시 연제구 연산동,부상신고사고,0,0,0,1,차대차 - 측면충돌,안전거리미확보,젖음/습기,비,교차로 - 교차로부근,화물,남,59세,상해없음,승용,남,71세,부상신고
노인사고,2020072900100439,2020년 7월 29일 18시,수요일,부산광역시 강서구 송정동,중상사고,0,1,1,0,차대차 - 기타,안전운전불이행,건조,맑음,교차로 - 교차로안,승용,남,72세,중상,승용,남,60세,경상
노인사고,2020072900100493,2020년 7월 29일 20시,수요일,부산광역시 중구 남포동6가,중상사고,0,1,0,0,차대사람 - 횡단중,안전운전불이행,젖음/습기,비,단일로 - 기타,승용,남,66세,상해없음,보행자,남,79세,중상
노인사고,2020072900100498,2020년 7월 29일 20시,수요일,부산광역시 기장군 정관읍,중상사고,0,1,0,0,차대사람 - 횡단중,보행자보호의무위반,건조,맑음,단일로 - 기타,화물,남,46세,상해없음,보행자,남,65세,중상
노인사고,2020072900100531,2020년 7월 29일 21시,수요일,부산광역시 부산진구 당감동,중상사고,0,1,0,0,차대사람 - 횡단중,안전운전불이행,건조,맑음,교차로 - 교차로안,승용,여,45세,상해없음,보행자,남,76세,중상
노인사고,2020073000100051,2020년 7월 30일 04시,목요일,부산광역시 수영구 망미동,중상사고,0,1,0,0,차량단독 - 공작물충돌,안전운전불이행,젖음/습기,비,교차로 - 교차로부근,승용,남,77세,중상,,,,
노인사고,2020073000100207,2020년 7월 30일 12시,목요일,부산광역시 기장군 정관읍,경상사고,0,0,4,0,차대차 - 측면충돌,교차로운행방법위반,젖음/습기,비,교차로 - 교차로안,원동기,남,24세,경상,승용,남,44세,경상
노인사고,2020073000100317,2020년 7월 30일 15시,목요일,부산광역시 동구 초량동,부상신고사고,0,0,0,1,차대사람 - 기타,안전운전불이행,건조,맑음,단일로 - 기타,승용,남,75세,상해없음,보행자,여,65세,부상신고
노인사고,2020073000100318,2020년 7월 30일 15시,목요일,부산광역시 남구 용호동,경상사고,0,0,1,0,차대사람 - 횡단중,안전운전불이행,건조,맑음,교차로 - 교차로안,승합,남,47세,상해없음,보행자,여,76세,경상
노인사고,2.02007E+15,2020년 7월 31일 08시,금요일,부산광역시 남구 문현동,중상사고,0,1,0,0,차대사람 - 기타,안전운전불이행,건조,맑음,단일로 - 기타,승용,남,27세,상해없음,보행자,남,76세,중상
노인사고,2020073100100163,2020년 7월 31일 11시,금요일,부산광역시 북구 화명동,경상사고,0,0,1,0,차대사람 - 기타,안전운전불이행,건조,맑음,단일로 - 기타,이륜,남,29세,상해없음,보행자,여,70세,경상
노인사고,2020073100100279,2020년 7월 31일 14시,금요일,부산광역시 동구 초량동,부상신고사고,0,0,0,1,차대차 - 기타,신호위반,건조,맑음,교차로 - 교차로안,승용,남,77세,부상신고,특수,남,60세,상해없음
노인사고,2020073100100325,2020년 7월 31일 15시,금요일,부산광역시 부산진구 전포동,중상사고,0,1,0,0,차대사람 - 기타,신호위반,건조,맑음,교차로 - 교차로횡단보도내,이륜,남,42세,상해없음,보행자,여,70세,중상
노인사고,2020073100100404,2020년 7월 31일 17시,금요일,부산광역시 사상구 학장동,중상사고,0,1,0,0,차대사람 - 기타,안전운전불이행,건조,맑음,단일로 - 기타,승용,남,38세,상해없음,보행자,여,69세,중상
노인사고,2020073100100452,2020년 7월 31일 18시,금요일,부산광역시 해운대구 좌동,중상사고,0,1,0,0,차대사람 - 보도통행중,안전운전불이행,건조,맑음,교차로 - 교차로안,화물,남,47세,상해없음,보행자,여,81세,중상
노인사고,2020073100100455,2020년 7월 31일 18시,금요일,부산광역시 기장군 기장읍,경상사고,0,0,5,0,차대차 - 기타,안전운전불이행,건조,맑음,단일로 - 기타,승용,여,40세,상해없음,승용,남,46세,경상
노인사고,2020080100100073,2020년 8월 1일 05시,토요일,부산광역시 부산진구 가야동,중상사고,0,1,0,0,차대사람 - 횡단중,안전운전불이행,건조,맑음,단일로 - 기타,승용,남,67세,상해없음,보행자,여,77세,중상
노인사고,2020080100100135,2020년 8월 1일 10시,토요일,부산광역시 영도구 동삼동,중상사고,0,1,0,0,차대차 - 기타,안전운전불이행,건조,맑음,교차로 - 교차로부근,승용,여,28세,상해없음,자전거,남,72세,중상
노인사고,2.02008E+15,2020년 8월 1일 11시,토요일,부산광역시 부산진구 부전동,중상사고,0,1,1,0,차대차 - 측면충돌,중앙선침범,건조,맑음,단일로 - 기타,승용,남,25세,상해없음,승용,남,68세,경상
노인사고,2020080100100323,2020년 8월 1일 15시,토요일,부산광역시 부산진구 초읍동,중상사고,0,1,0,0,차대차 - 측면충돌,안전운전불이행,건조,맑음,교차로 - 교차로안,승용,남,81세,상해없음,화물,남,65세,중상
노인사고,2020080100100353,2020년 8월 1일 16시,토요일,부산광역시 동래구 온천동,경상사고,0,0,1,0,차대차 - 측면충돌,안전운전불이행,건조,맑음,교차로 - 교차로안,승용,남,52세,상해없음,이륜,남,84세,경상
노인사고,2020080100100355,2020년 8월 1일 16시,토요일,부산광역시 수영구 망미동,경상사고,0,0,1,0,차대사람 - 횡단중,보행자보호의무위반,건조,맑음,교차로 - 교차로부근,승용,남,32세,상해없음,보행자,여,69세,경상
노인사고,2.02008E+15,2020년 8월 2일 07시,일요일,부산광역시 기장군 장안읍,중상사고,0,1,1,0,차대차 - 측면충돌,안전운전불이행,건조,맑음,기타 - 기타,승용,남,64세,상해없음,승용,남,72세,경상
노인사고,2020080200100154,2020년 8월 2일 13시,일요일,부산광역시 동래구 사직동,경상사고,0,0,1,0,차대차 - 추돌,안전운전불이행,건조,맑음,단일로 - 기타,승용,남,64세,상해없음,승용,남,65세,경상
노인사고,2020080200100326,2020년 8월 2일 19시,일요일,부산광역시 중구 부평동3가,중상사고,0,1,2,0,차대차 - 측면충돌,신호위반,건조,맑음,교차로 - 교차로안,이륜,남,50세,중상,승용,남,70세,경상
노인사고,2020080200100363,2020년 8월 2일 21시,일요일,부산광역시 연제구 연산동,중상사고,0,1,2,0,차대차 - 측면충돌,과속,건조,맑음,교차로 - 교차로부근,승용,여,72세,중상,승용,남,60세,경상
노인사고,2020080300100014,2020년 8월 3일 02시,월요일,부산광역시 북구 화명동,경상사고,0,0,4,0,차대차 - 기타,신호위반,건조,맑음,교차로 - 교차로안,승용,남,67세,경상,승용,남,30세,경상
노인사고,2020080300100088,2020년 8월 3일 08시,월요일,부산광역시 동구 초량동,중상사고,0,1,3,0,차대차 - 측면충돌,안전운전불이행,건조,맑음,단일로 - 기타,승용,남,66세,경상,승용,남,62세,중상
노인사고,2020080300100146,2020년 8월 3일 10시,월요일,부산광역시 사상구 감전동,경상사고,0,0,1,0,차대차 - 측면충돌,안전운전불이행,건조,맑음,교차로 - 교차로안,이륜,남,72세,경상,화물,남,67세,상해없음
노인사고,2020080300100174,2020년 8월 3일 11시,월요일,부산광역시 사하구 하단동,부상신고사고,0,0,0,1,차대차 - 추돌,안전운전불이행,건조,맑음,단일로 - 기타,기타불명,기타불명,미분류,기타불명,자전거,여,78세,부상신고
노인사고,2020080300100252,2020년 8월 3일 13시,월요일,부산광역시 동구 범일동,중상사고,0,1,0,0,차대사람 - 길가장자리구역통행중,안전운전불이행,건조,맑음,단일로 - 기타,승용,남,59세,상해없음,보행자,여,76세,중상
노인사고,2020080300100294,2020년 8월 3일 14시,월요일,부산광역시 해운대구 반여동,부상신고사고,0,0,0,1,차량단독 - 기타,안전운전불이행,건조,맑음,단일로 - 기타,승합,남,49세,상해없음,,,,
노인사고,2.02008E+15,2020년 8월 3일 16시,월요일,부산광역시 사하구 다대동,경상사고,0,0,3,0,차대차 - 기타,신호위반,건조,맑음,교차로 - 교차로안,승용,남,67세,경상,승용,남,47세,경상
노인사고,2020080300100507,2020년 8월 3일 20시,월요일,부산광역시 부산진구 양정동,경상사고,0,0,3,0,차대차 - 추돌,안전운전불이행,건조,맑음,교차로 - 교차로부근,승용,남,59세,상해없음,승용,남,65세,경상
노인사고,2020080400100065,2020년 8월 4일 07시,화요일,부산광역시 동래구 사직동,경상사고,0,0,2,0,차대차 - 추돌,안전거리미확보,건조,맑음,단일로 - 기타,승용,남,58세,경상,승용,남,67세,경상
노인사고,2020080400100066,2020년 8월 4일 07시,화요일,부산광역시 동래구 명장동,경상사고,0,0,1,0,차대차 - 추돌,안전운전불이행,건조,맑음,단일로 - 기타,승용,남,25세,상해없음,이륜,남,72세,경상
노인사고,2020080400100169,2020년 8월 4일 11시,화요일,부산광역시 강서구 명지동,경상사고,0,0,1,0,차대차 - 기타,안전운전불이행,건조,맑음,단일로 - 기타,승용,여,72세,경상,화물,남,59세,상해없음
노인사고,2020080400100196,2020년 8월 4일 12시,화요일,부산광역시 사하구 장림동,경상사고,0,0,2,1,차대차 - 추돌,안전운전불이행,건조,맑음,단일로 - 기타,승용,남,76세,부상신고,화물,남,38세,상해없음
노인사고,2020080400100336,2020년 8월 4일 16시,화요일,부산광역시 금정구 남산동,경상사고,0,0,2,0,차대차 - 측면충돌,안전운전불이행,건조,맑음,교차로 - 교차로안,승용,여,66세,상해없음,승용,남,65세,경상
노인사고,2020080500100155,2020년 8월 5일 11시,수요일,부산광역시 사하구 다대동,경상사고,0,0,2,0,차대차 - 기타,안전거리미확보,건조,맑음,단일로 - 기타,승용,여,54세,상해없음,승용,남,69세,경상
노인사고,2020080500100157,2020년 8월 5일 11시,수요일,부산광역시 사상구 괘법동,중상사고,0,1,3,1,차대차 - 측면충돌,안전운전불이행,건조,맑음,단일로 - 기타,승용,남,58세,상해없음,승합,남,63세,상해없음
노인사고,2020080500100325,2020년 8월 5일 16시,수요일,부산광역시 기장군 기장읍,경상사고,0,0,1,0,차대차 - 측면충돌,안전운전불이행,건조,맑음,교차로 - 교차로안,승용,남,33세,상해없음,이륜,남,80세,경상
노인사고,2020080500100436,2020년 8월 5일 19시,수요일,부산광역시 사하구 하단동,경상사고,0,0,1,0,차대차 - 측면충돌,신호위반,건조,맑음,교차로 - 교차로안,승용,남,51세,상해없음,승용,남,69세,경상
노인사고,2020080600100103,2020년 8월 6일 08시,목요일,부산광역시 부산진구 부전동,중상사고,0,1,0,0,차대차 - 측면충돌,직진우회전진행방해,젖음/습기,흐림,교차로 - 교차로안,화물,남,58세,상해없음,자전거,남,80세,중상
노인사고,2020080600100177,2020년 8월 6일 10시,목요일,부산광역시 사상구 주례동,경상사고,0,0,1,0,차대사람 - 기타,안전운전불이행,건조,맑음,교차로 - 교차로부근,화물,남,40세,기타불명,보행자,여,75세,경상
노인사고,2020080600100197,2020년 8월 6일 11시,목요일,부산광역시 서구 암남동,경상사고,0,0,1,0,차대사람 - 차도통행중,안전운전불이행,건조,맑음,단일로 - 기타,승용,남,57세,상해없음,보행자,여,71세,경상
노인사고,2.02008E+15,2020년 8월 6일 13시,목요일,부산광역시 기장군 장안읍,경상사고,0,0,1,0,차대사람 - 차도통행중,안전운전불이행,건조,맑음,단일로 - 기타,승용,여,57세,상해없음,보행자,여,75세,경상
노인사고,2020080600100527,2020년 8월 6일 21시,목요일,부산광역시 해운대구 반여동,부상신고사고,0,0,0,1,차량단독 - 공작물충돌,안전운전불이행,건조,맑음,교차로 - 교차로부근,이륜,남,67세,부상신고,,,,
노인사고,2020080700100025,2020년 8월 7일 01시,금요일,부산광역시 연제구 연산동,경상사고,0,0,1,0,차대차 - 정면충돌,교차로운행방법위반,건조,맑음,교차로 - 교차로안,승용,남,57세,상해없음,승용,남,61세,상해없음
노인사고,2020080700100437,2020년 8월 7일 18시,금요일,부산광역시 사하구 하단동,부상신고사고,0,0,0,1,차대사람 - 기타,안전운전불이행,젖음/습기,비,단일로 - 기타,이륜,남,42세,상해없음,보행자,남,73세,부상신고
노인사고,2020080800100022,2020년 8월 8일 01시,토요일,부산광역시 금정구 서동,중상사고,0,1,0,0,차대차 - 기타,안전운전불이행,젖음/습기,비,교차로 - 교차로안,승용,여,30세,상해없음,승용,남,65세,중상
노인사고,2020080800100063,2020년 8월 8일 04시,토요일,부산광역시 기장군 일광면,중상사고,0,1,0,0,차대차 - 추돌,안전운전불이행,젖음/습기,비,단일로 - 기타,승용,남,23세,상해없음,승용,남,69세,중상
노인사고,2020080900100102,2020년 8월 9일 09시,일요일,부산광역시 강서구 강동동,중상사고,0,1,0,0,차대사람 - 횡단중,안전운전불이행,건조,맑음,단일로 - 기타,승용,남,34세,상해없음,보행자,남,78세,중상
노인사고,2020080900100129,2020년 8월 9일 11시,일요일,부산광역시 영도구 남항동3가,경상사고,0,0,1,0,차대차 - 기타,안전운전불이행,젖음/습기,비,교차로 - 교차로안,승용,남,61세,상해없음,자전거,남,79세,경상
노인사고,2020080900100141,2020년 8월 9일 12시,일요일,부산광역시 수영구 광안동,중상사고,0,1,0,0,차대사람 - 기타,안전운전불이행,건조,맑음,교차로 - 교차로안,승용,여,21세,상해없음,보행자,남,70세,중상
노인사고,2020080900100162,2020년 8월 9일 13시,일요일,부산광역시 기장군 기장읍,경상사고,0,0,3,0,차대차 - 추돌,안전운전불이행,건조,맑음,교차로 - 교차로부근,승용,남,66세,상해없음,승용,남,67세,경상
노인사고,2020081000100041,2020년 8월 10일 07시,월요일,부산광역시 북구 덕천동,중상사고,0,1,0,0,차대사람 - 횡단중,보행자보호의무위반,건조,맑음,단일로 - 지하차도(도로)내,이륜,남,35세,상해없음,보행자,여,77세,중상
노인사고,2020081000100062,2020년 8월 10일 08시,월요일,부산광역시 해운대구 반여동,중상사고,0,1,0,0,차대사람 - 기타,안전운전불이행,건조,맑음,단일로 - 기타,화물,남,48세,상해없음,보행자,여,71세,중상
노인사고,2020081000100064,2020년 8월 10일 08시,월요일,부산광역시 기장군 장안읍,경상사고,0,0,3,1,차대차 - 측면충돌,교차로운행방법위반,건조,맑음,교차로 - 교차로안,승합,남,42세,경상,건설기계,남,57세,경상
노인사고,2020081000100141,2020년 8월 10일 10시,월요일,부산광역시 영도구 영선동4가,중상사고,0,1,0,0,차량단독 - 공작물충돌,안전운전불이행,건조,맑음,단일로 - 기타,승용,남,71세,상해없음,,,,
노인사고,2020081000100164,2020년 8월 10일 11시,월요일,부산광역시 연제구 거제동,경상사고,0,0,1,0,차대차 - 기타,교차로운행방법위반,젖음/습기,비,교차로 - 교차로안,승용,남,52세,상해없음,승용,남,65세,경상
노인사고,2020081000100265,2020년 8월 10일 14시,월요일,부산광역시 동구 초량동,중상사고,0,1,0,0,차대사람 - 횡단중,보행자보호의무위반,젖음/습기,비,교차로 - 교차로횡단보도내,승용,남,62세,상해없음,보행자,남,65세,중상
노인사고,2020081000100364,2020년 8월 10일 17시,월요일,부산광역시 동래구 온천동,경상사고,0,0,1,0,차대사람 - 횡단중,보행자보호의무위반,젖음/습기,비,교차로 - 교차로횡단보도내,승용,남,67세,상해없음,보행자,여,67세,경상
노인사고,2020081000100434,2020년 8월 10일 19시,월요일,부산광역시 동래구 명륜동,경상사고,0,0,1,0,차대차 - 추돌,안전거리미확보,건조,맑음,단일로 - 기타,승용,남,60세,상해없음,승용,남,67세,경상
노인사고,2020081000100471,2020년 8월 10일 20시,월요일,부산광역시 부산진구 전포동,중상사고,0,1,0,0,차대사람 - 횡단중,보행자보호의무위반,건조,맑음,교차로 - 교차로안,승용,남,75세,상해없음,보행자,여,70세,중상
노인사고,2020081100100025,2020년 8월 11일 01시,화요일,부산광역시 부산진구 범천동,경상사고,0,0,3,0,차대차 - 추돌,안전운전불이행,건조,맑음,단일로 - 기타,승용,남,27세,상해없음,승용,남,34세,상해없음
노인사고,2020081100100061,2020년 8월 11일 05시,화요일,부산광역시 사상구 주례동,중상사고,0,1,0,0,차대사람 - 차도통행중,안전운전불이행,건조,맑음,교차로 - 교차로부근,기타불명,기타불명,미분류,기타불명,보행자,여,81세,중상
노인사고,2020081100100152,2020년 8월 11일 09시,화요일,부산광역시 해운대구 재송동,중상사고,0,1,0,0,차대사람 - 차도통행중,중앙선침범,건조,맑음,교차로 - 교차로부근,승용,여,50세,상해없음,보행자,남,88세,중상
노인사고,2020081100100225,2020년 8월 11일 11시,화요일,부산광역시 사상구 주례동,경상사고,0,0,1,0,차대차 - 측면충돌,안전운전불이행,건조,맑음,교차로 - 교차로부근,승용,남,70세,상해없음,승용,남,68세,경상
노인사고,2020081100100319,2020년 8월 11일 14시,화요일,부산광역시 사하구 하단동,경상사고,0,0,1,0,차대차 - 추돌,직진우회전진행방해,건조,맑음,교차로 - 교차로안,승용,남,73세,경상,승용,여,39세,상해없음
노인사고,2020081100100383,2020년 8월 11일 16시,화요일,부산광역시 북구 화명동,경상사고,0,0,1,0,차대사람 - 기타,기타,젖음/습기,비,교차로 - 교차로부근,승용,남,46세,상해없음,보행자,남,91세,경상
노인사고,2020081100100385,2020년 8월 11일 16시,화요일,부산광역시 연제구 연산동,중상사고,0,1,2,0,차대차 - 기타,안전운전불이행,건조,맑음,단일로 - 기타,승용,남,70세,중상,승용,여,43세,상해없음
노인사고,2020081100100386,2020년 8월 11일 16시,화요일,부산광역시 기장군 장안읍,경상사고,0,0,2,0,차대차 - 추돌,안전운전불이행,젖음/습기,비,교차로 - 교차로부근,기타불명,기타불명,미분류,기타불명,승용,남,66세,경상
노인사고,2020081100100451,2020년 8월 11일 18시,화요일,부산광역시 부산진구 부암동,경상사고,0,0,2,0,차대차 - 추돌,안전거리미확보,건조,맑음,단일로 - 기타,승용,남,29세,상해없음,승용,여,43세,경상
노인사고,2020081200100331,2020년 8월 12일 15시,수요일,부산광역시 동래구 온천동,중상사고,0,1,0,0,차대차 - 측면충돌,안전운전불이행,건조,맑음,단일로 - 기타,승용,남,42세,상해없음,승용,여,71세,중상
노인사고,2.02008E+15,2020년 8월 12일 16시,수요일,부산광역시 해운대구 재송동,경상사고,0,0,1,0,차대차 - 측면충돌,안전거리미확보,건조,맑음,단일로 - 기타,승용,여,37세,기타불명,특수,남,71세,경상
노인사고,2020081200100551,2020년 8월 12일 21시,수요일,부산광역시 사하구 신평동,중상사고,0,1,0,0,차대차 - 기타,안전거리미확보,건조,맑음,교차로 - 교차로부근,승용,여,39세,기타불명,승용,남,70세,중상
노인사고,2020081300100107,2020년 8월 13일 09시,목요일,부산광역시 금정구 회동동,경상사고,0,0,1,0,차대차 - 기타,교차로운행방법위반,건조,맑음,교차로 - 교차로안,승용,남,48세,상해없음,이륜,남,75세,경상
노인사고,2020081300100108,2020년 8월 13일 09시,목요일,부산광역시 기장군 장안읍,중상사고,0,2,1,0,차대차 - 추돌,안전거리미확보,건조,맑음,단일로 - 기타,화물,남,68세,중상,승용,남,46세,상해없음
노인사고,2020081300100173,2020년 8월 13일 11시,목요일,부산광역시 사상구 주례동,중상사고,0,1,0,0,차대사람 - 보도통행중,기타,건조,맑음,단일로 - 기타,승용,남,26세,상해없음,보행자,여,72세,중상
노인사고,2020081300100279,2020년 8월 13일 14시,목요일,부산광역시 강서구 명지동,경상사고,0,0,3,0,차대차 - 추돌,안전운전불이행,건조,맑음,단일로 - 기타,화물,남,59세,상해없음,승용,여,51세,경상
노인사고,2020081300100402,2020년 8월 13일 17시,목요일,부산광역시 수영구 남천동,경상사고,0,0,1,2,차대차 - 추돌,안전운전불이행,건조,맑음,단일로 - 기타,화물,남,61세,상해없음,승용,남,76세,부상신고
노인사고,2020081300100405,2020년 8월 13일 17시,목요일,부산광역시 사하구 다대동,중상사고,0,1,0,0,차대차 - 기타,안전운전불이행,건조,맑음,교차로 - 교차로안,승용,남,65세,상해없음,이륜,남,73세,중상
노인사고,2020081400100104,2020년 8월 14일 08시,금요일,부산광역시 부산진구 양정동,중상사고,0,1,0,0,차대사람 - 기타,안전운전불이행,건조,맑음,단일로 - 기타,화물,남,45세,상해없음,보행자,여,89세,중상
노인사고,2020081400100253,2020년 8월 14일 12시,금요일,부산광역시 해운대구 우동,경상사고,0,0,1,3,차대차 - 측면충돌,안전운전불이행,건조,맑음,교차로 - 교차로안,승용,여,46세,부상신고,승용,남,66세,경상
노인사고,2.02008E+15,2020년 8월 14일 15시,금요일,부산광역시 남구 대연동,중상사고,0,1,0,0,차대사람 - 횡단중,보행자보호의무위반,건조,맑음,교차로 - 교차로횡단보도내,승용,남,64세,상해없음,보행자,여,78세,중상
노인사고,2020081400100552,2020년 8월 14일 19시,금요일,부산광역시 서구 충무동1가,경상사고,0,0,4,0,차대차 - 측면충돌,안전운전불이행,건조,맑음,단일로 - 기타,승용,남,33세,상해없음,승용,남,49세,경상
노인사고,2020081500100032,2020년 8월 15일 01시,토요일,부산광역시 수영구 광안동,경상사고,0,0,3,0,차대차 - 추돌,안전거리미확보,건조,맑음,기타 - 기타,승용,여,25세,상해없음,승용,남,67세,경상
노인사고,2020081500100097,2020년 8월 15일 06시,토요일,부산광역시 서구 아미동2가,경상사고,0,0,1,1,차대차 - 측면충돌,직진우회전진행방해,건조,맑음,교차로 - 교차로안,승용,남,73세,부상신고,승용,여,62세,경상
노인사고,2020081500100155,2020년 8월 15일 10시,토요일,부산광역시 부산진구 부전동,중상사고,0,1,0,0,차대사람 - 기타,기타,건조,맑음,단일로 - 기타,승합,남,62세,상해없음,보행자,여,84세,중상