사고부문,사고번호,사고일시,요일,시군구,사고내용,사망자수,중상자수,경상자수,부상신고자수,사고유형,법규위반,노면상태,기상상태,도로형태,가해운전자 차종,가해운전자 성별,가해운전자 연령,가해운전자 상해정도,피해운전자 차종,피해운전자 성별,피해운전자 연령,피해운전자 상해정도
노인사고,2.02008E+15,2020년 8월 15일 12시,토요일,부산광역시 사하구 장림동,중상사고,0,1,0,0,차대차 - 기타,안전운전불이행,건조,맑음,단일로 - 지하차도(도로)내,이륜,남,74세,중상,승용,남,45세,상해없음
노인사고,2020081500100369,2020년 8월 15일 17시,토요일,부산광역시 부산진구 초읍동,중상사고,0,1,0,0,차대차 - 측면충돌,안전운전불이행,건조,맑음,교차로 - 교차로부근,승용,남,49세,상해없음,승용,남,67세,중상
노인사고,2020081600100076,2020년 8월 16일 06시,일요일,부산광역시 남구 대연동,경상사고,0,0,2,0,차대차 - 측면충돌,안전운전불이행,건조,맑음,교차로 - 교차로안,승용,남,62세,상해없음,승용,남,67세,경상
노인사고,2020081600100083,2020년 8월 16일 07시,일요일,부산광역시 부산진구 부전동,경상사고,0,0,2,0,차대차 - 기타,신호위반,건조,맑음,교차로 - 교차로부근,승용,여,27세,상해없음,승용,남,66세,경상
노인사고,2020081600100118,2020년 8월 16일 09시,일요일,부산광역시 사하구 하단동,중상사고,0,1,0,0,차대차 - 기타,안전운전불이행,건조,맑음,단일로 - 기타,승용,남,39세,상해없음,자전거,남,86세,중상
노인사고,2.02008E+15,2020년 8월 16일 14시,일요일,부산광역시 금정구 남산동,중상사고,0,1,0,0,차대사람 - 횡단중,보행자보호의무위반,건조,맑음,단일로 - 기타,원동기,남,30세,상해없음,보행자,여,87세,중상
노인사고,2020081700100017,2020년 8월 17일 02시,월요일,부산광역시 부산진구 양정동,중상사고,0,1,2,1,차대차 - 기타,신호위반,건조,맑음,교차로 - 교차로안,이륜,남,25세,부상신고,승용,남,65세,중상
노인사고,2020081700100116,2020년 8월 17일 10시,월요일,부산광역시 기장군 정관면,사망사고,1,1,0,0,차량단독 - 도로외이탈 - 추락,안전운전불이행,건조,맑음,단일로 - 기타,승용,남,71세,상해없음,,,,
노인사고,2020081700100174,2020년 8월 17일 12시,월요일,부산광역시 수영구 광안동,경상사고,0,0,3,0,차대차 - 추돌,안전운전불이행,건조,맑음,단일로 - 기타,화물,남,68세,상해없음,승용,여,62세,경상
노인사고,2020081700100253,2020년 8월 17일 14시,월요일,부산광역시 기장군 장안읍,중상사고,0,1,2,0,차대차 - 측면충돌,교차로운행방법위반,건조,맑음,단일로 - 기타,승용,남,71세,경상,승용,남,24세,경상
노인사고,2020081700100373,2020년 8월 17일 17시,월요일,부산광역시 금정구 장전동,경상사고,0,0,1,1,차대차 - 기타,안전운전불이행,건조,맑음,기타 - 기타,승용,여,68세,부상신고,승용,남,60세,경상
노인사고,2020081700100374,2020년 8월 17일 17시,월요일,부산광역시 금정구 금사동,경상사고,0,0,1,0,차대차 - 기타,교차로운행방법위반,건조,맑음,교차로 - 교차로안,승용,남,66세,기타불명,승합,남,60세,상해없음
노인사고,2.02008E+15,2020년 8월 17일 19시,월요일,부산광역시 기장군 철마면,중상사고,0,1,0,0,차대차 - 측면충돌,안전운전불이행,건조,맑음,단일로 - 기타,승용,여,35세,상해없음,이륜,남,78세,중상
노인사고,2020081700100502,2020년 8월 17일 20시,월요일,부산광역시 중구 보수동2가,경상사고,0,0,1,0,차대차 - 추돌,안전운전불이행,건조,맑음,교차로 - 교차로안,승용,남,23세,상해없음,승용,남,59세,상해없음
노인사고,2020081700100525,2020년 8월 17일 21시,월요일,부산광역시 동구 좌천동,경상사고,0,0,2,1,차대차 - 기타,안전운전불이행,건조,맑음,단일로 - 기타,승용,여,50세,상해없음,승용,남,67세,경상
노인사고,2020081800100047,2020년 8월 18일 06시,화요일,부산광역시 금정구 부곡동,중상사고,0,1,0,0,차대사람 - 횡단중,보행자보호의무위반,건조,맑음,교차로 - 교차로횡단보도내,승용,남,57세,상해없음,보행자,남,74세,중상
노인사고,2020081800100155,2020년 8월 18일 10시,화요일,부산광역시 영도구 신선동3가,경상사고,0,0,1,0,차대차 - 기타,안전운전불이행,건조,맑음,교차로 - 교차로안,승용,여,66세,상해없음,자전거,남,86세,경상
노인사고,2020081800100191,2020년 8월 18일 11시,화요일,부산광역시 사하구 당리동,경상사고,0,0,1,0,차대차 - 기타,안전운전불이행,건조,맑음,단일로 - 지하차도(도로)내,승합,남,54세,기타불명,승합,남,68세,경상
노인사고,2020081800100277,2020년 8월 18일 13시,화요일,부산광역시 남구 대연동,중상사고,0,1,0,0,차대차 - 측면충돌,안전운전불이행,건조,맑음,단일로 - 기타,승용,남,28세,상해없음,원동기,남,67세,중상
노인사고,2020081800100329,2020년 8월 18일 14시,화요일,부산광역시 사상구 주례동,경상사고,0,0,1,0,차대사람 - 차도통행중,안전운전불이행,건조,맑음,단일로 - 기타,화물,남,40세,상해없음,보행자,여,82세,경상
노인사고,2020081800100561,2020년 8월 18일 19시,화요일,부산광역시 북구 만덕동,중상사고,0,1,0,0,차대사람 - 횡단중,안전운전불이행,건조,맑음,단일로 - 기타,승용,여,31세,상해없음,보행자,여,78세,중상
노인사고,2020081900100089,2020년 8월 19일 08시,수요일,부산광역시 사하구 장림동,중상사고,0,1,0,0,차대차 - 측면충돌,교차로운행방법위반,건조,맑음,교차로 - 교차로부근,이륜,남,77세,중상,승용,남,43세,상해없음
노인사고,2020081900100228,2020년 8월 19일 12시,수요일,부산광역시 서구 서대신동3가,경상사고,0,0,1,0,차대사람 - 기타,안전운전불이행,건조,맑음,교차로 - 교차로부근,기타불명,기타불명,미분류,기타불명,보행자,여,76세,경상
노인사고,2020081900100275,2020년 8월 19일 13시,수요일,부산광역시 남구 감만동,중상사고,0,1,0,0,차대차 - 측면충돌,안전거리미확보,건조,맑음,단일로 - 기타,이륜,남,72세,중상,승용,여,47세,상해없음
노인사고,2020081900100395,2020년 8월 19일 16시,수요일,부산광역시 부산진구 초읍동,부상신고사고,0,0,0,1,차대차 - 기타,안전거리미확보,건조,맑음,교차로 - 교차로안,이륜,남,68세,부상신고,승용,남,50세,상해없음
노인사고,2020081900100436,2020년 8월 19일 17시,수요일,부산광역시 사상구 감전동,중상사고,0,1,0,0,차대사람 - 횡단중,안전운전불이행,건조,맑음,교차로 - 교차로안,승용,남,30세,상해없음,보행자,여,69세,중상
노인사고,2020081900100652,2020년 8월 19일 23시,수요일,부산광역시 남구 대연동,중상사고,0,1,3,0,차대차 - 추돌,안전거리미확보,건조,맑음,단일로 - 기타,승용,남,35세,상해없음,승용,남,48세,경상
노인사고,2.02008E+15,2020년 8월 20일 06시,목요일,부산광역시 기장군 기장읍,경상사고,0,0,1,0,차대사람 - 횡단중,보행자보호의무위반,건조,맑음,교차로 - 교차로횡단보도내,승용,남,61세,상해없음,보행자,여,76세,경상
노인사고,2020082000100126,2020년 8월 20일 09시,목요일,부산광역시 영도구 대교동1가,중상사고,0,1,0,0,차량단독 - 기타,안전운전불이행,건조,맑음,단일로 - 기타,승합,남,54세,상해없음,,,,
노인사고,2020082000100161,2020년 8월 20일 10시,목요일,부산광역시 사상구 감전동,사망사고,1,0,0,0,차량단독 - 기타,안전운전불이행,건조,맑음,단일로 - 지하차도(도로)내,화물,남,33세,상해없음,,,,
노인사고,2.02008E+15,2020년 8월 20일 11시,목요일,부산광역시 부산진구 범전동,경상사고,0,0,1,0,차대차 - 추돌,안전거리미확보,건조,맑음,단일로 - 기타,승용,남,44세,상해없음,승용,남,74세,경상
노인사고,2020082000100358,2020년 8월 20일 15시,목요일,부산광역시 동래구 안락동,중상사고,0,1,1,0,차대차 - 측면충돌,신호위반,건조,맑음,교차로 - 교차로안,승용,여,56세,상해없음,승용,남,66세,중상
노인사고,2020082000100399,2020년 8월 20일 16시,목요일,부산광역시 동구 초량동,경상사고,0,0,2,0,차대차 - 측면충돌,중앙선침범,건조,맑음,단일로 - 기타,승용,남,62세,상해없음,승용,남,65세,경상
노인사고,2020082000100428,2020년 8월 20일 17시,목요일,부산광역시 남구 대연동,중상사고,0,1,0,0,차량단독 - 공작물충돌,안전운전불이행,건조,맑음,기타 - 기타,승용,여,76세,상해없음,,,,
노인사고,2.02008E+15,2020년 8월 20일 17시,목요일,부산광역시 해운대구 우동,경상사고,0,0,1,0,차대사람 - 횡단중,안전운전불이행,건조,맑음,교차로 - 교차로안,승용,남,63세,상해없음,보행자,남,72세,경상
노인사고,2020082000100431,2020년 8월 20일 17시,목요일,부산광역시 연제구 연산동,중상사고,0,1,0,0,차대사람 - 기타,안전운전불이행,건조,맑음,단일로 - 기타,화물,남,51세,상해없음,보행자,남,74세,중상
노인사고,2020082000100475,2020년 8월 20일 18시,목요일,부산광역시 북구 덕천동,경상사고,0,0,1,0,차대사람 - 횡단중,신호위반,건조,맑음,단일로 - 지하차도(도로)내,이륜,남,45세,상해없음,보행자,여,73세,경상
노인사고,2020082000100476,2020년 8월 20일 18시,목요일,부산광역시 동래구 온천동,경상사고,0,0,1,0,차대차 - 기타,안전운전불이행,건조,맑음,단일로 - 기타,자전거,여,68세,경상,승용,남,53세,상해없음
노인사고,2020082000100519,2020년 8월 20일 19시,목요일,부산광역시 부산진구 부전동,중상사고,0,1,0,0,차대차 - 추돌,안전운전불이행,건조,맑음,교차로 - 교차로부근,승용,남,30세,상해없음,승용,남,41세,상해없음
노인사고,2020082000100583,2020년 8월 20일 21시,목요일,부산광역시 해운대구 중동,경상사고,0,0,1,0,차량단독 - 기타,안전운전불이행,건조,맑음,단일로 - 기타,승합,남,50세,상해없음,,,,
노인사고,2020082100100016,2020년 8월 21일 01시,금요일,부산광역시 부산진구 범천동,중상사고,0,2,0,0,차대차 - 추돌,안전운전불이행,건조,맑음,교차로 - 교차로부근,승용,남,66세,중상,승용,남,34세,상해없음
노인사고,2020082100100051,2020년 8월 21일 06시,금요일,부산광역시 강서구 강동동,사망사고,1,0,0,0,차대차 - 측면충돌,안전운전불이행,건조,맑음,교차로 - 교차로안,승용,여,62세,상해없음,이륜,여,65세,사망
노인사고,2020082100100245,2020년 8월 21일 13시,금요일,부산광역시 강서구 녹산동,중상사고,0,3,3,0,차대차 - 측면충돌,신호위반,건조,맑음,교차로 - 교차로안,화물,남,50세,상해없음,승합,남,65세,중상
노인사고,2020082100100281,2020년 8월 21일 14시,금요일,부산광역시 동래구 온천동,중상사고,0,1,0,0,차대사람 - 기타,안전운전불이행,건조,맑음,교차로 - 교차로안,화물,남,55세,상해없음,보행자,여,73세,중상
노인사고,2.02008E+15,2020년 8월 21일 19시,금요일,부산광역시 사상구 괘법동,중상사고,0,1,0,0,차대사람 - 횡단중,신호위반,건조,맑음,단일로 - 기타,화물,여,51세,상해없음,보행자,여,75세,중상
노인사고,2020082200100087,2020년 8월 22일 07시,토요일,부산광역시 영도구 청학동,중상사고,0,1,0,0,차대사람 - 길가장자리구역통행중,안전운전불이행,건조,맑음,교차로 - 교차로부근,승합,남,60세,상해없음,보행자,여,70세,중상
노인사고,2.02008E+15,2020년 8월 22일 09시,토요일,부산광역시 금정구 청룡동,경상사고,0,0,1,0,차대차 - 측면충돌,안전운전불이행,건조,맑음,교차로 - 교차로안,승용,여,45세,상해없음,승용,남,60세,상해없음
노인사고,2020082200100167,2020년 8월 22일 10시,토요일,부산광역시 영도구 봉래동2가,중상사고,0,2,0,0,차대차 - 측면충돌,신호위반,건조,맑음,단일로 - 기타,승용,남,77세,상해없음,승용,남,47세,중상
노인사고,2.02008E+15,2020년 8월 22일 14시,토요일,부산광역시 강서구 송정동,중상사고,0,2,6,0,차대차 - 추돌,안전운전불이행,건조,맑음,단일로 - 기타,건설기계,남,50세,상해없음,승합,남,41세,경상
노인사고,2020082200100414,2020년 8월 22일 17시,토요일,부산광역시 수영구 수영동,부상신고사고,0,0,0,1,차대사람 - 보도통행중,안전운전불이행,건조,맑음,단일로 - 기타,승용,여,50세,상해없음,보행자,여,78세,부상신고
노인사고,2020082300100054,2020년 8월 23일 04시,일요일,부산광역시 부산진구 부전동,경상사고,0,0,3,0,차대차 - 기타,신호위반,건조,맑음,교차로 - 교차로안,승용,남,68세,상해없음,승용,남,65세,경상
노인사고,2020082300100168,2020년 8월 23일 13시,일요일,부산광역시 동래구 안락동,경상사고,0,0,1,0,차대사람 - 기타,보행자보호의무위반,건조,맑음,단일로 - 기타,승합,남,60세,상해없음,보행자,남,68세,경상
노인사고,2020082300100298,2020년 8월 23일 17시,일요일,부산광역시 부산진구 전포동,중상사고,0,1,0,0,차대차 - 측면충돌,직진우회전진행방해,건조,맑음,교차로 - 교차로안,승용,남,26세,상해없음,이륜,남,65세,중상
노인사고,2020082400100004,2020년 8월 24일 00시,월요일,부산광역시 남구 문현동,경상사고,0,0,1,0,차대차 - 추돌,안전운전불이행,건조,맑음,단일로 - 기타,승용,여,47세,상해없음,승용,남,65세,경상
노인사고,2020082400100135,2020년 8월 24일 09시,월요일,부산광역시 동구 범일동,경상사고,0,0,1,0,차대사람 - 차도통행중,안전운전불이행,건조,맑음,교차로 - 교차로안,승용,남,67세,상해없음,보행자,남,73세,경상
노인사고,2020082400100295,2020년 8월 24일 14시,월요일,부산광역시 강서구 대저2동,부상신고사고,0,0,0,1,차대차 - 기타,안전운전불이행,건조,맑음,단일로 - 기타,이륜,남,56세,상해없음,자전거,남,70세,부상신고
노인사고,2020082400100339,2020년 8월 24일 15시,월요일,부산광역시 부산진구 당감동,중상사고,0,1,0,0,차대사람 - 기타,중앙선침범,건조,맑음,기타 - 기타,이륜,남,28세,상해없음,보행자,여,71세,중상
노인사고,2020082400100394,2020년 8월 24일 16시,월요일,부산광역시 해운대구 우동,중상사고,0,2,0,0,차대차 - 측면충돌,안전운전불이행,건조,맑음,단일로 - 기타,승용,여,25세,상해없음,승용,남,65세,중상
노인사고,2020082400100478,2020년 8월 24일 18시,월요일,부산광역시 부산진구 당감동,경상사고,0,0,1,0,차대사람 - 기타,안전운전불이행,건조,맑음,단일로 - 기타,승용,여,56세,상해없음,보행자,남,65세,경상
노인사고,2020082500100252,2020년 8월 25일 12시,화요일,부산광역시 연제구 연산동,경상사고,0,0,5,0,차대차 - 추돌,안전거리미확보,건조,맑음,단일로 - 기타,화물,남,40세,상해없음,승용,여,40세,경상
노인사고,2020082500100287,2020년 8월 25일 13시,화요일,부산광역시 수영구 민락동,부상신고사고,0,0,0,2,차대차 - 측면충돌,교차로운행방법위반,건조,맑음,교차로 - 교차로안,화물,남,41세,상해없음,화물,남,66세,부상신고
노인사고,2020082500100357,2020년 8월 25일 15시,화요일,부산광역시 중구 부평동1가,중상사고,0,1,0,0,차대사람 - 기타,안전운전불이행,건조,맑음,기타 - 기타,이륜,남,66세,상해없음,보행자,여,75세,중상
노인사고,2020082500100525,2020년 8월 25일 19시,화요일,부산광역시 동래구 안락동,중상사고,0,1,0,0,차대사람 - 기타,안전운전불이행,건조,맑음,교차로 - 교차로안,승용,여,28세,상해없음,보행자,여,72세,중상
노인사고,2020082600100056,2020년 8월 26일 07시,수요일,부산광역시 부산진구 부암동,경상사고,0,0,1,0,차대사람 - 보도통행중,신호위반,건조,맑음,교차로 - 교차로횡단보도내,승용,남,55세,상해없음,보행자,여,68세,경상
노인사고,2020082600100057,2020년 8월 26일 07시,수요일,부산광역시 수영구 망미동,중상사고,0,1,0,0,차대사람 - 차도통행중,신호위반,건조,맑음,단일로 - 기타,승용,남,40세,상해없음,보행자,여,75세,중상
노인사고,2020082700100056,2020년 8월 27일 07시,목요일,부산광역시 남구 용호동,중상사고,0,1,0,0,차대사람 - 횡단중,안전운전불이행,젖음/습기,비,단일로 - 기타,승용,남,49세,상해없음,보행자,여,76세,중상
노인사고,2020082700100084,2020년 8월 27일 08시,목요일,부산광역시 강서구 대저2동,사망사고,1,0,0,0,차량단독 - 공작물충돌,안전운전불이행,젖음/습기,비,단일로 - 기타,승합,남,77세,사망,,,,
노인사고,2020082700100207,2020년 8월 27일 12시,목요일,부산광역시 사상구 엄궁동,중상사고,0,3,0,0,차대차 - 정면충돌,중앙선침범,젖음/습기,비,기타 - 기타,승용,남,50세,상해없음,승용,남,66세,중상
노인사고,2020082800100098,2020년 8월 28일 08시,금요일,부산광역시 중구 중앙동4가,경상사고,0,0,3,0,차대차 - 측면충돌,안전운전불이행,건조,맑음,단일로 - 기타,화물,남,71세,상해없음,승용,남,41세,경상
노인사고,2020082800100182,2020년 8월 28일 11시,금요일,부산광역시 연제구 연산동,경상사고,0,0,1,0,차대차 - 기타,기타,건조,맑음,단일로 - 기타,자전거,여,72세,경상,승용,여,62세,상해없음
노인사고,2020082800100214,2020년 8월 28일 12시,금요일,부산광역시 수영구 남천동,경상사고,0,0,2,0,차대차 - 추돌,안전운전불이행,건조,맑음,기타 - 기타,승용,남,76세,상해없음,승용,남,68세,경상
노인사고,2020082900100066,2020년 8월 29일 05시,토요일,부산광역시 사하구 감천동,중상사고,0,1,0,0,차대사람 - 횡단중,신호위반,건조,맑음,교차로 - 교차로횡단보도내,승용,남,56세,상해없음,보행자,남,75세,중상
노인사고,2020082900100127,2020년 8월 29일 09시,토요일,부산광역시 부산진구 양정동,중상사고,0,1,1,1,차대차 - 측면충돌,안전운전불이행,건조,맑음,교차로 - 교차로부근,승용,남,69세,부상신고,승용,남,59세,경상
노인사고,2020082900100155,2020년 8월 29일 10시,토요일,부산광역시 금정구 부곡동,중상사고,0,3,1,1,차대차 - 추돌,안전거리미확보,건조,맑음,단일로 - 기타,승용,남,58세,부상신고,승용,남,54세,중상
노인사고,2020082900100325,2020년 8월 29일 15시,토요일,부산광역시 연제구 연산동,경상사고,0,0,2,0,차대차 - 측면충돌,안전운전불이행,건조,맑음,교차로 - 교차로부근,승용,남,74세,상해없음,승용,남,68세,경상
노인사고,2020082900100358,2020년 8월 29일 16시,토요일,부산광역시 기장군 일광면,중상사고,0,1,6,1,차대차 - 추돌,교차로운행방법위반,건조,맑음,교차로 - 교차로안,승용,여,23세,상해없음,승합,남,37세,경상
노인사고,2020082900100415,2020년 8월 29일 18시,토요일,부산광역시 영도구 청학동,경상사고,0,0,1,0,차대사람 - 횡단중,안전운전불이행,건조,맑음,교차로 - 교차로안,승용,남,68세,상해없음,보행자,여,69세,경상
노인사고,2020082900100543,2020년 8월 29일 22시,토요일,부산광역시 금정구 노포동,경상사고,0,0,4,0,차대차 - 기타,중앙선침범,건조,맑음,단일로 - 기타,승용,남,27세,상해없음,승합,남,46세,경상
노인사고,2020083000100072,2020년 8월 30일 07시,일요일,부산광역시 사하구 장림동,경상사고,0,0,1,0,차대차 - 기타,안전운전불이행,건조,맑음,단일로 - 기타,승용,남,22세,상해없음,자전거,남,66세,경상
노인사고,2020083100100028,2020년 8월 31일 04시,월요일,부산광역시 금정구 서동,경상사고,0,0,2,0,차대차 - 측면충돌,안전거리미확보,건조,맑음,교차로 - 교차로부근,승용,남,58세,경상,승용,남,65세,경상
노인사고,2020083100100111,2020년 8월 31일 09시,월요일,부산광역시 중구 대청동2가,경상사고,0,0,1,0,차대차 - 정면충돌,안전운전불이행,건조,맑음,단일로 - 기타,승용,남,41세,상해없음,승용,남,67세,경상
노인사고,2.02008E+15,2020년 8월 31일 11시,월요일,부산광역시 영도구 대교동2가,부상신고사고,0,0,0,1,차대차 - 측면충돌,안전운전불이행,건조,맑음,단일로 - 기타,화물,남,45세,상해없음,이륜,여,64세,상해없음
노인사고,2020083100100259,2020년 8월 31일 14시,월요일,부산광역시 사상구 감전동,경상사고,0,0,2,1,차대차 - 추돌,안전운전불이행,건조,맑음,단일로 - 기타,화물,남,47세,부상신고,화물,남,41세,경상
노인사고,2020083100100455,2020년 8월 31일 19시,월요일,부산광역시 동래구 낙민동,경상사고,0,0,3,0,차대차 - 측면충돌,안전운전불이행,건조,맑음,교차로 - 교차로안,화물,남,70세,경상,승용,남,62세,경상
노인사고,2.02008E+15,2020년 8월 31일 23시,월요일,부산광역시 중구 보수동1가,중상사고,0,1,0,0,차대사람 - 횡단중,안전운전불이행,건조,맑음,교차로 - 교차로안,승용,남,41세,상해없음,보행자,남,65세,중상
노인사고,2020090100100319,2020년 9월 1일 16시,화요일,부산광역시 부산진구 부암동,경상사고,0,0,1,0,차대차 - 기타,교차로운행방법위반,건조,기타,교차로 - 교차로부근,화물,남,61세,상해없음,승용,남,69세,경상
노인사고,2020090200100079,2020년 9월 2일 08시,수요일,부산광역시 강서구 송정동,중상사고,0,1,1,0,차대차 - 기타,안전운전불이행,젖음/습기,비,교차로 - 교차로부근,화물,남,63세,상해없음,승용,남,65세,경상
노인사고,2020090200100272,2020년 9월 2일 16시,수요일,부산광역시 영도구 남항동2가,중상사고,0,1,0,0,차대차 - 추돌,안전운전불이행,젖음/습기,비,단일로 - 기타,승합,남,46세,상해없음,승용,남,71세,중상
노인사고,2020090200100377,2020년 9월 2일 19시,수요일,부산광역시 수영구 광안동,중상사고,0,1,0,0,차대사람 - 길가장자리구역통행중,안전운전불이행,건조,기타,단일로 - 기타,승용,남,62세,상해없음,보행자,여,81세,중상
노인사고,2020090300100003,2020년 9월 3일 00시,목요일,부산광역시 기장군 철마면,경상사고,0,0,2,0,차대차 - 추돌,안전운전불이행,젖음/습기,비,교차로 - 교차로부근,승용,남,29세,상해없음,승용,남,65세,경상
노인사고,2020090300100046,2020년 9월 3일 05시,목요일,부산광역시 부산진구 당감동,사망사고,1,0,0,0,차대사람 - 차도통행중,안전운전불이행,건조,흐림,단일로 - 기타,승용,남,39세,상해없음,보행자,여,78세,사망
노인사고,2020090300100057,2020년 9월 3일 06시,목요일,부산광역시 사하구 구평동,중상사고,0,1,0,0,차대사람 - 횡단중,보행자보호의무위반,젖음/습기,흐림,교차로 - 교차로횡단보도내,승용,남,48세,상해없음,보행자,여,67세,중상
노인사고,2020090300100117,2020년 9월 3일 09시,목요일,부산광역시 수영구 광안동,경상사고,0,0,1,0,차대차 - 기타,안전운전불이행,건조,맑음,교차로 - 교차로안,승용,여,62세,상해없음,승용,남,71세,경상
노인사고,2020090300100236,2020년 9월 3일 14시,목요일,부산광역시 북구 덕천동,경상사고,0,0,1,1,차대차 - 측면충돌,신호위반,건조,맑음,교차로 - 교차로안,화물,남,65세,부상신고,화물,남,64세,경상
노인사고,2020090300100409,2020년 9월 3일 19시,목요일,부산광역시 수영구 남천동,경상사고,0,0,1,0,차대차 - 측면충돌,교차로운행방법위반,건조,맑음,교차로 - 교차로부근,승용,남,64세,상해없음,승용,남,66세,경상
노인사고,2020090400100052,2020년 9월 4일 07시,금요일,부산광역시 동래구 사직동,경상사고,0,0,1,0,차대사람 - 횡단중,안전운전불이행,건조,맑음,교차로 - 교차로횡단보도내,승용,남,42세,상해없음,보행자,여,82세,경상
노인사고,2020090400100148,2020년 9월 4일 10시,금요일,부산광역시 사상구 주례동,경상사고,0,0,1,0,차대차 - 기타,신호위반,건조,맑음,교차로 - 교차로횡단보도내,승용,남,75세,상해없음,승용,남,68세,경상
노인사고,2020090400100183,2020년 9월 4일 11시,금요일,부산광역시 영도구 봉래동5가,중상사고,0,1,1,0,차대차 - 기타,안전운전불이행,건조,맑음,단일로 - 기타,승용,남,63세,상해없음,승용,여,55세,경상
노인사고,2020090400100282,2020년 9월 4일 14시,금요일,부산광역시 강서구 녹산동,중상사고,0,1,0,0,차대차 - 측면충돌,안전운전불이행,건조,맑음,교차로 - 교차로안,승용,남,41세,상해없음,자전거,여,75세,중상
노인사고,2020090400100314,2020년 9월 4일 15시,금요일,부산광역시 연제구 연산동,경상사고,0,0,1,0,차대차 - 추돌,안전거리미확보,건조,맑음,단일로 - 기타,승용,남,31세,상해없음,승용,여,65세,경상
노인사고,2020090400100396,2020년 9월 4일 17시,금요일,부산광역시 부산진구 범천동,중상사고,0,2,1,0,차대차 - 측면충돌,교차로운행방법위반,건조,맑음,단일로 - 기타,승용,여,36세,경상,승용,남,71세,중상
노인사고,2020090400100397,2020년 9월 4일 17시,금요일,부산광역시 사하구 신평동,중상사고,0,1,0,0,차대사람 - 기타,안전운전불이행,건조,맑음,단일로 - 기타,화물,남,57세,상해없음,보행자,여,65세,중상
노인사고,2020090400100496,2020년 9월 4일 19시,금요일,부산광역시 금정구 서동,중상사고,0,1,0,0,차대사람 - 기타,안전운전불이행,건조,맑음,단일로 - 기타,이륜,남,22세,상해없음,보행자,여,79세,중상
노인사고,2020090500100115,2020년 9월 5일 10시,토요일,부산광역시 금정구 서동,경상사고,0,0,1,0,차대사람 - 횡단중,안전운전불이행,젖음/습기,비,교차로 - 교차로안,승용,여,55세,상해없음,보행자,남,66세,경상
노인사고,2020090500100137,2020년 9월 5일 11시,토요일,부산광역시 남구 대연동,중상사고,0,1,0,0,차대차 - 측면충돌,신호위반,건조,맑음,교차로 - 교차로안,승용,여,40세,상해없음,이륜,남,66세,중상
노인사고,2.02009E+15,2020년 9월 5일 11시,토요일,부산광역시 해운대구 중동,중상사고,0,1,0,0,차대차 - 측면충돌,신호위반,젖음/습기,비,교차로 - 교차로안,승용,남,71세,상해없음,이륜,남,65세,중상
노인사고,2020090500100172,2020년 9월 5일 12시,토요일,부산광역시 서구 서대신동1가,경상사고,0,0,3,0,차대차 - 추돌,안전거리미확보,젖음/습기,비,교차로 - 교차로부근,이륜,남,27세,경상,승용,남,68세,경상
노인사고,2.02009E+15,2020년 9월 5일 15시,토요일,부산광역시 금정구 장전동,경상사고,0,0,2,0,차대차 - 정면충돌,신호위반,젖음/습기,비,교차로 - 교차로안,이륜,남,26세,경상,승용,남,69세,경상
노인사고,2.02009E+15,2020년 9월 5일 16시,토요일,부산광역시 금정구 남산동,경상사고,0,0,1,0,차대차 - 기타,안전운전불이행,젖음/습기,흐림,단일로 - 기타,승용,여,57세,상해없음,승용,여,69세,경상
노인사고,2020090500100363,2020년 9월 5일 17시,토요일,부산광역시 중구 부평동4가,중상사고,0,1,0,0,차대사람 - 기타,안전운전불이행,젖음/습기,흐림,단일로 - 기타,이륜,남,20세,상해없음,보행자,남,65세,중상
노인사고,2020090500100398,2020년 9월 5일 18시,토요일,부산광역시 해운대구 반송동,중상사고,0,1,0,0,차량단독 - 기타,안전운전불이행,건조,맑음,단일로 - 기타,승합,남,59세,상해없음,,,,
노인사고,2020090500100431,2020년 9월 5일 19시,토요일,부산광역시 해운대구 우동,중상사고,0,1,0,0,차대사람 - 기타,안전운전불이행,젖음/습기,비,단일로 - 기타,이륜,남,38세,상해없음,보행자,여,85세,중상
노인사고,2020090600100063,2020년 9월 6일 08시,일요일,부산광역시 수영구 광안동,중상사고,0,1,0,0,차대차 - 측면충돌,교차로운행방법위반,건조,맑음,교차로 - 교차로안,승용,남,65세,상해없음,자전거,남,79세,중상
노인사고,2020090700100168,2020년 9월 7일 11시,월요일,부산광역시 강서구 화전동,경상사고,0,0,1,0,차대차 - 기타,안전운전불이행,건조,맑음,교차로 - 교차로안,자전거,여,77세,경상,승용,남,27세,상해없음
노인사고,2.02009E+15,2020년 9월 7일 15시,월요일,부산광역시 해운대구 우동,경상사고,0,0,5,0,차대차 - 측면충돌,안전거리미확보,건조,맑음,교차로 - 교차로부근,승용,남,60세,상해없음,승용,남,70세,경상
노인사고,2020090700100302,2020년 9월 7일 15시,월요일,부산광역시 기장군 장안읍,경상사고,0,0,1,0,차대사람 - 기타,안전운전불이행,건조,맑음,기타 - 기타,승용,여,61세,상해없음,보행자,여,65세,경상
노인사고,2020090700100331,2020년 9월 7일 16시,월요일,부산광역시 부산진구 당감동,경상사고,0,0,1,0,차량단독 - 기타,기타,건조,맑음,단일로 - 기타,승합,남,67세,상해없음,,,,