사고부문,사고번호,사고일시,요일,시군구,사고내용,사망자수,중상자수,경상자수,부상신고자수,사고유형,법규위반,노면상태,기상상태,도로형태,가해운전자 차종,가해운전자 성별,가해운전자 연령,가해운전자 상해정도,피해운전자 차종,피해운전자 성별,피해운전자 연령,피해운전자 상해정도
노인사고,2020090700100443,2020년 9월 7일 19시,월요일,부산광역시 해운대구 재송동,중상사고,0,1,0,0,차대사람 - 기타,안전운전불이행,건조,맑음,단일로 - 기타,승용,남,27세,상해없음,보행자,남,65세,중상
노인사고,2020090800100005,2020년 9월 8일 00시,화요일,부산광역시 금정구 구서동,경상사고,0,0,1,0,차대차 - 추돌,안전운전불이행,건조,맑음,단일로 - 기타,승용,남,67세,상해없음,승용,남,71세,경상
노인사고,2020090800100131,2020년 9월 8일 09시,화요일,부산광역시 부산진구 개금동,중상사고,0,1,0,0,차대사람 - 기타,안전운전불이행,건조,기타,단일로 - 기타,화물,남,64세,상해없음,보행자,여,78세,중상
노인사고,2020090800100233,2020년 9월 8일 12시,화요일,부산광역시 해운대구 중동,중상사고,0,1,0,0,차대차 - 측면충돌,직진우회전진행방해,건조,맑음,교차로 - 교차로안,승용,여,55세,상해없음,이륜,남,68세,중상
노인사고,2020090800100264,2020년 9월 8일 13시,화요일,부산광역시 해운대구 재송동,중상사고,0,1,0,0,차대사람 - 횡단중,안전운전불이행,건조,맑음,교차로 - 교차로안,승용,여,47세,상해없음,보행자,여,66세,중상
노인사고,2020090800100293,2020년 9월 8일 14시,화요일,부산광역시 동래구 사직동,경상사고,0,0,1,0,차대차 - 측면충돌,안전운전불이행,건조,맑음,교차로 - 교차로안,승용,여,60세,상해없음,승용,남,69세,상해없음
노인사고,2020090900100104,2020년 9월 9일 09시,수요일,부산광역시 동구 수정동,중상사고,0,1,0,0,차대사람 - 차도통행중,안전운전불이행,젖음/습기,흐림,교차로 - 교차로부근,승용,여,57세,상해없음,보행자,여,82세,중상
노인사고,2020090900100195,2020년 9월 9일 12시,수요일,부산광역시 부산진구 부암동,경상사고,0,0,2,0,차대차 - 기타,안전운전불이행,건조,맑음,교차로 - 교차로안,화물,남,65세,상해없음,승합,남,53세,상해없음
노인사고,2020090900100316,2020년 9월 9일 16시,수요일,부산광역시 남구 문현동,중상사고,0,1,0,0,차대차 - 기타,안전운전불이행,건조,맑음,교차로 - 교차로안,이륜,남,39세,상해없음,승합,남,54세,상해없음
노인사고,2020090900100342,2020년 9월 9일 17시,수요일,부산광역시 서구 부민동2가,중상사고,0,1,0,0,차대차 - 측면충돌,신호위반,건조,맑음,교차로 - 교차로안,원동기,남,28세,상해없음,원동기,남,69세,중상
노인사고,2020091000100011,2020년 9월 10일 01시,목요일,부산광역시 부산진구 부전동,중상사고,0,1,0,0,차대차 - 기타,신호위반,건조,맑음,교차로 - 교차로안,승용,남,50세,상해없음,승용,남,67세,중상
노인사고,2020091000100033,2020년 9월 10일 06시,목요일,부산광역시 부산진구 전포동,중상사고,0,1,0,0,차대사람 - 차도통행중,안전운전불이행,건조,흐림,단일로 - 기타,자전거,남,65세,상해없음,보행자,여,86세,중상
노인사고,2020091000100313,2020년 9월 10일 16시,목요일,부산광역시 남구 대연동,중상사고,0,1,0,0,차대사람 - 길가장자리구역통행중,안전운전불이행,건조,맑음,교차로 - 교차로안,승용,여,50세,상해없음,보행자,남,68세,중상
노인사고,2020091000100314,2020년 9월 10일 16시,목요일,부산광역시 부산진구 개금동,경상사고,0,0,2,0,차대차 - 측면충돌,기타,건조,맑음,단일로 - 기타,승용,남,51세,경상,승용,남,72세,경상
노인사고,2020091000100363,2020년 9월 10일 17시,목요일,부산광역시 수영구 망미동,중상사고,0,1,0,0,차대사람 - 길가장자리구역통행중,안전운전불이행,건조,맑음,단일로 - 기타,승용,남,60세,상해없음,보행자,여,74세,중상
노인사고,2020091000100416,2020년 9월 10일 18시,목요일,부산광역시 금정구 회동동,경상사고,0,0,1,0,차대차 - 측면충돌,안전거리미확보,건조,맑음,단일로 - 기타,승용,남,77세,상해없음,승용,남,77세,경상
노인사고,2020091000100465,2020년 9월 10일 19시,목요일,부산광역시 사상구 괘법동,경상사고,0,0,1,0,차대사람 - 횡단중,안전운전불이행,건조,맑음,단일로 - 기타,이륜,남,29세,상해없음,보행자,여,67세,경상
노인사고,2.02009E+15,2020년 9월 10일 21시,목요일,부산광역시 연제구 연산동,경상사고,0,0,1,0,차량단독 - 기타,기타,건조,맑음,교차로 - 교차로부근,승합,남,57세,상해없음,,,,
노인사고,2020091100100034,2020년 9월 11일 05시,금요일,부산광역시 사상구 학장동,사망사고,1,0,0,0,차대사람 - 기타,과속,건조,맑음,단일로 - 기타,승용,남,63세,상해없음,보행자,남,74세,사망
노인사고,2020091100100045,2020년 9월 11일 06시,금요일,부산광역시 남구 대연동,중상사고,0,1,0,0,차대사람 - 기타,안전운전불이행,건조,맑음,교차로 - 교차로안,화물,남,40세,상해없음,보행자,남,84세,중상
노인사고,2020091100100312,2020년 9월 11일 16시,금요일,부산광역시 수영구 민락동,중상사고,0,1,0,0,차대사람 - 기타,안전운전불이행,건조,맑음,단일로 - 기타,화물,남,48세,상해없음,보행자,여,66세,중상
노인사고,2020091100100537,2020년 9월 11일 20시,금요일,부산광역시 서구 남부민동,중상사고,0,1,2,0,차대차 - 정면충돌,교차로운행방법위반,젖음/습기,비,교차로 - 교차로안,승용,남,66세,경상,승용,여,43세,경상
노인사고,2020091200100056,2020년 9월 12일 03시,토요일,부산광역시 사하구 다대동,경상사고,0,0,1,0,차대사람 - 횡단중,신호위반,젖음/습기,흐림,교차로 - 교차로횡단보도내,이륜,남,17세,상해없음,보행자,여,71세,경상
노인사고,2020091200100061,2020년 9월 12일 04시,토요일,부산광역시 북구 구포동,경상사고,0,0,1,0,차대차 - 기타,안전운전불이행,젖음/습기,흐림,교차로 - 교차로안,승용,여,36세,상해없음,기타불명,남,65세,경상
노인사고,2020091200100106,2020년 9월 12일 08시,토요일,부산광역시 금정구 노포동,중상사고,0,1,1,1,차량단독 - 공작물충돌,안전운전불이행,건조,맑음,교차로 - 교차로안,승용,남,76세,상해없음,,,,
노인사고,2020091200100107,2020년 9월 12일 08시,토요일,부산광역시 사하구 장림동,중상사고,0,1,0,0,차대사람 - 횡단중,안전운전불이행,건조,맑음,교차로 - 교차로횡단보도내,승용,남,54세,상해없음,보행자,여,77세,중상
노인사고,2020091200100302,2020년 9월 12일 14시,토요일,부산광역시 동구 좌천동,중상사고,0,1,2,0,차대차 - 추돌,안전거리미확보,건조,맑음,교차로 - 교차로안,승용,남,67세,상해없음,승용,남,69세,중상
노인사고,2020091200100387,2020년 9월 12일 16시,토요일,부산광역시 사하구 다대동,경상사고,0,0,1,1,차대사람 - 기타,안전운전불이행,건조,맑음,단일로 - 기타,승용,남,69세,상해없음,보행자,여,79세,경상
노인사고,2020091200100388,2020년 9월 12일 16시,토요일,부산광역시 수영구 망미동,중상사고,0,1,0,0,차대차 - 측면충돌,안전거리미확보,건조,맑음,단일로 - 기타,승용,여,30세,상해없음,자전거,남,83세,중상
노인사고,2020091200100489,2020년 9월 12일 19시,토요일,부산광역시 동래구 안락동,경상사고,0,0,1,0,차대사람 - 횡단중,안전운전불이행,건조,맑음,교차로 - 교차로안,승용,여,36세,상해없음,보행자,남,68세,경상
노인사고,2020091300100001,2020년 9월 13일 00시,일요일,부산광역시 부산진구 부전동,경상사고,0,0,2,0,차대차 - 측면충돌,신호위반,건조,맑음,교차로 - 교차로부근,승용,여,19세,상해없음,승용,남,65세,경상
노인사고,2020091300100042,2020년 9월 13일 05시,일요일,부산광역시 해운대구 우동,중상사고,0,1,0,1,차대차 - 측면충돌,신호위반,건조,맑음,교차로 - 교차로안,승용,남,66세,부상신고,개인형이동수단(PM),남,25세,중상
노인사고,2.02009E+15,2020년 9월 13일 06시,일요일,부산광역시 사하구 하단동,중상사고,0,1,1,0,차대차 - 추돌,안전운전불이행,건조,맑음,단일로 - 기타,자전거,여,66세,중상,자전거,여,58세,경상
노인사고,2020091300100192,2020년 9월 13일 13시,일요일,부산광역시 영도구 영선동4가,경상사고,0,0,1,0,차대사람 - 기타,보행자보호의무위반,건조,맑음,단일로 - 기타,화물,남,66세,상해없음,보행자,남,71세,경상
노인사고,2020091300100297,2020년 9월 13일 16시,일요일,부산광역시 동래구 명륜동,경상사고,0,0,3,1,차대차 - 측면충돌,중앙선침범,건조,맑음,단일로 - 기타,승용,남,77세,부상신고,승용,여,49세,경상
노인사고,2020091300100478,2020년 9월 13일 23시,일요일,부산광역시 북구 만덕동,경상사고,0,0,1,0,차대차 - 기타,안전거리미확보,건조,맑음,단일로 - 기타,화물,남,38세,상해없음,승용,남,72세,경상
노인사고,2.02009E+15,2020년 9월 14일 02시,월요일,부산광역시 기장군 기장읍,경상사고,0,0,1,0,차대차 - 추돌,안전운전불이행,건조,맑음,교차로 - 교차로부근,승용,남,44세,기타불명,건설기계,남,68세,경상
노인사고,2020091400100177,2020년 9월 14일 10시,월요일,부산광역시 사하구 장림동,중상사고,0,1,0,0,차대사람 - 기타,기타,건조,맑음,단일로 - 기타,화물,남,37세,상해없음,보행자,남,67세,중상
노인사고,2020091400100213,2020년 9월 14일 11시,월요일,부산광역시 금정구 남산동,중상사고,0,1,0,0,차대사람 - 횡단중,안전운전불이행,건조,맑음,교차로 - 교차로부근,승용,여,51세,상해없음,보행자,여,87세,중상
노인사고,2020091400100246,2020년 9월 14일 12시,월요일,부산광역시 금정구 부곡동,중상사고,0,2,0,0,차대차 - 측면충돌,기타,건조,맑음,교차로 - 교차로안,승용,남,60세,상해없음,화물,남,72세,중상
노인사고,2020091400100284,2020년 9월 14일 13시,월요일,부산광역시 해운대구 재송동,경상사고,0,0,1,0,차대사람 - 기타,안전운전불이행,건조,맑음,단일로 - 기타,승용,여,62세,상해없음,보행자,남,75세,경상
노인사고,2020091400100286,2020년 9월 14일 13시,월요일,부산광역시 기장군 장안읍,중상사고,0,1,0,0,차대사람 - 기타,안전운전불이행,건조,맑음,단일로 - 기타,승합,남,65세,상해없음,보행자,여,79세,중상
노인사고,2.02009E+15,2020년 9월 14일 17시,월요일,부산광역시 해운대구 중동,중상사고,0,4,4,0,차대차 - 측면충돌,안전운전불이행,건조,맑음,교차로 - 교차로부근,승용,남,45세,상해없음,승용,남,53세,경상
노인사고,2020091500100046,2020년 9월 15일 06시,화요일,부산광역시 서구 충무동1가,경상사고,0,0,2,0,차대차 - 측면충돌,안전운전불이행,건조,맑음,교차로 - 교차로부근,화물,남,60세,경상,승용,남,65세,경상
노인사고,2020091500100087,2020년 9월 15일 08시,화요일,부산광역시 사하구 하단동,경상사고,0,0,1,0,차대사람 - 횡단중,보행자보호의무위반,건조,맑음,단일로 - 교량,승용,남,37세,상해없음,보행자,남,65세,경상
노인사고,2020091500100145,2020년 9월 15일 10시,화요일,부산광역시 사상구 감전동,중상사고,0,1,0,0,차대사람 - 기타,안전운전불이행,건조,맑음,단일로 - 기타,화물,남,52세,상해없음,보행자,여,78세,중상
노인사고,2.02009E+15,2020년 9월 15일 12시,화요일,부산광역시 서구 서대신동1가,경상사고,0,0,1,0,차대차 - 추돌,안전운전불이행,건조,맑음,교차로 - 교차로부근,승용,여,60세,상해없음,승합,남,66세,경상
노인사고,2020091500100212,2020년 9월 15일 12시,화요일,부산광역시 남구 우암동,중상사고,0,1,0,0,차대사람 - 기타,안전운전불이행,건조,맑음,기타 - 기타,승용,남,78세,상해없음,보행자,여,87세,중상
노인사고,2020091500100215,2020년 9월 15일 12시,화요일,부산광역시 사하구 하단동,중상사고,0,1,0,0,차대사람 - 기타,중앙선침범,건조,맑음,단일로 - 기타,승용,남,31세,상해없음,보행자,남,75세,중상
노인사고,2020091500100284,2020년 9월 15일 14시,화요일,부산광역시 기장군 기장읍,중상사고,0,1,0,0,차대사람 - 기타,안전운전불이행,건조,맑음,교차로 - 교차로안,승용,남,66세,상해없음,보행자,여,81세,중상
노인사고,2.02009E+15,2020년 9월 15일 15시,화요일,부산광역시 금정구 서동,중상사고,0,1,0,0,차대사람 - 길가장자리구역통행중,안전운전불이행,건조,맑음,교차로 - 교차로안,승용,남,61세,상해없음,보행자,여,87세,중상
노인사고,2020091500100322,2020년 9월 15일 15시,화요일,부산광역시 기장군 기장읍,경상사고,0,0,6,0,차대차 - 기타,안전운전불이행,건조,맑음,단일로 - 기타,승합,남,59세,상해없음,승합,남,55세,경상
노인사고,2020091500100361,2020년 9월 15일 16시,화요일,부산광역시 부산진구 범천동,중상사고,0,1,0,0,차대사람 - 기타,안전운전불이행,건조,맑음,단일로 - 기타,승합,남,57세,상해없음,보행자,남,66세,중상
노인사고,2020091500100362,2020년 9월 15일 16시,화요일,부산광역시 금정구 서동,중상사고,0,1,0,0,차대사람 - 횡단중,보행자보호의무위반,건조,맑음,교차로 - 교차로안,승용,남,59세,상해없음,보행자,여,65세,중상
노인사고,2020091500100397,2020년 9월 15일 17시,화요일,부산광역시 기장군 기장읍,경상사고,0,0,1,0,차대차 - 기타,안전운전불이행,건조,맑음,단일로 - 기타,승용,남,37세,상해없음,자전거,남,69세,경상
노인사고,2020091500100476,2020년 9월 15일 19시,화요일,부산광역시 부산진구 개금동,중상사고,0,1,0,0,차대사람 - 차도통행중,안전운전불이행,건조,맑음,단일로 - 기타,승용,남,53세,상해없음,보행자,여,70세,중상
노인사고,2020091500100477,2020년 9월 15일 19시,화요일,부산광역시 사상구 감전동,사망사고,1,0,0,0,차대차 - 기타,신호위반,건조,맑음,교차로 - 교차로안,승용,여,44세,상해없음,자전거,남,67세,사망
노인사고,2020091600100241,2020년 9월 16일 13시,수요일,부산광역시 동래구 안락동,중상사고,0,1,0,0,차대사람 - 차도통행중,안전운전불이행,건조,맑음,교차로 - 교차로안,화물,남,29세,상해없음,보행자,여,75세,중상
노인사고,2020091600100327,2020년 9월 16일 16시,수요일,부산광역시 사하구 다대동,경상사고,0,0,1,0,차대차 - 기타,안전운전불이행,건조,맑음,교차로 - 교차로안,승용,남,50세,상해없음,승용,남,60세,상해없음
노인사고,2020091600100523,2020년 9월 16일 21시,수요일,부산광역시 금정구 금사동,중상사고,0,1,2,0,차대차 - 측면충돌,직진우회전진행방해,건조,맑음,교차로 - 교차로안,승용,남,27세,상해없음,승용,남,69세,경상
노인사고,2.02009E+15,2020년 9월 17일 06시,목요일,부산광역시 강서구 명지동,중상사고,0,1,0,0,차대차 - 기타,안전운전불이행,건조,맑음,교차로 - 교차로안,승용,남,28세,상해없음,자전거,남,69세,중상
노인사고,2020091700100123,2020년 9월 17일 09시,목요일,부산광역시 연제구 연산동,사망사고,1,0,0,0,차대사람 - 기타,안전운전불이행,건조,맑음,단일로 - 기타,화물,남,58세,상해없음,보행자,남,76세,사망
노인사고,2020091700100209,2020년 9월 17일 12시,목요일,부산광역시 부산진구 범천동,중상사고,0,1,0,0,차대차 - 기타,신호위반,젖음/습기,비,교차로 - 교차로안,승용,여,50세,상해없음,승용,여,66세,중상
노인사고,2020091700100272,2020년 9월 17일 14시,목요일,부산광역시 기장군 정관읍,경상사고,0,0,1,0,차대차 - 측면충돌,안전운전불이행,건조,맑음,교차로 - 교차로안,승용,여,42세,상해없음,이륜,남,79세,경상
노인사고,2020091700100528,2020년 9월 17일 21시,목요일,부산광역시 동래구 수안동,중상사고,0,2,0,0,차대차 - 측면충돌,중앙선침범,건조,맑음,단일로 - 기타,승용,남,37세,상해없음,승용,남,68세,중상
노인사고,2020091800100018,2020년 9월 18일 01시,금요일,부산광역시 서구 충무동1가,경상사고,0,0,2,1,차대차 - 측면충돌,신호위반,젖음/습기,비,교차로 - 교차로안,승용,남,69세,부상신고,승용,남,32세,경상
노인사고,2020091800100094,2020년 9월 18일 08시,금요일,부산광역시 동래구 복천동,경상사고,0,0,1,0,차대차 - 추돌,안전운전불이행,건조,맑음,교차로 - 교차로안,이륜,남,87세,상해없음,화물,남,43세,상해없음
노인사고,2020091800100202,2020년 9월 18일 11시,금요일,부산광역시 북구 화명동,경상사고,0,0,2,0,차대차 - 측면충돌,안전운전불이행,건조,맑음,교차로 - 교차로안,승용,여,54세,상해없음,승용,여,43세,경상
노인사고,2020091800100273,2020년 9월 18일 13시,금요일,부산광역시 금정구 금사동,경상사고,0,0,2,1,차대차 - 기타,교차로운행방법위반,건조,맑음,교차로 - 교차로안,화물,남,72세,부상신고,승용,여,65세,경상
노인사고,2020091800100274,2020년 9월 18일 13시,금요일,부산광역시 강서구 대저2동,중상사고,0,2,0,0,차대차 - 추돌,안전거리미확보,건조,맑음,교차로 - 교차로부근,화물,남,39세,상해없음,승용,남,66세,중상
노인사고,2020091800100402,2020년 9월 18일 16시,금요일,부산광역시 강서구 지사동,중상사고,0,1,0,0,차대사람 - 기타,안전운전불이행,건조,맑음,단일로 - 기타,화물,남,55세,상해없음,보행자,남,73세,중상
노인사고,2020091800100464,2020년 9월 18일 17시,금요일,부산광역시 강서구 대저1동,경상사고,0,0,1,0,차대차 - 추돌,안전거리미확보,건조,맑음,단일로 - 기타,화물,남,34세,상해없음,화물,남,78세,경상
노인사고,2020091800100518,2020년 9월 18일 18시,금요일,부산광역시 사상구 엄궁동,중상사고,0,1,0,0,차대사람 - 기타,안전운전불이행,건조,흐림,기타 - 기타,화물,남,54세,상해없음,보행자,남,79세,중상
노인사고,2020091900100182,2020년 9월 19일 10시,토요일,부산광역시 부산진구 부전동,중상사고,0,1,0,0,차대차 - 후진중충돌,안전운전불이행,건조,맑음,단일로 - 기타,승용,남,62세,상해없음,이륜,남,80세,중상
노인사고,2020091900100219,2020년 9월 19일 11시,토요일,부산광역시 동래구 수안동,경상사고,0,0,1,0,차대사람 - 차도통행중,안전운전불이행,건조,맑음,단일로 - 기타,화물,남,70세,상해없음,보행자,여,67세,경상
노인사고,2020091900100317,2020년 9월 19일 13시,토요일,부산광역시 부산진구 연지동,중상사고,0,1,0,0,차대차 - 기타,안전운전불이행,건조,맑음,교차로 - 교차로횡단보도내,화물,남,68세,상해없음,자전거,여,67세,중상
노인사고,2020091900100371,2020년 9월 19일 14시,토요일,부산광역시 남구 대연동,경상사고,0,0,1,0,차대사람 - 차도통행중,안전운전불이행,건조,맑음,단일로 - 기타,개인형이동수단(PM),남,16세,상해없음,보행자,여,69세,경상
노인사고,2.02009E+15,2020년 9월 19일 20시,토요일,부산광역시 연제구 연산동,중상사고,0,1,1,0,차대사람 - 횡단중,보행자보호의무위반,건조,맑음,교차로 - 교차로횡단보도내,승용,남,54세,상해없음,보행자,여,66세,경상
노인사고,2020092000100111,2020년 9월 20일 09시,일요일,부산광역시 사하구 괴정동,경상사고,0,0,2,0,차대차 - 추돌,직진우회전진행방해,건조,맑음,교차로 - 교차로안,승용,여,39세,상해없음,승용,남,65세,경상
노인사고,2020092000100211,2020년 9월 20일 13시,일요일,부산광역시 동구 초량동,중상사고,0,1,0,0,차대사람 - 횡단중,보행자보호의무위반,건조,맑음,교차로 - 교차로부근,승용,남,49세,상해없음,보행자,남,84세,중상
노인사고,2020092000100329,2020년 9월 20일 16시,일요일,부산광역시 사상구 모라동,경상사고,0,0,1,0,차량단독 - 기타,기타,건조,맑음,단일로 - 기타,승합,남,55세,상해없음,,,,
노인사고,2.02009E+15,2020년 9월 20일 17시,일요일,부산광역시 기장군 일광면,중상사고,0,1,0,0,차대차 - 측면충돌,안전거리미확보,건조,맑음,교차로 - 교차로안,승용,남,34세,상해없음,이륜,남,65세,중상
노인사고,2020092100100187,2020년 9월 21일 10시,월요일,부산광역시 부산진구 부전동,경상사고,0,0,5,0,차대차 - 측면충돌,안전운전불이행,건조,맑음,교차로 - 교차로부근,승용,남,49세,상해없음,화물,남,72세,경상
노인사고,2020092100100222,2020년 9월 21일 11시,월요일,부산광역시 사하구 하단동,경상사고,0,0,1,0,차대차 - 측면충돌,안전운전불이행,건조,맑음,단일로 - 기타,승용,남,58세,상해없음,자전거,남,88세,경상
노인사고,2020092100100388,2020년 9월 21일 15시,월요일,부산광역시 부산진구 부전동,중상사고,0,1,0,0,차대사람 - 차도통행중,안전운전불이행,건조,맑음,기타 - 기타,승용,여,46세,상해없음,보행자,여,77세,중상
노인사고,2020092100100435,2020년 9월 21일 16시,월요일,부산광역시 사상구 감전동,중상사고,0,1,0,0,차대사람 - 기타,안전운전불이행,건조,맑음,교차로 - 교차로부근,화물,남,40세,상해없음,보행자,여,65세,중상
노인사고,2020092100100583,2020년 9월 21일 19시,월요일,부산광역시 연제구 거제동,중상사고,0,1,0,0,차대사람 - 차도통행중,안전운전불이행,건조,맑음,교차로 - 교차로안,이륜,남,22세,상해없음,보행자,남,83세,중상
노인사고,2020092200100002,2020년 9월 22일 00시,화요일,부산광역시 사상구 모라동,경상사고,0,0,1,0,차대사람 - 횡단중,신호위반,건조,맑음,기타 - 기타,이륜,남,16세,상해없음,보행자,여,66세,경상
노인사고,2020092200100339,2020년 9월 22일 14시,화요일,부산광역시 연제구 연산동,중상사고,0,1,0,0,차대사람 - 기타,안전운전불이행,건조,맑음,단일로 - 기타,화물,남,60세,상해없음,보행자,여,93세,중상
노인사고,2020092200100387,2020년 9월 22일 15시,화요일,부산광역시 동구 좌천동,경상사고,0,0,2,0,차대차 - 측면충돌,신호위반,건조,맑음,단일로 - 고가도로위,특수,남,66세,상해없음,승용,여,36세,경상
노인사고,2.02009E+15,2020년 9월 22일 16시,화요일,부산광역시 동래구 온천동,중상사고,0,1,0,0,차대사람 - 기타,보행자보호의무위반,건조,맑음,교차로 - 교차로안,화물,남,36세,상해없음,보행자,여,65세,중상
노인사고,2020092300100049,2020년 9월 23일 06시,수요일,부산광역시 금정구 부곡동,경상사고,0,0,1,0,차대차 - 추돌,안전운전불이행,건조,흐림,단일로 - 기타,승용,여,28세,상해없음,승용,남,68세,경상
노인사고,2020092300100062,2020년 9월 23일 07시,수요일,부산광역시 남구 문현동,중상사고,0,1,0,0,차대사람 - 기타,보행자보호의무위반,건조,맑음,단일로 - 기타,승용,여,28세,상해없음,보행자,남,69세,중상
노인사고,2020092300100236,2020년 9월 23일 12시,수요일,부산광역시 금정구 금사동,경상사고,0,0,5,0,차대차 - 측면충돌,안전거리미확보,건조,맑음,단일로 - 기타,승용,여,61세,상해없음,승합,남,59세,경상
노인사고,2020092300100306,2020년 9월 23일 14시,수요일,부산광역시 부산진구 전포동,경상사고,0,0,1,0,차대사람 - 횡단중,보행자보호의무위반,건조,맑음,단일로 - 기타,승용,남,68세,상해없음,보행자,여,78세,경상
노인사고,2020092300100386,2020년 9월 23일 16시,수요일,부산광역시 사하구 신평동,경상사고,0,0,1,0,차대사람 - 횡단중,보행자보호의무위반,건조,흐림,교차로 - 교차로횡단보도내,승용,남,25세,상해없음,보행자,남,71세,경상
노인사고,2020092300100467,2020년 9월 23일 18시,수요일,부산광역시 북구 덕천동,중상사고,0,1,0,0,차대사람 - 횡단중,안전운전불이행,건조,맑음,단일로 - 기타,승용,여,58세,상해없음,보행자,여,70세,중상
노인사고,2020092300100523,2020년 9월 23일 19시,수요일,부산광역시 수영구 민락동,중상사고,0,1,0,0,차대사람 - 횡단중,보행자보호의무위반,건조,맑음,교차로 - 교차로안,화물,남,52세,상해없음,보행자,여,68세,중상
노인사고,2020092300100598,2020년 9월 23일 21시,수요일,부산광역시 동래구 명장동,경상사고,0,0,1,0,차대사람 - 기타,안전운전불이행,건조,맑음,교차로 - 교차로안,승용,여,45세,상해없음,보행자,남,65세,경상
노인사고,2020092400100072,2020년 9월 24일 07시,목요일,부산광역시 영도구 청학동,중상사고,0,1,0,0,차대차 - 기타,안전운전불이행,건조,맑음,단일로 - 기타,승용,여,50세,상해없음,자전거,남,77세,중상
노인사고,2020092400100073,2020년 9월 24일 07시,목요일,부산광역시 부산진구 초읍동,경상사고,0,0,1,0,차대차 - 기타,안전운전불이행,건조,맑음,교차로 - 교차로안,화물,남,62세,상해없음,자전거,여,70세,경상
노인사고,2020092400100247,2020년 9월 24일 12시,목요일,부산광역시 금정구 노포동,중상사고,0,1,0,0,차대사람 - 보도통행중,기타,건조,맑음,단일로 - 기타,이륜,남,67세,상해없음,보행자,남,70세,중상
노인사고,2.02009E+15,2020년 9월 24일 13시,목요일,부산광역시 해운대구 반송동,중상사고,0,1,0,0,차대차 - 측면충돌,안전운전불이행,건조,맑음,단일로 - 기타,승용,남,35세,상해없음,자전거,남,74세,중상
노인사고,2020092400100486,2020년 9월 24일 18시,목요일,부산광역시 연제구 거제동,경상사고,0,0,1,0,차대사람 - 차도통행중,안전운전불이행,건조,맑음,단일로 - 기타,이륜,남,54세,상해없음,보행자,여,91세,경상
노인사고,2020092400100576,2020년 9월 24일 20시,목요일,부산광역시 사상구 감전동,중상사고,0,1,0,0,차대차 - 측면충돌,차로위반,건조,맑음,단일로 - 기타,화물,남,69세,상해없음,승용,남,65세,중상
노인사고,2020092500100035,2020년 9월 25일 03시,금요일,부산광역시 북구 구포동,중상사고,0,1,0,0,차대차 - 기타,신호위반,건조,맑음,단일로 - 기타,원동기,남,23세,상해없음,승용,남,75세,중상
노인사고,2.02009E+15,2020년 9월 25일 04시,금요일,부산광역시 동래구 명륜동,경상사고,0,0,1,0,차대차 - 측면충돌,안전운전불이행,건조,맑음,기타 - 기타,승용,남,22세,상해없음,승용,남,70세,경상
노인사고,2020092500100063,2020년 9월 25일 06시,금요일,부산광역시 수영구 남천동,중상사고,0,1,0,0,차대사람 - 기타,안전운전불이행,건조,맑음,교차로 - 교차로안,화물,남,34세,상해없음,보행자,남,74세,중상
노인사고,2020092500100083,2020년 9월 25일 07시,금요일,부산광역시 해운대구 반송동,부상신고사고,0,0,0,1,차대차 - 기타,중앙선침범,건조,맑음,단일로 - 기타,기타불명,남,77세,부상신고,승용,남,32세,상해없음
노인사고,2020092500100322,2020년 9월 25일 14시,금요일,부산광역시 동래구 온천동,경상사고,0,0,1,0,차대차 - 기타,안전운전불이행,건조,맑음,교차로 - 교차로부근,승용,여,47세,상해없음,승용,여,61세,상해없음
노인사고,2020092500100466,2020년 9월 25일 17시,금요일,부산광역시 금정구 장전동,경상사고,0,0,1,0,차대사람 - 횡단중,안전운전불이행,건조,맑음,기타 - 기타,승용,남,46세,상해없음,보행자,여,81세,경상
노인사고,2020092600100222,2020년 9월 26일 11시,토요일,부산광역시 동래구 수안동,중상사고,0,1,0,0,차량단독 - 기타,기타,건조,맑음,단일로 - 기타,승합,남,56세,상해없음,,,,
노인사고,2020092600100223,2020년 9월 26일 11시,토요일,부산광역시 금정구 장전동,중상사고,0,1,0,0,차대사람 - 기타,안전운전불이행,건조,맑음,단일로 - 기타,승용,여,63세,상해없음,보행자,여,72세,중상
노인사고,2020092600100224,2020년 9월 26일 11시,토요일,부산광역시 금정구 노포동,경상사고,0,0,2,0,차대차 - 기타,안전운전불이행,건조,맑음,교차로 - 교차로부근,승용,남,56세,상해없음,승용,남,44세,경상
노인사고,2020092600100225,2020년 9월 26일 11시,토요일,부산광역시 금정구 서동,중상사고,0,1,0,0,차대사람 - 기타,안전운전불이행,건조,맑음,교차로 - 교차로부근,승용,남,59세,상해없음,보행자,여,67세,중상
노인사고,2020092600100493,2020년 9월 26일 17시,토요일,부산광역시 부산진구 개금동,중상사고,0,1,0,0,차대사람 - 횡단중,보행자보호의무위반,건조,맑음,기타 - 기타,화물,남,36세,상해없음,보행자,여,67세,중상
노인사고,2.02009E+15,2020년 9월 26일 18시,토요일,부산광역시 남구 대연동,사망사고,1,0,0,0,차대사람 - 기타,안전운전불이행,건조,맑음,단일로 - 기타,승용,남,45세,상해없음,보행자,여,69세,사망
노인사고,2020092700100067,2020년 9월 27일 05시,일요일,부산광역시 남구 문현동,경상사고,0,0,1,0,차대차 - 측면충돌,안전운전불이행,건조,맑음,단일로 - 기타,화물,남,66세,경상,승용,남,37세,상해없음