사고부문,사고번호,사고일시,요일,시군구,사고내용,사망자수,중상자수,경상자수,부상신고자수,사고유형,법규위반,노면상태,기상상태,도로형태,가해운전자 차종,가해운전자 성별,가해운전자 연령,가해운전자 상해정도,피해운전자 차종,피해운전자 성별,피해운전자 연령,피해운전자 상해정도
노인사고,2020092700100262,2020년 9월 27일 14시,일요일,부산광역시 영도구 청학동,중상사고,0,1,0,0,차대사람 - 횡단중,안전운전불이행,건조,맑음,단일로 - 기타,승용,남,28세,상해없음,보행자,여,65세,중상
노인사고,2020092700100297,2020년 9월 27일 15시,일요일,부산광역시 기장군 장안읍,경상사고,0,0,4,0,차대차 - 추돌,중앙선침범,기타,흐림,단일로 - 기타,승용,남,48세,상해없음,승용,남,66세,경상
노인사고,2020092700100445,2020년 9월 27일 19시,일요일,부산광역시 서구 충무동1가,경상사고,0,0,1,0,차대사람 - 기타,안전운전불이행,건조,맑음,교차로 - 교차로횡단보도내,승합,남,23세,상해없음,보행자,남,67세,경상
노인사고,2020092800100137,2020년 9월 28일 09시,월요일,부산광역시 사상구 주례동,경상사고,0,0,1,0,차대사람 - 차도통행중,안전운전불이행,건조,맑음,단일로 - 기타,화물,남,40세,상해없음,보행자,남,68세,경상
노인사고,2020092800100174,2020년 9월 28일 10시,월요일,부산광역시 서구 동대신동3가,경상사고,0,0,1,0,차대차 - 측면충돌,차로위반,건조,맑음,교차로 - 교차로부근,화물,남,53세,상해없음,승용,남,66세,경상
노인사고,2020092800100176,2020년 9월 28일 10시,월요일,부산광역시 해운대구 좌동,중상사고,0,1,0,0,차량단독 - 기타,안전거리미확보,건조,맑음,단일로 - 기타,승합,남,53세,상해없음,,,,
노인사고,2020092800100275,2020년 9월 28일 12시,월요일,부산광역시 기장군 일광면,중상사고,0,1,0,0,차대사람 - 기타,안전운전불이행,건조,맑음,교차로 - 교차로부근,화물,남,75세,상해없음,보행자,여,86세,중상
노인사고,2020092800100317,2020년 9월 28일 13시,월요일,부산광역시 연제구 거제동,경상사고,0,0,1,0,차대사람 - 기타,안전운전불이행,건조,맑음,단일로 - 기타,승용,여,44세,상해없음,보행자,여,66세,경상
노인사고,2020092800100362,2020년 9월 28일 14시,월요일,부산광역시 사하구 하단동,경상사고,0,0,1,0,차대차 - 기타,신호위반,건조,맑음,교차로 - 교차로안,이륜,남,49세,상해없음,승용,남,78세,경상
노인사고,2020092800100422,2020년 9월 28일 15시,월요일,부산광역시 영도구 청학동,중상사고,0,1,0,0,차량단독 - 기타,안전운전불이행,건조,맑음,단일로 - 기타,승합,남,61세,상해없음,,,,
노인사고,2020092800100424,2020년 9월 28일 15시,월요일,부산광역시 부산진구 부전동,중상사고,0,1,0,0,차량단독 - 기타,안전운전불이행,건조,기타,교차로 - 교차로부근,승합,남,32세,상해없음,,,,
노인사고,2020092800100476,2020년 9월 28일 16시,월요일,부산광역시 북구 구포동,경상사고,0,0,1,0,차대차 - 측면충돌,안전운전불이행,건조,맑음,교차로 - 교차로안,승용,남,61세,상해없음,승용,남,66세,경상
노인사고,2020092800100602,2020년 9월 28일 18시,월요일,부산광역시 수영구 망미동,경상사고,0,0,3,0,차대차 - 기타,직진우회전진행방해,건조,맑음,교차로 - 교차로안,승용,남,63세,경상,승용,남,66세,경상
노인사고,2020092900100075,2020년 9월 29일 07시,화요일,부산광역시 연제구 연산동,경상사고,0,0,1,0,차대차 - 기타,안전운전불이행,건조,맑음,단일로 - 기타,승용,남,46세,상해없음,기타불명,여,69세,경상
노인사고,2020092900100076,2020년 9월 29일 07시,화요일,부산광역시 사상구 엄궁동,중상사고,0,1,0,0,차대사람 - 차도통행중,안전운전불이행,건조,맑음,주차장 - 주차장,승용,여,53세,상해없음,보행자,남,72세,중상
노인사고,2020092900100175,2020년 9월 29일 10시,화요일,부산광역시 남구 용호동,경상사고,0,0,1,0,차대사람 - 기타,안전운전불이행,건조,맑음,교차로 - 교차로안,승용,여,60세,상해없음,보행자,여,75세,경상
노인사고,2020092900100259,2020년 9월 29일 12시,화요일,부산광역시 동구 초량동,경상사고,0,0,2,0,차대차 - 기타,교차로운행방법위반,건조,맑음,교차로 - 교차로안,화물,남,24세,기타불명,승용,남,74세,경상
노인사고,2020092900100261,2020년 9월 29일 12시,화요일,부산광역시 북구 만덕동,경상사고,0,0,1,0,차대차 - 측면충돌,안전운전불이행,건조,맑음,단일로 - 지하차도(도로)내,승용,여,53세,상해없음,승용,남,77세,경상
노인사고,2020092900100302,2020년 9월 29일 13시,화요일,부산광역시 북구 금곡동,중상사고,0,1,0,0,차대차 - 추돌,안전운전불이행,건조,맑음,단일로 - 기타,자전거,남,48세,상해없음,자전거,남,66세,중상
노인사고,2020092900100362,2020년 9월 29일 14시,화요일,부산광역시 사하구 신평동,경상사고,0,0,2,0,차대차 - 기타,안전운전불이행,건조,맑음,단일로 - 지하차도(도로)내,승용,남,50세,상해없음,승용,남,65세,경상
노인사고,2.02009E+15,2020년 9월 29일 15시,화요일,부산광역시 서구 서대신동3가,경상사고,0,0,1,0,차대차 - 추돌,안전운전불이행,건조,맑음,단일로 - 기타,승용,남,70세,상해없음,기타불명,기타불명,미분류,기타불명
노인사고,2020092900100421,2020년 9월 29일 15시,화요일,부산광역시 사하구 장림동,경상사고,0,0,1,0,차대차 - 기타,기타,건조,맑음,단일로 - 기타,승용,남,36세,상해없음,승용,남,65세,경상
노인사고,2020092900100797,2020년 9월 29일 22시,화요일,부산광역시 해운대구 우동,경상사고,0,0,1,0,차대차 - 측면충돌,교차로운행방법위반,건조,맑음,교차로 - 교차로안,승용,여,50세,상해없음,승용,남,71세,경상
노인사고,2020093000100098,2020년 9월 30일 08시,수요일,부산광역시 부산진구 부전동,경상사고,0,0,2,0,차대차 - 측면충돌,신호위반,건조,맑음,교차로 - 교차로안,승용,남,40세,상해없음,승용,남,63세,경상
노인사고,2020093000100263,2020년 9월 30일 14시,수요일,부산광역시 수영구 광안동,경상사고,0,0,1,0,차대차 - 측면충돌,신호위반,건조,맑음,단일로 - 기타,승용,남,56세,상해없음,자전거,남,74세,경상
노인사고,2020093000100367,2020년 9월 30일 17시,수요일,부산광역시 연제구 연산동,경상사고,0,0,1,0,차대차 - 측면충돌,차로위반,건조,맑음,교차로 - 교차로부근,승용,남,31세,상해없음,승용,남,71세,경상
노인사고,2020100100100041,2020년 10월 1일 06시,목요일,부산광역시 부산진구 당감동,중상사고,0,1,0,0,차대차 - 측면충돌,신호위반,건조,맑음,교차로 - 교차로안,승용,남,73세,상해없음,원동기,남,73세,중상
노인사고,2020100200100056,2020년 10월 2일 09시,금요일,부산광역시 부산진구 초읍동,중상사고,0,1,0,0,차대사람 - 기타,안전운전불이행,건조,맑음,단일로 - 기타,승용,남,68세,기타불명,보행자,남,66세,중상
노인사고,2020100200100136,2020년 10월 2일 13시,금요일,부산광역시 연제구 연산동,경상사고,0,0,2,0,차대차 - 기타,신호위반,건조,맑음,단일로 - 기타,승용,남,51세,상해없음,승합,남,54세,경상
노인사고,2020100200100157,2020년 10월 2일 14시,금요일,부산광역시 남구 감만동,중상사고,0,1,0,0,차대차 - 기타,신호위반,건조,맑음,교차로 - 교차로부근,승용,여,53세,상해없음,이륜,남,68세,중상
노인사고,2020100300100051,2020년 10월 3일 05시,토요일,부산광역시 연제구 거제동,중상사고,0,1,0,0,차대사람 - 횡단중,보행자보호의무위반,건조,맑음,단일로 - 기타,승합,남,51세,상해없음,보행자,여,81세,중상
노인사고,2020100300100136,2020년 10월 3일 12시,토요일,부산광역시 중구 남포동6가,경상사고,0,0,1,0,차대차 - 측면충돌,안전운전불이행,건조,맑음,단일로 - 기타,승용,남,27세,상해없음,승용,남,65세,상해없음
노인사고,2020100300100199,2020년 10월 3일 14시,토요일,부산광역시 사하구 하단동,경상사고,0,0,3,0,차대차 - 기타,안전거리미확보,건조,맑음,단일로 - 기타,승용,남,74세,상해없음,승용,여,68세,경상
노인사고,2020100400100238,2020년 10월 4일 16시,일요일,부산광역시 영도구 남항동3가,경상사고,0,0,1,0,차대사람 - 기타,안전운전불이행,건조,맑음,교차로 - 교차로안,승용,남,72세,상해없음,보행자,남,83세,경상
노인사고,2020100400100274,2020년 10월 4일 17시,일요일,부산광역시 남구 대연동,경상사고,0,0,2,0,차대차 - 측면충돌,안전운전불이행,건조,맑음,단일로 - 기타,승용,남,69세,경상,이륜,남,30세,경상
노인사고,2020100400100275,2020년 10월 4일 17시,일요일,부산광역시 금정구 청룡동,경상사고,0,0,2,0,차대차 - 추돌,안전운전불이행,건조,맑음,기타 - 기타,승용,남,59세,상해없음,승용,여,62세,경상
노인사고,2020100400100329,2020년 10월 4일 19시,일요일,부산광역시 북구 금곡동,경상사고,0,0,1,0,차대사람 - 기타,안전운전불이행,건조,맑음,교차로 - 교차로안,승용,남,47세,상해없음,보행자,남,72세,경상
노인사고,2020100500100048,2020년 10월 5일 07시,월요일,부산광역시 해운대구 좌동,경상사고,0,0,1,0,차대차 - 측면충돌,신호위반,건조,맑음,단일로 - 기타,승용,여,66세,상해없음,자전거,여,70세,경상
노인사고,2020100500100049,2020년 10월 5일 07시,월요일,부산광역시 사상구 주례동,경상사고,0,0,2,0,차대차 - 기타,교차로운행방법위반,건조,맑음,교차로 - 교차로안,승용,여,40세,경상,승용,남,76세,경상
노인사고,2020100500100133,2020년 10월 5일 09시,월요일,부산광역시 부산진구 당감동,중상사고,0,1,0,1,차대차 - 측면충돌,안전거리미확보,건조,맑음,단일로 - 기타,승용,여,71세,부상신고,승용,여,51세,중상
노인사고,2020100500100239,2020년 10월 5일 12시,월요일,부산광역시 서구 부용동1가,경상사고,0,0,1,0,차대차 - 측면충돌,신호위반,건조,맑음,교차로 - 교차로안,기타불명,기타불명,미분류,기타불명,이륜,남,67세,경상
노인사고,2020100500100329,2020년 10월 5일 14시,월요일,부산광역시 부산진구 가야동,중상사고,0,1,0,0,차대사람 - 기타,안전운전불이행,건조,맑음,교차로 - 교차로안,승용,남,36세,상해없음,보행자,여,80세,중상
노인사고,2020100500100379,2020년 10월 5일 15시,월요일,부산광역시 연제구 연산동,중상사고,0,1,1,0,차대차 - 추돌,안전운전불이행,건조,맑음,단일로 - 기타,승용,남,76세,상해없음,승용,남,69세,경상
노인사고,2020100500100467,2020년 10월 5일 17시,월요일,부산광역시 서구 서대신동3가,경상사고,0,0,2,0,차대차 - 측면충돌,교차로운행방법위반,건조,맑음,교차로 - 교차로안,승용,남,51세,경상,승용,남,73세,경상
노인사고,2020100500100561,2020년 10월 5일 19시,월요일,부산광역시 부산진구 전포동,중상사고,0,1,0,0,차대사람 - 횡단중,안전운전불이행,건조,맑음,교차로 - 교차로안,승용,남,51세,상해없음,보행자,여,78세,중상
노인사고,2020100600100018,2020년 10월 6일 03시,화요일,부산광역시 금정구 부곡동,중상사고,0,2,2,0,차대차 - 측면충돌,신호위반,건조,맑음,교차로 - 교차로안,이륜,남,21세,중상,승용,남,72세,경상
노인사고,2.0201E+15,2020년 10월 6일 08시,화요일,부산광역시 북구 만덕동,경상사고,0,0,1,0,차대사람 - 횡단중,안전운전불이행,건조,맑음,교차로 - 교차로부근,승용,남,34세,상해없음,보행자,남,79세,경상
노인사고,2020100600100169,2020년 10월 6일 10시,화요일,부산광역시 영도구 신선동1가,경상사고,0,0,1,0,차대차 - 측면충돌,교차로운행방법위반,건조,맑음,교차로 - 교차로안,승용,남,61세,상해없음,승용,남,75세,경상
노인사고,2020100600100236,2020년 10월 6일 12시,화요일,부산광역시 사상구 감전동,경상사고,0,0,1,0,차대차 - 측면충돌,차로위반,건조,맑음,단일로 - 기타,화물,남,71세,경상,승용,여,37세,기타불명
노인사고,2020100600100306,2020년 10월 6일 14시,화요일,부산광역시 부산진구 부전동,경상사고,0,0,1,0,차대차 - 기타,신호위반,건조,맑음,교차로 - 교차로안,승용,여,56세,상해없음,승용,남,74세,경상
노인사고,2020100600100307,2020년 10월 6일 14시,화요일,부산광역시 금정구 장전동,경상사고,0,0,1,1,차대차 - 기타,교차로운행방법위반,건조,맑음,교차로 - 교차로안,이륜,남,69세,부상신고,승용,여,48세,경상
노인사고,2020100600100308,2020년 10월 6일 14시,화요일,부산광역시 사상구 덕포동,부상신고사고,0,0,0,1,차대차 - 기타,차로위반,건조,맑음,단일로 - 기타,기타불명,남,69세,부상신고,화물,남,66세,상해없음
노인사고,2020100600100648,2020년 10월 6일 23시,화요일,부산광역시 기장군 기장읍,경상사고,0,0,1,0,차대사람 - 기타,안전운전불이행,건조,맑음,단일로 - 기타,승용,남,60세,상해없음,보행자,남,69세,경상
노인사고,2020100700100037,2020년 10월 7일 06시,수요일,부산광역시 금정구 서동,사망사고,1,0,0,0,차대사람 - 기타,안전운전불이행,건조,맑음,단일로 - 기타,승용,남,47세,상해없음,보행자,남,77세,사망
노인사고,2020100700100124,2020년 10월 7일 09시,수요일,부산광역시 연제구 거제동,경상사고,0,0,1,0,차대차 - 기타,안전운전불이행,건조,맑음,단일로 - 기타,승용,남,63세,상해없음,자전거,여,67세,경상
노인사고,2020100700100149,2020년 10월 7일 10시,수요일,부산광역시 금정구 구서동,중상사고,0,1,0,0,차대사람 - 횡단중,안전운전불이행,건조,맑음,교차로 - 교차로안,화물,남,59세,상해없음,보행자,여,73세,중상
노인사고,2020100700100216,2020년 10월 7일 12시,수요일,부산광역시 해운대구 재송동,중상사고,0,2,0,0,차대차 - 측면충돌,신호위반,건조,맑음,교차로 - 교차로안,이륜,남,67세,중상,승합,남,56세,중상
노인사고,2.0201E+15,2020년 10월 7일 13시,수요일,부산광역시 부산진구 범천동,경상사고,0,0,1,0,차대차 - 측면충돌,신호위반,건조,맑음,교차로 - 교차로안,승용,남,48세,상해없음,승용,남,66세,경상
노인사고,2020100700100287,2020년 10월 7일 14시,수요일,부산광역시 남구 문현동,중상사고,0,1,0,0,차대사람 - 횡단중,안전운전불이행,건조,맑음,단일로 - 기타,승용,남,50세,상해없음,보행자,여,78세,중상
노인사고,2020100700100325,2020년 10월 7일 15시,수요일,부산광역시 기장군 정관읍,경상사고,0,0,1,0,차대사람 - 횡단중,신호위반,건조,맑음,교차로 - 교차로횡단보도내,승용,남,51세,상해없음,보행자,여,76세,경상
노인사고,2020100700100358,2020년 10월 7일 16시,수요일,부산광역시 강서구 송정동,경상사고,0,0,1,0,차대차 - 기타,안전운전불이행,건조,맑음,교차로 - 교차로안,특수,남,71세,경상,건설기계,남,45세,상해없음
노인사고,2020100700100448,2020년 10월 7일 18시,수요일,부산광역시 금정구 구서동,경상사고,0,0,1,0,차대차 - 추돌,안전운전불이행,건조,맑음,단일로 - 기타,승용,남,42세,상해없음,자전거,남,77세,경상
노인사고,2020100700100615,2020년 10월 7일 23시,수요일,부산광역시 강서구 대저1동,경상사고,0,0,1,0,차량단독 - 공작물충돌,안전운전불이행,건조,맑음,단일로 - 기타,승용,남,69세,경상,,,,
노인사고,2020100800100027,2020년 10월 8일 02시,목요일,부산광역시 연제구 연산동,중상사고,0,2,2,0,차대차 - 기타,신호위반,건조,맑음,교차로 - 교차로안,승용,남,61세,상해없음,화물,남,61세,중상
노인사고,2020100800100058,2020년 10월 8일 06시,목요일,부산광역시 부산진구 가야동,중상사고,0,1,0,0,차량단독 - 전도전복 - 전도,기타,건조,맑음,교차로 - 교차로부근,자전거,남,68세,중상,,,,
노인사고,2.0201E+15,2020년 10월 8일 11시,목요일,부산광역시 강서구 미음동,중상사고,0,1,1,0,차대차 - 정면충돌,안전운전불이행,건조,맑음,교차로 - 교차로안,화물,남,64세,상해없음,승합,남,74세,중상
노인사고,2020100800100283,2020년 10월 8일 12시,목요일,부산광역시 북구 구포동,중상사고,0,1,0,0,차대사람 - 기타,안전운전불이행,건조,맑음,단일로 - 기타,승용,여,70세,상해없음,보행자,여,76세,중상
노인사고,2020100800100284,2020년 10월 8일 12시,목요일,부산광역시 사하구 하단동,경상사고,0,0,1,0,차대차 - 기타,안전운전불이행,건조,맑음,교차로 - 교차로부근,특수,남,53세,상해없음,승용,여,65세,경상
노인사고,2020100800100317,2020년 10월 8일 13시,목요일,부산광역시 남구 문현동,중상사고,0,1,0,0,차대차 - 기타,안전운전불이행,건조,맑음,교차로 - 교차로안,자전거,남,70세,중상,승용,남,67세,상해없음
노인사고,2020100800100345,2020년 10월 8일 14시,목요일,부산광역시 중구 부평동3가,경상사고,0,0,1,0,차대차 - 기타,교차로운행방법위반,건조,맑음,교차로 - 교차로안,승합,남,50세,상해없음,이륜,남,78세,경상
노인사고,2020100800100431,2020년 10월 8일 16시,목요일,부산광역시 금정구 선동,경상사고,0,0,1,0,차대차 - 정면충돌,안전운전불이행,건조,맑음,단일로 - 기타,승용,여,56세,상해없음,승용,여,72세,경상
노인사고,2020100800100476,2020년 10월 8일 17시,목요일,부산광역시 서구 남부민동,중상사고,0,1,0,0,차량단독 - 기타,기타,건조,맑음,단일로 - 기타,승용,남,65세,상해없음,,,,
노인사고,2020100800100478,2020년 10월 8일 17시,목요일,부산광역시 북구 화명동,중상사고,0,1,0,0,차대사람 - 횡단중,보행자보호의무위반,건조,맑음,교차로 - 교차로횡단보도내,승용,여,61세,상해없음,보행자,여,67세,중상
노인사고,2020100800100481,2020년 10월 8일 17시,목요일,부산광역시 금정구 회동동,중상사고,0,1,2,0,차대차 - 추돌,안전운전불이행,건조,맑음,단일로 - 기타,특수,남,66세,중상,승용,남,33세,경상
노인사고,2020100800100607,2020년 10월 8일 19시,목요일,부산광역시 부산진구 가야동,경상사고,0,0,1,0,차대사람 - 횡단중,안전운전불이행,건조,맑음,교차로 - 교차로안,화물,남,42세,상해없음,보행자,여,84세,경상
노인사고,2020100800100733,2020년 10월 8일 22시,목요일,부산광역시 사하구 괴정동,중상사고,0,1,0,0,차대사람 - 횡단중,안전운전불이행,건조,맑음,단일로 - 기타,승용,남,29세,상해없음,보행자,남,68세,중상
노인사고,2020100800100734,2020년 10월 8일 22시,목요일,부산광역시 연제구 거제동,경상사고,0,0,1,0,차대사람 - 기타,보행자보호의무위반,건조,맑음,단일로 - 기타,승용,여,46세,상해없음,보행자,남,65세,경상
노인사고,2020100900100072,2020년 10월 9일 06시,금요일,부산광역시 부산진구 당감동,중상사고,0,1,0,0,차대사람 - 횡단중,보행자보호의무위반,건조,맑음,단일로 - 기타,화물,남,73세,상해없음,보행자,여,81세,중상
노인사고,2020100900100122,2020년 10월 9일 09시,금요일,부산광역시 사하구 감천동,경상사고,0,0,2,0,차대차 - 기타,안전운전불이행,건조,맑음,단일로 - 기타,화물,남,66세,경상,화물,남,38세,경상
노인사고,2020100900100243,2020년 10월 9일 13시,금요일,부산광역시 해운대구 재송동,경상사고,0,0,1,0,차대차 - 기타,신호위반,건조,맑음,교차로 - 교차로안,이륜,여,74세,경상,승용,남,38세,상해없음
노인사고,2020100900100244,2020년 10월 9일 13시,금요일,부산광역시 연제구 연산동,중상사고,0,1,0,0,차대차 - 기타,안전운전불이행,건조,맑음,단일로 - 기타,승용,남,39세,상해없음,원동기,남,69세,중상
노인사고,2020100900100284,2020년 10월 9일 14시,금요일,부산광역시 기장군 기장읍,경상사고,0,0,1,0,차대사람 - 기타,안전운전불이행,건조,맑음,단일로 - 기타,승용,여,45세,상해없음,보행자,남,68세,경상
노인사고,2020100900100315,2020년 10월 9일 15시,금요일,부산광역시 수영구 망미동,경상사고,0,0,1,0,차대사람 - 기타,안전운전불이행,건조,맑음,기타 - 기타,자전거,남,13세,기타불명,보행자,남,71세,경상
노인사고,2020100900100342,2020년 10월 9일 16시,금요일,부산광역시 해운대구 석대동,경상사고,0,0,1,0,차대차 - 측면충돌,안전운전불이행,건조,맑음,교차로 - 교차로안,승합,남,69세,경상,승용,남,58세,상해없음
노인사고,2020100900100583,2020년 10월 9일 23시,금요일,부산광역시 부산진구 부전동,경상사고,0,0,4,0,차대차 - 측면충돌,안전운전불이행,건조,맑음,단일로 - 기타,승용,남,22세,상해없음,승용,남,40세,경상
노인사고,2020101000100045,2020년 10월 10일 04시,토요일,부산광역시 사하구 하단동,경상사고,0,0,1,0,차대차 - 측면충돌,신호위반,건조,맑음,교차로 - 교차로안,승용,남,73세,상해없음,승용,남,69세,경상
노인사고,2020101000100052,2020년 10월 10일 05시,토요일,부산광역시 사하구 장림동,중상사고,0,3,4,0,차대차 - 측면충돌,신호위반,건조,맑음,교차로 - 교차로부근,승합,남,38세,상해없음,승용,남,53세,경상
노인사고,2020101000100365,2020년 10월 10일 16시,토요일,부산광역시 동구 범일동,중상사고,0,2,3,0,차대차 - 추돌,안전운전불이행,건조,맑음,단일로 - 기타,승합,남,60세,상해없음,승용,남,82세,중상
노인사고,2020101000100522,2020년 10월 10일 20시,토요일,부산광역시 서구 서대신동1가,중상사고,0,1,2,0,차대차 - 측면충돌,신호위반,건조,맑음,교차로 - 교차로안,승용,남,53세,상해없음,승용,남,63세,경상
노인사고,2020101100100206,2020년 10월 11일 14시,일요일,부산광역시 북구 구포동,경상사고,0,0,3,0,차대사람 - 기타,안전운전불이행,건조,맑음,단일로 - 기타,승용,남,60세,상해없음,보행자,여,68세,경상
노인사고,2020101100100207,2020년 10월 11일 14시,일요일,부산광역시 부산진구 전포동,중상사고,0,1,0,1,차대차 - 기타,신호위반,건조,맑음,교차로 - 교차로안,이륜,남,66세,부상신고,이륜,남,42세,중상
노인사고,2020101100100208,2020년 10월 11일 14시,일요일,부산광역시 강서구 지사동,경상사고,0,0,1,0,차대차 - 기타,안전운전불이행,건조,맑음,교차로 - 교차로안,승용,남,36세,상해없음,승용,남,74세,경상
노인사고,2020101100100315,2020년 10월 11일 17시,일요일,부산광역시 강서구 명지동,중상사고,0,4,2,0,차대차 - 정면충돌,신호위반,건조,맑음,교차로 - 교차로안,승용,남,50세,상해없음,승용,남,53세,중상
노인사고,2.0201E+15,2020년 10월 11일 18시,일요일,부산광역시 동래구 안락동,중상사고,0,1,0,0,차대차 - 정면충돌,신호위반,건조,맑음,단일로 - 기타,이륜,남,22세,상해없음,자전거,남,69세,중상
노인사고,2020101100100341,2020년 10월 11일 18시,일요일,부산광역시 동래구 사직동,경상사고,0,0,4,0,차대차 - 추돌,안전운전불이행,건조,맑음,기타 - 기타,승용,남,52세,경상,화물,남,66세,경상
노인사고,2020101100100383,2020년 10월 11일 19시,일요일,부산광역시 부산진구 전포동,경상사고,0,0,5,0,차대차 - 측면충돌,안전운전불이행,건조,맑음,교차로 - 교차로부근,승합,남,58세,상해없음,승용,여,59세,경상
노인사고,2020101200100147,2020년 10월 12일 09시,월요일,부산광역시 영도구 남항동2가,경상사고,0,0,1,0,차대차 - 측면충돌,안전운전불이행,건조,맑음,단일로 - 기타,화물,남,51세,상해없음,자전거,남,75세,경상
노인사고,2020101200100218,2020년 10월 12일 11시,월요일,부산광역시 서구 동대신동3가,경상사고,0,0,2,0,차대차 - 측면충돌,안전거리미확보,건조,맑음,단일로 - 기타,승용,남,76세,상해없음,승용,남,60세,경상
노인사고,2020101200100259,2020년 10월 12일 12시,월요일,부산광역시 금정구 서동,경상사고,0,0,1,0,차대사람 - 보도통행중,보행자보호의무위반,건조,맑음,교차로 - 교차로횡단보도내,승용,남,60세,상해없음,보행자,여,78세,경상
노인사고,2020101200100295,2020년 10월 12일 13시,월요일,부산광역시 영도구 남항동1가,중상사고,0,1,0,0,차대사람 - 길가장자리구역통행중,안전운전불이행,건조,맑음,단일로 - 기타,화물,남,39세,상해없음,보행자,여,78세,중상
노인사고,2.0201E+15,2020년 10월 12일 14시,월요일,부산광역시 사하구 괴정동,경상사고,0,0,2,1,차대차 - 측면충돌,안전거리미확보,건조,맑음,교차로 - 교차로부근,화물,남,65세,상해없음,승용,남,45세,부상신고
노인사고,2020101200100423,2020년 10월 12일 16시,월요일,부산광역시 동래구 온천동,경상사고,0,0,2,0,차대차 - 추돌,안전거리미확보,건조,맑음,단일로 - 기타,화물,남,61세,상해없음,승용,남,73세,경상
노인사고,2.0201E+15,2020년 10월 12일 19시,월요일,부산광역시 남구 용당동,사망사고,1,0,1,0,차대차 - 기타,안전운전불이행,건조,맑음,교차로 - 교차로부근,화물,남,40세,상해없음,화물,남,29세,상해없음
노인사고,2020101300100082,2020년 10월 13일 08시,화요일,부산광역시 연제구 연산동,중상사고,0,2,5,2,차대차 - 측면충돌,차로위반,건조,맑음,교차로 - 교차로부근,승용,여,29세,상해없음,승합,남,49세,경상
노인사고,2020101300100235,2020년 10월 13일 12시,화요일,부산광역시 영도구 동삼동,경상사고,0,0,1,0,차대사람 - 기타,안전운전불이행,건조,맑음,단일로 - 기타,승합,남,64세,상해없음,보행자,여,65세,경상
노인사고,2.0201E+15,2020년 10월 13일 13시,화요일,부산광역시 동구 범일동,중상사고,0,1,0,0,차대사람 - 차도통행중,보행자보호의무위반,건조,맑음,단일로 - 기타,화물,남,63세,상해없음,보행자,남,67세,중상
노인사고,2020101400100019,2020년 10월 14일 01시,수요일,부산광역시 부산진구 양정동,중상사고,0,1,1,0,차대차 - 기타,신호위반,건조,맑음,교차로 - 교차로안,승용,남,38세,상해없음,승용,남,65세,경상
노인사고,2020101400100294,2020년 10월 14일 14시,수요일,부산광역시 동구 초량동,중상사고,0,2,0,0,차대사람 - 차도통행중,안전운전불이행,건조,맑음,교차로 - 교차로안,승용,남,51세,상해없음,보행자,남,66세,중상
노인사고,2020101400100366,2020년 10월 14일 16시,수요일,부산광역시 강서구 미음동,중상사고,0,1,0,0,차대차 - 기타,안전거리미확보,건조,맑음,단일로 - 기타,승용,남,27세,상해없음,승용,여,72세,중상
노인사고,2020101400100451,2020년 10월 14일 18시,수요일,부산광역시 사하구 다대동,중상사고,0,1,0,0,차대사람 - 기타,안전운전불이행,건조,맑음,단일로 - 기타,승용,남,62세,상해없음,보행자,남,69세,중상
노인사고,2020101400100512,2020년 10월 14일 19시,수요일,부산광역시 북구 덕천동,중상사고,0,1,0,0,차대사람 - 기타,중앙선침범,건조,맑음,단일로 - 기타,원동기,남,36세,상해없음,보행자,여,66세,중상
노인사고,2020101500100129,2020년 10월 15일 09시,목요일,부산광역시 영도구 봉래동4가,중상사고,0,1,0,0,차대사람 - 길가장자리구역통행중,안전운전불이행,건조,맑음,단일로 - 기타,승용,여,45세,상해없음,보행자,남,67세,중상
노인사고,2020101500100131,2020년 10월 15일 09시,목요일,부산광역시 연제구 거제동,경상사고,0,0,1,0,차대차 - 정면충돌,신호위반,건조,맑음,교차로 - 교차로횡단보도내,승용,여,40세,상해없음,자전거,남,66세,경상
노인사고,2020101500100132,2020년 10월 15일 09시,목요일,부산광역시 강서구 대저1동,중상사고,0,1,0,0,차대차 - 추돌,안전운전불이행,건조,맑음,단일로 - 기타,승합,남,36세,상해없음,자전거,남,68세,중상
노인사고,2020101500100169,2020년 10월 15일 10시,목요일,부산광역시 동구 초량동,경상사고,0,0,1,0,차대차 - 측면충돌,안전운전불이행,건조,맑음,단일로 - 기타,화물,남,62세,상해없음,특수,남,70세,경상
노인사고,2.0201E+15,2020년 10월 15일 10시,목요일,부산광역시 서구 충무동1가,중상사고,0,1,1,0,차대사람 - 기타,신호위반,건조,맑음,교차로 - 교차로횡단보도내,승용,여,49세,상해없음,보행자,여,70세,중상
노인사고,2020101500100288,2020년 10월 15일 13시,목요일,부산광역시 부산진구 부암동,경상사고,0,0,1,0,차대차 - 측면충돌,안전운전불이행,건조,맑음,교차로 - 교차로부근,승용,여,48세,상해없음,원동기,남,68세,경상
노인사고,2020101500100323,2020년 10월 15일 14시,목요일,부산광역시 사상구 엄궁동,중상사고,0,1,1,0,차대차 - 측면충돌,중앙선침범,건조,맑음,교차로 - 교차로횡단보도내,이륜,남,67세,경상,승용,남,43세,상해없음