사고부문,사고번호,사고일시,요일,시군구,사고내용,사망자수,중상자수,경상자수,부상신고자수,사고유형,법규위반,노면상태,기상상태,도로형태,가해운전자 차종,가해운전자 성별,가해운전자 연령,가해운전자 상해정도,피해운전자 차종,피해운전자 성별,피해운전자 연령,피해운전자 상해정도
노인사고,2020101500100628,2020년 10월 15일 20시,목요일,부산광역시 사하구 하단동,경상사고,0,0,1,0,차대차 - 기타,중앙선침범,건조,맑음,단일로 - 기타,이륜,남,67세,경상,승용,남,48세,상해없음
노인사고,2.0201E+15,2020년 10월 15일 21시,목요일,부산광역시 동래구 사직동,경상사고,0,0,1,0,차대사람 - 보도통행중,안전운전불이행,건조,맑음,교차로 - 교차로안,승용,여,52세,상해없음,보행자,남,69세,경상
노인사고,2020101600100121,2020년 10월 16일 09시,금요일,부산광역시 동래구 안락동,경상사고,0,0,2,0,차대차 - 측면충돌,교차로운행방법위반,건조,맑음,교차로 - 교차로안,승용,여,38세,경상,화물,남,66세,경상
노인사고,2020101600100149,2020년 10월 16일 10시,금요일,부산광역시 동구 범일동,중상사고,0,1,0,0,차대사람 - 보도통행중,보행자보호의무위반,건조,맑음,단일로 - 기타,승용,남,71세,상해없음,보행자,남,73세,중상
노인사고,2020101600100314,2020년 10월 16일 15시,금요일,부산광역시 영도구 청학동,중상사고,0,1,0,0,차대차 - 측면충돌,기타,건조,맑음,단일로 - 기타,화물,남,54세,상해없음,이륜,남,69세,중상
노인사고,2020101600100393,2020년 10월 16일 17시,금요일,부산광역시 남구 대연동,부상신고사고,0,0,0,1,차대차 - 기타,안전운전불이행,건조,맑음,교차로 - 교차로안,자전거,남,78세,부상신고,승용,여,44세,상해없음
노인사고,2020101600100577,2020년 10월 16일 20시,금요일,부산광역시 금정구 남산동,경상사고,0,0,1,0,차대사람 - 기타,안전운전불이행,건조,맑음,교차로 - 교차로부근,승용,남,46세,상해없음,보행자,남,65세,경상
노인사고,2020101700100087,2020년 10월 17일 07시,토요일,부산광역시 동래구 온천동,경상사고,0,0,2,0,차대차 - 측면충돌,안전운전불이행,건조,맑음,단일로 - 기타,승용,남,37세,상해없음,승용,남,75세,경상
노인사고,2020101700100107,2020년 10월 17일 08시,토요일,부산광역시 기장군 일광면,경상사고,0,0,6,0,차대차 - 정면충돌,중앙선침범,건조,맑음,단일로 - 기타,승용,남,59세,기타불명,승합,남,59세,경상
노인사고,2020101700100137,2020년 10월 17일 09시,토요일,부산광역시 부산진구 개금동,중상사고,0,1,0,0,차대사람 - 보도통행중,보행자보호의무위반,건조,맑음,교차로 - 교차로안,화물,남,60세,상해없음,보행자,여,65세,중상
노인사고,2020101700100164,2020년 10월 17일 10시,토요일,부산광역시 연제구 연산동,경상사고,0,0,2,0,차대차 - 추돌,안전운전불이행,건조,맑음,교차로 - 교차로안,승용,여,45세,상해없음,승용,남,72세,경상
노인사고,2020101700100197,2020년 10월 17일 11시,토요일,부산광역시 남구 용호동,경상사고,0,0,1,1,차대사람 - 길가장자리구역통행중,안전운전불이행,건조,맑음,단일로 - 기타,승용,여,54세,상해없음,보행자,여,16세,경상
노인사고,2020101700100344,2020년 10월 17일 14시,토요일,부산광역시 강서구 대저1동,중상사고,0,1,0,0,차대사람 - 기타,안전운전불이행,건조,맑음,단일로 - 기타,승용,여,55세,상해없음,보행자,남,76세,중상
노인사고,2020101700100383,2020년 10월 17일 15시,토요일,부산광역시 해운대구 반여동,경상사고,0,0,1,0,차대사람 - 횡단중,안전운전불이행,건조,맑음,교차로 - 교차로부근,승용,남,63세,상해없음,보행자,여,71세,경상
노인사고,2020101700100384,2020년 10월 17일 15시,토요일,부산광역시 연제구 거제동,경상사고,0,0,1,0,차대사람 - 횡단중,보행자보호의무위반,건조,맑음,교차로 - 교차로횡단보도내,승용,여,50세,상해없음,보행자,남,65세,경상
노인사고,2020101700100431,2020년 10월 17일 16시,토요일,부산광역시 사상구 학장동,경상사고,0,0,3,0,차대차 - 추돌,안전운전불이행,건조,맑음,기타 - 기타,화물,남,66세,경상,승용,여,57세,경상
노인사고,2020101800100006,2020년 10월 18일 00시,일요일,부산광역시 부산진구 부암동,중상사고,0,1,6,0,차대차 - 기타,안전운전불이행,건조,맑음,단일로 - 기타,승용,남,41세,기타불명,승용,남,55세,경상
노인사고,2020101800100059,2020년 10월 18일 05시,일요일,부산광역시 남구 감만동,중상사고,0,1,0,0,차대사람 - 기타,안전운전불이행,건조,맑음,단일로 - 기타,승용,남,59세,상해없음,보행자,남,71세,중상
노인사고,2020101800100282,2020년 10월 18일 15시,일요일,부산광역시 사상구 학장동,경상사고,0,0,1,0,차량단독 - 공작물충돌,안전운전불이행,건조,맑음,교차로 - 교차로안,화물,남,70세,경상,,,,
노인사고,2.0201E+15,2020년 10월 18일 17시,일요일,부산광역시 동래구 수안동,경상사고,0,0,5,0,차대차 - 측면충돌,교차로운행방법위반,건조,맑음,교차로 - 교차로안,승용,남,49세,경상,승용,여,45세,경상
노인사고,2020101800100467,2020년 10월 18일 19시,일요일,부산광역시 동래구 안락동,중상사고,0,1,2,0,차대차 - 측면충돌,교차로운행방법위반,건조,맑음,교차로 - 교차로안,승용,여,55세,기타불명,승용,남,43세,중상
노인사고,2020101900100027,2020년 10월 19일 04시,월요일,부산광역시 사하구 당리동,중상사고,0,1,0,0,차대사람 - 기타,안전운전불이행,건조,맑음,교차로 - 교차로부근,승합,남,51세,상해없음,보행자,여,83세,중상
노인사고,2.0201E+15,2020년 10월 19일 08시,월요일,부산광역시 해운대구 반송동,중상사고,0,1,0,0,차대차 - 기타,교차로운행방법위반,건조,맑음,교차로 - 교차로안,이륜,여,68세,중상,특수,남,49세,상해없음
노인사고,2020101900100101,2020년 10월 19일 08시,월요일,부산광역시 연제구 연산동,경상사고,0,0,1,0,차대차 - 추돌,직진우회전진행방해,건조,맑음,교차로 - 교차로안,승용,남,44세,상해없음,승용,남,75세,경상
노인사고,2020101900100201,2020년 10월 19일 10시,월요일,부산광역시 해운대구 반송동,중상사고,0,1,0,0,차대차 - 추돌,안전운전불이행,건조,맑음,교차로 - 교차로부근,승용,남,76세,상해없음,승용,남,59세,상해없음
노인사고,2020101900100202,2020년 10월 19일 10시,월요일,부산광역시 수영구 수영동,중상사고,0,1,0,0,차대사람 - 기타,안전운전불이행,건조,맑음,교차로 - 교차로안,승용,남,71세,상해없음,보행자,여,66세,중상
노인사고,2020101900100203,2020년 10월 19일 10시,월요일,부산광역시 강서구 대저1동,부상신고사고,0,0,0,1,차대차 - 측면충돌,안전운전불이행,건조,맑음,교차로 - 교차로안,승합,남,68세,상해없음,자전거,남,76세,부상신고
노인사고,2.0201E+15,2020년 10월 19일 13시,월요일,부산광역시 동구 좌천동,중상사고,0,1,0,0,차대사람 - 기타,보행자보호의무위반,건조,맑음,교차로 - 교차로부근,화물,남,42세,상해없음,보행자,여,78세,중상
노인사고,2020101900100366,2020년 10월 19일 14시,월요일,부산광역시 부산진구 부전동,중상사고,0,1,0,0,차대사람 - 횡단중,안전운전불이행,건조,맑음,교차로 - 교차로안,승용,여,19세,상해없음,보행자,여,67세,중상
노인사고,2020101900100455,2020년 10월 19일 16시,월요일,부산광역시 서구 부민동2가,중상사고,0,1,0,0,차대사람 - 기타,안전운전불이행,건조,맑음,교차로 - 교차로안,승용,남,50세,상해없음,보행자,남,80세,중상
노인사고,2020101900100493,2020년 10월 19일 17시,월요일,부산광역시 금정구 부곡동,경상사고,0,0,2,0,차대차 - 추돌,안전운전불이행,건조,맑음,교차로 - 교차로안,승용,남,63세,상해없음,승용,남,68세,경상
노인사고,2020101900100494,2020년 10월 19일 17시,월요일,부산광역시 사상구 모라동,중상사고,0,1,0,1,차대차 - 측면충돌,안전운전불이행,건조,맑음,교차로 - 교차로안,승용,여,38세,부상신고,이륜,남,65세,중상
노인사고,2020101900100541,2020년 10월 19일 18시,월요일,부산광역시 동구 초량동,중상사고,0,1,0,0,차대사람 - 횡단중,보행자보호의무위반,건조,맑음,교차로 - 교차로부근,승용,남,53세,상해없음,보행자,남,80세,중상
노인사고,2020101900100544,2020년 10월 19일 18시,월요일,부산광역시 해운대구 재송동,경상사고,0,0,1,0,차량단독 - 기타,안전운전불이행,건조,맑음,단일로 - 기타,승합,남,51세,상해없음,,,,
노인사고,2020102000100011,2020년 10월 20일 01시,화요일,부산광역시 부산진구 가야동,경상사고,0,0,2,0,차대차 - 기타,안전운전불이행,건조,맑음,기타 - 기타,승용,남,29세,상해없음,승용,남,68세,경상
노인사고,2020102000100058,2020년 10월 20일 07시,화요일,부산광역시 영도구 청학동,중상사고,0,1,0,0,차대사람 - 길가장자리구역통행중,신호위반,건조,맑음,단일로 - 기타,화물,남,61세,상해없음,보행자,여,84세,중상
노인사고,2020102000100137,2020년 10월 20일 09시,화요일,부산광역시 사하구 다대동,부상신고사고,0,0,0,1,차대차 - 정면충돌,안전운전불이행,건조,맑음,교차로 - 교차로횡단보도내,이륜,남,66세,부상신고,승용,여,44세,상해없음
노인사고,2020102000100317,2020년 10월 20일 14시,화요일,부산광역시 해운대구 재송동,중상사고,0,1,0,0,차대사람 - 기타,안전운전불이행,건조,맑음,단일로 - 기타,승용,남,44세,상해없음,보행자,남,75세,중상
노인사고,2020102100100005,2020년 10월 21일 00시,수요일,부산광역시 남구 문현동,경상사고,0,0,2,0,차대차 - 측면충돌,신호위반,건조,맑음,교차로 - 교차로안,승용,남,31세,상해없음,승용,남,70세,경상
노인사고,2020102100100008,2020년 10월 21일 00시,수요일,부산광역시 부산진구 양정동,중상사고,0,1,0,0,차대사람 - 횡단중,안전운전불이행,건조,맑음,교차로 - 교차로부근,이륜,남,23세,상해없음,보행자,남,69세,중상
노인사고,2020102100100201,2020년 10월 21일 10시,수요일,부산광역시 중구 영주동,중상사고,0,1,0,0,차대사람 - 횡단중,안전운전불이행,건조,맑음,단일로 - 기타,승용,남,43세,상해없음,보행자,여,73세,중상
노인사고,2020102100100274,2020년 10월 21일 13시,수요일,부산광역시 강서구 대저2동,경상사고,0,0,2,0,차대차 - 측면충돌,안전운전불이행,건조,맑음,교차로 - 교차로안,화물,남,65세,상해없음,승용,남,72세,경상
노인사고,2020102100100588,2020년 10월 21일 20시,수요일,부산광역시 동래구 온천동,중상사고,0,1,0,0,차대차 - 기타,안전운전불이행,건조,맑음,교차로 - 교차로부근,자전거,남,76세,중상,승용,여,34세,상해없음
노인사고,2020102200100152,2020년 10월 22일 09시,목요일,부산광역시 사하구 괴정동,경상사고,0,0,1,0,차대차 - 기타,신호위반,건조,맑음,교차로 - 교차로부근,승용,남,64세,상해없음,자전거,남,66세,경상
노인사고,2020102200100176,2020년 10월 22일 10시,목요일,부산광역시 부산진구 부전동,중상사고,0,1,0,0,차대사람 - 차도통행중,안전운전불이행,건조,맑음,단일로 - 기타,승용,남,32세,상해없음,보행자,여,76세,중상
노인사고,2020102200100415,2020년 10월 22일 17시,목요일,부산광역시 영도구 동삼동,중상사고,0,1,0,0,차대사람 - 기타,보행자보호의무위반,건조,맑음,교차로 - 교차로횡단보도내,승합,남,62세,상해없음,보행자,남,79세,중상
노인사고,2.0201E+15,2020년 10월 22일 18시,목요일,부산광역시 사하구 감천동,중상사고,0,1,0,0,차대사람 - 기타,안전운전불이행,건조,맑음,단일로 - 기타,승용,남,70세,상해없음,보행자,남,85세,중상
노인사고,2020102200100568,2020년 10월 22일 20시,목요일,부산광역시 수영구 수영동,사망사고,1,0,0,0,차대사람 - 횡단중,안전운전불이행,건조,맑음,교차로 - 교차로횡단보도내,승용,남,54세,상해없음,보행자,여,84세,사망
노인사고,2020102300100046,2020년 10월 23일 05시,금요일,부산광역시 북구 만덕동,경상사고,0,0,3,0,차대차 - 기타,안전운전불이행,건조,맑음,교차로 - 교차로부근,승용,남,68세,경상,승용,남,66세,경상
노인사고,2020102300100077,2020년 10월 23일 07시,금요일,부산광역시 남구 대연동,경상사고,0,0,3,0,차대차 - 기타,기타,건조,맑음,교차로 - 교차로안,승용,남,66세,경상,승용,남,65세,경상
노인사고,2020102300100279,2020년 10월 23일 12시,금요일,부산광역시 동래구 수안동,중상사고,0,1,0,0,차대사람 - 기타,안전운전불이행,건조,맑음,교차로 - 교차로안,승용,남,41세,상해없음,보행자,여,81세,중상
노인사고,2020102300100317,2020년 10월 23일 13시,금요일,부산광역시 동구 범일동,부상신고사고,0,0,0,1,차량단독 - 기타,안전운전불이행,건조,맑음,단일로 - 기타,이륜,남,68세,부상신고,,,,
노인사고,2020102300100455,2020년 10월 23일 16시,금요일,부산광역시 서구 암남동,경상사고,0,0,2,0,차대차 - 추돌,안전운전불이행,건조,맑음,교차로 - 교차로부근,승용,남,30세,상해없음,승용,남,58세,경상
노인사고,2020102300100521,2020년 10월 23일 17시,금요일,부산광역시 동래구 온천동,중상사고,0,2,1,0,차대차 - 정면충돌,중앙선침범,건조,맑음,교차로 - 교차로안,승용,여,53세,중상,화물,남,58세,중상
노인사고,2020102300100585,2020년 10월 23일 18시,금요일,부산광역시 서구 서대신동3가,중상사고,0,1,0,0,차대사람 - 횡단중,신호위반,건조,맑음,교차로 - 교차로안,화물,남,63세,상해없음,보행자,여,80세,중상
노인사고,2020102400100115,2020년 10월 24일 08시,토요일,부산광역시 남구 대연동,경상사고,0,0,1,1,차대차 - 정면충돌,교차로운행방법위반,건조,맑음,교차로 - 교차로안,승용,남,58세,상해없음,승용,남,66세,경상
노인사고,2020102400100138,2020년 10월 24일 09시,토요일,부산광역시 해운대구 우동,중상사고,0,1,2,0,차대차 - 측면충돌,교차로운행방법위반,건조,맑음,교차로 - 교차로안,승용,여,37세,상해없음,승용,남,64세,경상
노인사고,2020102400100141,2020년 10월 24일 09시,토요일,부산광역시 기장군 기장읍,경상사고,0,0,1,0,차대차 - 추돌,과속,건조,맑음,단일로 - 기타,승용,남,37세,상해없음,화물,남,71세,경상
노인사고,2020102400100197,2020년 10월 24일 11시,토요일,부산광역시 해운대구 우동,중상사고,0,1,0,0,차대사람 - 횡단중,보행자보호의무위반,건조,맑음,단일로 - 기타,자전거,남,12세,상해없음,보행자,여,71세,중상
노인사고,2020102400100241,2020년 10월 24일 12시,토요일,부산광역시 서구 남부민동,중상사고,0,1,0,0,차대차 - 정면충돌,교차로운행방법위반,건조,맑음,교차로 - 교차로안,승용,남,38세,상해없음,자전거,남,68세,중상
노인사고,2020102400100342,2020년 10월 24일 14시,토요일,부산광역시 연제구 연산동,중상사고,0,1,0,0,차대사람 - 길가장자리구역통행중,안전운전불이행,건조,맑음,단일로 - 기타,승용,여,34세,상해없음,보행자,여,69세,중상
노인사고,2020102500100289,2020년 10월 25일 15시,일요일,부산광역시 서구 남부민동,경상사고,0,0,1,0,차대차 - 측면충돌,안전운전불이행,건조,맑음,교차로 - 교차로안,승용,여,65세,상해없음,승용,남,71세,경상
노인사고,2020102500100328,2020년 10월 25일 16시,일요일,부산광역시 기장군 일광면,경상사고,0,0,3,0,차대차 - 측면충돌,교차로운행방법위반,건조,맑음,교차로 - 교차로안,승용,남,70세,경상,승용,남,49세,경상
노인사고,2.0201E+15,2020년 10월 25일 18시,일요일,부산광역시 북구 구포동,부상신고사고,0,0,0,1,차대사람 - 기타,안전운전불이행,건조,맑음,교차로 - 교차로안,승용,여,42세,상해없음,보행자,남,68세,부상신고
노인사고,2.0201E+15,2020년 10월 26일 07시,월요일,부산광역시 사하구 장림동,경상사고,0,0,3,0,차대차 - 측면충돌,안전거리미확보,건조,맑음,단일로 - 지하차도(도로)내,승용,남,76세,경상,승합,남,71세,경상
노인사고,2020102600100102,2020년 10월 26일 08시,월요일,부산광역시 사상구 모라동,경상사고,0,0,1,0,차대사람 - 횡단중,안전운전불이행,건조,맑음,교차로 - 교차로안,승용,여,45세,상해없음,보행자,남,76세,경상
노인사고,2020102600100168,2020년 10월 26일 09시,월요일,부산광역시 사하구 하단동,중상사고,0,1,0,0,차대사람 - 기타,안전운전불이행,건조,맑음,단일로 - 지하차도(도로)내,승용,여,32세,상해없음,보행자,남,67세,중상
노인사고,2020102600100287,2020년 10월 26일 12시,월요일,부산광역시 북구 만덕동,경상사고,0,0,1,0,차대차 - 측면충돌,안전운전불이행,건조,맑음,단일로 - 기타,승용,여,58세,상해없음,승용,남,66세,경상
노인사고,2020102600100433,2020년 10월 26일 16시,월요일,부산광역시 부산진구 전포동,중상사고,0,1,0,0,차대사람 - 기타,안전운전불이행,건조,맑음,단일로 - 기타,화물,남,37세,상해없음,보행자,여,81세,중상
노인사고,2020102600100589,2020년 10월 26일 19시,월요일,부산광역시 사하구 괴정동,경상사고,0,0,2,0,차대차 - 측면충돌,안전운전불이행,건조,기타,교차로 - 교차로안,이륜,남,26세,경상,승용,남,69세,경상
노인사고,2.0201E+15,2020년 10월 26일 19시,월요일,부산광역시 연제구 연산동,경상사고,0,0,2,0,차대차 - 기타,신호위반,건조,맑음,단일로 - 기타,승용,남,51세,상해없음,승용,여,67세,경상
노인사고,2020102700100019,2020년 10월 27일 01시,화요일,부산광역시 북구 구포동,중상사고,0,1,1,0,차대차 - 측면충돌,교차로운행방법위반,건조,맑음,교차로 - 교차로안,승용,남,69세,경상,이륜,남,27세,중상
노인사고,2020102700100036,2020년 10월 27일 04시,화요일,부산광역시 동구 범일동,중상사고,0,1,0,0,차대차 - 기타,안전운전불이행,건조,맑음,단일로 - 기타,자전거,남,80세,중상,승용,남,57세,상해없음
노인사고,2020102700100053,2020년 10월 27일 06시,화요일,부산광역시 남구 대연동,경상사고,0,0,1,0,차대차 - 측면충돌,안전운전불이행,건조,맑음,기타 - 기타,승용,남,53세,상해없음,자전거,남,78세,경상
노인사고,2020102700100174,2020년 10월 27일 10시,화요일,부산광역시 동구 수정동,중상사고,0,1,0,0,차대사람 - 기타,안전운전불이행,건조,맑음,단일로 - 기타,화물,남,64세,상해없음,보행자,여,65세,중상
노인사고,2020102700100217,2020년 10월 27일 11시,화요일,부산광역시 연제구 거제동,중상사고,0,1,0,0,차대사람 - 기타,안전운전불이행,건조,맑음,교차로 - 교차로안,승용,여,48세,상해없음,보행자,여,93세,중상
노인사고,2020102700100358,2020년 10월 27일 15시,화요일,부산광역시 사상구 감전동,중상사고,0,1,0,0,차대사람 - 횡단중,안전운전불이행,건조,맑음,단일로 - 기타,이륜,남,48세,상해없음,보행자,남,81세,중상
노인사고,2020102700100396,2020년 10월 27일 16시,화요일,부산광역시 해운대구 반송동,중상사고,0,1,0,0,차대사람 - 횡단중,안전운전불이행,건조,맑음,교차로 - 교차로부근,화물,남,27세,상해없음,보행자,남,86세,중상
노인사고,2020102700100595,2020년 10월 27일 20시,화요일,부산광역시 해운대구 좌동,중상사고,0,1,0,0,차대사람 - 횡단중,안전운전불이행,건조,맑음,교차로 - 교차로안,화물,남,33세,상해없음,보행자,남,72세,중상
노인사고,2.0201E+15,2020년 10월 28일 06시,수요일,부산광역시 동래구 온천동,중상사고,0,1,0,0,차대차 - 측면충돌,안전운전불이행,건조,맑음,단일로 - 기타,승용,남,72세,상해없음,자전거,남,78세,중상
노인사고,2020102800100216,2020년 10월 28일 11시,수요일,부산광역시 금정구 부곡동,중상사고,0,1,0,1,차대차 - 기타,신호위반,건조,맑음,교차로 - 교차로안,승용,여,48세,부상신고,승용,남,67세,중상
노인사고,2020102800100264,2020년 10월 28일 12시,수요일,부산광역시 서구 아미동1가,중상사고,0,1,0,0,차대사람 - 기타,안전운전불이행,건조,맑음,단일로 - 기타,승합,남,35세,상해없음,보행자,여,83세,중상
노인사고,2020102800100335,2020년 10월 28일 14시,수요일,부산광역시 북구 구포동,중상사고,0,1,0,0,차대사람 - 기타,안전운전불이행,건조,맑음,단일로 - 교량,화물,남,37세,상해없음,보행자,남,76세,중상
노인사고,2020102800100369,2020년 10월 28일 15시,수요일,부산광역시 남구 우암동,경상사고,0,0,1,0,차대차 - 추돌,안전운전불이행,건조,맑음,단일로 - 기타,기타불명,남,27세,상해없음,승합,남,60세,상해없음
노인사고,2020102800100408,2020년 10월 28일 16시,수요일,부산광역시 동래구 사직동,중상사고,0,1,0,0,차대사람 - 기타,안전운전불이행,건조,맑음,교차로 - 교차로부근,승합,남,67세,상해없음,보행자,여,76세,중상
노인사고,2020102800100446,2020년 10월 28일 17시,수요일,부산광역시 수영구 광안동,경상사고,0,0,1,0,차대사람 - 기타,보행자보호의무위반,건조,맑음,교차로 - 교차로횡단보도내,화물,남,52세,상해없음,보행자,남,74세,경상
노인사고,2020102800100497,2020년 10월 28일 18시,수요일,부산광역시 사상구 학장동,중상사고,0,2,0,0,차대차 - 측면충돌,안전운전불이행,건조,맑음,교차로 - 교차로안,승합,남,69세,상해없음,승합,남,72세,중상
노인사고,2020102800100632,2020년 10월 28일 21시,수요일,부산광역시 연제구 연산동,경상사고,0,0,2,0,차대차 - 추돌,안전운전불이행,건조,맑음,교차로 - 교차로부근,승용,남,24세,상해없음,승용,남,67세,경상
노인사고,2020102900100042,2020년 10월 29일 04시,목요일,부산광역시 사상구 삼락동,중상사고,0,1,0,0,차대차 - 측면충돌,신호위반,건조,맑음,교차로 - 교차로안,화물,남,56세,상해없음,승용,남,65세,중상
노인사고,2020102900100151,2020년 10월 29일 09시,목요일,부산광역시 연제구 연산동,경상사고,0,0,1,0,차대차 - 측면충돌,교차로운행방법위반,건조,맑음,교차로 - 교차로안,승용,남,64세,상해없음,승용,남,76세,경상
노인사고,2020102900100301,2020년 10월 29일 13시,목요일,부산광역시 기장군 기장읍,중상사고,0,1,0,0,차대사람 - 기타,안전운전불이행,건조,맑음,단일로 - 기타,건설기계,남,50세,상해없음,보행자,여,84세,중상
노인사고,2020102900100339,2020년 10월 29일 14시,목요일,부산광역시 서구 동대신동2가,중상사고,0,1,0,0,차대사람 - 차도통행중,안전운전불이행,건조,맑음,단일로 - 기타,승용,남,68세,상해없음,보행자,여,69세,중상
노인사고,2.0201E+15,2020년 10월 29일 14시,목요일,부산광역시 강서구 송정동,중상사고,0,1,1,0,차대차 - 정면충돌,안전운전불이행,건조,맑음,단일로 - 기타,자전거,남,40세,중상,자전거,남,65세,경상
노인사고,2020102900100377,2020년 10월 29일 15시,목요일,부산광역시 동래구 온천동,경상사고,0,0,1,0,차대사람 - 횡단중,안전운전불이행,건조,맑음,교차로 - 교차로안,승용,여,54세,상해없음,보행자,남,80세,경상
노인사고,2020102900100424,2020년 10월 29일 16시,목요일,부산광역시 연제구 연산동,경상사고,0,0,1,0,차대차 - 기타,안전운전불이행,건조,맑음,단일로 - 기타,특수,남,51세,상해없음,기타불명,남,77세,경상
노인사고,2020102900100524,2020년 10월 29일 18시,목요일,부산광역시 서구 암남동,경상사고,0,0,2,0,차대차 - 추돌,안전운전불이행,건조,맑음,단일로 - 기타,화물,남,77세,경상,승용,남,40세,경상
노인사고,2020102900100529,2020년 10월 29일 18시,목요일,부산광역시 강서구 지사동,중상사고,0,1,0,0,차대차 - 측면충돌,신호위반,건조,맑음,교차로 - 교차로부근,승용,남,42세,상해없음,자전거,남,67세,중상
노인사고,2.0201E+15,2020년 10월 29일 18시,목요일,부산광역시 사상구 주례동,중상사고,0,1,0,0,차대사람 - 횡단중,보행자보호의무위반,건조,맑음,단일로 - 기타,승용,남,34세,상해없음,보행자,여,81세,중상
노인사고,2020102900100699,2020년 10월 29일 22시,목요일,부산광역시 남구 대연동,경상사고,0,0,3,0,차대차 - 측면충돌,안전운전불이행,건조,맑음,교차로 - 교차로안,승용,남,71세,경상,승용,여,33세,경상
노인사고,2.0201E+15,2020년 10월 30일 08시,금요일,부산광역시 부산진구 양정동,중상사고,0,1,3,0,차대차 - 측면충돌,신호위반,건조,맑음,교차로 - 교차로안,승용,여,56세,상해없음,승용,남,44세,경상
노인사고,2020103000100199,2020년 10월 30일 10시,금요일,부산광역시 사하구 신평동,경상사고,0,0,2,0,차대차 - 측면충돌,안전운전불이행,건조,맑음,교차로 - 교차로안,승용,여,24세,상해없음,승용,남,79세,경상
노인사고,2020103000100232,2020년 10월 30일 11시,금요일,부산광역시 금정구 부곡동,중상사고,0,1,0,0,차대사람 - 보도통행중,안전운전불이행,건조,맑음,단일로 - 기타,승용,여,56세,상해없음,보행자,여,65세,중상
노인사고,2020103000100268,2020년 10월 30일 12시,금요일,부산광역시 남구 용호동,경상사고,0,0,1,0,차대사람 - 기타,안전운전불이행,건조,맑음,단일로 - 기타,승합,남,43세,상해없음,보행자,남,66세,경상
노인사고,2.0201E+15,2020년 10월 30일 12시,금요일,부산광역시 동래구 사직동,경상사고,0,0,1,0,차대차 - 기타,신호위반,건조,맑음,단일로 - 기타,승용,남,45세,상해없음,자전거,여,69세,경상
노인사고,2020103000100271,2020년 10월 30일 12시,금요일,부산광역시 금정구 장전동,중상사고,0,2,1,0,차대차 - 기타,신호위반,건조,맑음,교차로 - 교차로안,승용,남,25세,상해없음,승용,남,72세,중상
노인사고,2020103000100393,2020년 10월 30일 15시,금요일,부산광역시 남구 대연동,중상사고,0,1,0,0,차대사람 - 기타,안전운전불이행,건조,맑음,교차로 - 교차로부근,승용,여,25세,상해없음,보행자,여,71세,중상
노인사고,2020103000100492,2020년 10월 30일 17시,금요일,부산광역시 서구 암남동,중상사고,0,2,1,0,차대차 - 측면충돌,중앙선침범,건조,맑음,단일로 - 기타,승용,남,78세,중상,승용,여,28세,중상
노인사고,2020103000100791,2020년 10월 30일 23시,금요일,부산광역시 해운대구 재송동,경상사고,0,0,1,0,차대사람 - 횡단중,신호위반,건조,맑음,교차로 - 교차로부근,이륜,남,36세,상해없음,보행자,여,69세,경상
노인사고,2020103100100126,2020년 10월 31일 09시,토요일,부산광역시 북구 화명동,경상사고,0,0,1,0,차대차 - 기타,안전거리미확보,건조,맑음,단일로 - 기타,승용,남,71세,상해없음,승용,남,65세,경상
노인사고,2020103100100341,2020년 10월 31일 14시,토요일,부산광역시 중구 남포동6가,경상사고,0,0,1,0,차대차 - 측면충돌,안전거리미확보,건조,맑음,교차로 - 교차로부근,승용,남,50세,상해없음,승용,여,66세,경상
노인사고,2020103100100447,2020년 10월 31일 17시,토요일,부산광역시 북구 금곡동,중상사고,0,1,0,0,차량단독 - 기타,안전운전불이행,건조,맑음,단일로 - 기타,승합,남,36세,상해없음,,,,
노인사고,2020103100100448,2020년 10월 31일 17시,토요일,부산광역시 기장군 정관읍,경상사고,0,0,1,0,차대차 - 기타,차로위반,건조,맑음,단일로 - 기타,승용,남,26세,상해없음,승용,남,63세,상해없음
노인사고,2020103100100497,2020년 10월 31일 18시,토요일,부산광역시 서구 토성동3가,경상사고,0,0,1,0,차대차 - 측면충돌,안전운전불이행,건조,맑음,교차로 - 교차로안,자전거,남,72세,경상,승용,남,20세,상해없음
노인사고,2020103100100501,2020년 10월 31일 18시,토요일,부산광역시 연제구 연산동,경상사고,0,0,1,0,차대차 - 기타,신호위반,건조,맑음,교차로 - 교차로안,승용,남,36세,상해없음,승용,남,76세,경상
노인사고,2020103100100658,2020년 10월 31일 22시,토요일,부산광역시 해운대구 우동,경상사고,0,0,6,0,차대차 - 추돌,안전운전불이행,건조,맑음,교차로 - 교차로안,승용,여,50세,상해없음,승용,여,33세,경상
노인사고,2020110100100082,2020년 11월 1일 07시,일요일,부산광역시 강서구 봉림동,중상사고,0,1,1,0,차대차 - 측면충돌,교차로운행방법위반,건조,맑음,교차로 - 교차로안,승용,남,73세,중상,화물,남,52세,경상