사고부문,사고번호,사고일시,요일,시군구,사고내용,사망자수,중상자수,경상자수,부상신고자수,사고유형,법규위반,노면상태,기상상태,도로형태,가해운전자 차종,가해운전자 성별,가해운전자 연령,가해운전자 상해정도,피해운전자 차종,피해운전자 성별,피해운전자 연령,피해운전자 상해정도
노인사고,2020110100100143,2020년 11월 1일 11시,일요일,부산광역시 금정구 부곡동,중상사고,0,1,0,0,차대차 - 기타,안전운전불이행,건조,맑음,기타 - 기타,승용,남,67세,상해없음,승용,여,53세,상해없음
노인사고,2.02011E+15,2020년 11월 1일 12시,일요일,부산광역시 연제구 연산동,중상사고,0,1,2,0,차대차 - 측면충돌,신호위반,건조,맑음,교차로 - 교차로안,승용,남,65세,상해없음,승용,남,71세,중상
노인사고,2020110100100171,2020년 11월 1일 12시,일요일,부산광역시 사상구 모라동,부상신고사고,0,0,0,1,차대사람 - 기타,안전운전불이행,건조,맑음,단일로 - 기타,승용,남,59세,상해없음,보행자,남,77세,부상신고
노인사고,2020110100100338,2020년 11월 1일 17시,일요일,부산광역시 수영구 광안동,중상사고,0,1,0,0,차대사람 - 기타,안전운전불이행,건조,맑음,교차로 - 교차로부근,승용,남,68세,상해없음,보행자,여,70세,중상
노인사고,2020110200100013,2020년 11월 2일 01시,월요일,부산광역시 사하구 하단동,중상사고,0,1,0,0,차대사람 - 횡단중,신호위반,젖음/습기,비,단일로 - 기타,이륜,남,32세,상해없음,보행자,남,65세,중상
노인사고,2020110200100105,2020년 11월 2일 08시,월요일,부산광역시 연제구 연산동,경상사고,0,0,1,0,차대사람 - 길가장자리구역통행중,안전운전불이행,젖음/습기,흐림,단일로 - 기타,승용,여,49세,상해없음,보행자,여,70세,경상
노인사고,2020110200100142,2020년 11월 2일 09시,월요일,부산광역시 서구 서대신동3가,경상사고,0,0,1,0,차대사람 - 횡단중,안전운전불이행,건조,맑음,단일로 - 기타,화물,남,36세,상해없음,보행자,여,82세,경상
노인사고,2020110200100144,2020년 11월 2일 09시,월요일,부산광역시 동래구 수안동,중상사고,0,1,0,1,차대차 - 측면충돌,안전운전불이행,건조,맑음,교차로 - 교차로안,승용,남,21세,부상신고,승용,여,67세,중상
노인사고,2020110200100218,2020년 11월 2일 11시,월요일,부산광역시 기장군 장안읍,경상사고,0,0,1,0,차대차 - 추돌,안전거리미확보,건조,맑음,교차로 - 교차로부근,건설기계,남,62세,상해없음,승용,남,74세,경상
노인사고,2020110200100245,2020년 11월 2일 12시,월요일,부산광역시 수영구 망미동,경상사고,0,0,1,0,차대차 - 기타,교차로운행방법위반,건조,맑음,단일로 - 기타,승용,남,63세,상해없음,자전거,남,72세,경상
노인사고,2020110200100283,2020년 11월 2일 13시,월요일,부산광역시 부산진구 양정동,부상신고사고,0,0,0,1,차대사람 - 차도통행중,안전운전불이행,건조,맑음,교차로 - 교차로안,화물,남,53세,상해없음,보행자,여,67세,부상신고
노인사고,2020110200100315,2020년 11월 2일 14시,월요일,부산광역시 사하구 하단동,경상사고,0,0,1,0,차대사람 - 횡단중,안전운전불이행,건조,맑음,교차로 - 교차로부근,승용,여,58세,상해없음,보행자,여,83세,경상
노인사고,2020110200100316,2020년 11월 2일 14시,월요일,부산광역시 수영구 수영동,경상사고,0,0,2,0,차대사람 - 기타,안전운전불이행,건조,맑음,단일로 - 기타,승용,여,50세,상해없음,보행자,여,80세,경상
노인사고,2020110200100352,2020년 11월 2일 15시,월요일,부산광역시 동래구 온천동,중상사고,0,1,0,0,차대사람 - 횡단중,보행자보호의무위반,건조,맑음,단일로 - 기타,화물,남,45세,상해없음,보행자,남,75세,중상
노인사고,2020110200100479,2020년 11월 2일 18시,월요일,부산광역시 북구 덕천동,부상신고사고,0,0,0,1,차대사람 - 기타,보행자보호의무위반,건조,맑음,교차로 - 교차로안,원동기,남,21세,상해없음,보행자,남,66세,부상신고
노인사고,2020110300100025,2020년 11월 3일 02시,화요일,부산광역시 연제구 연산동,중상사고,0,1,1,0,차대차 - 측면충돌,신호위반,건조,맑음,교차로 - 교차로안,승용,남,35세,상해없음,승용,남,66세,경상
노인사고,2020110300100204,2020년 11월 3일 10시,화요일,부산광역시 금정구 서동,경상사고,0,0,1,0,차대사람 - 길가장자리구역통행중,보행자보호의무위반,건조,맑음,단일로 - 기타,승용,여,53세,상해없음,보행자,남,65세,경상
노인사고,2.02011E+15,2020년 11월 3일 13시,화요일,부산광역시 서구 서대신동1가,중상사고,0,1,0,0,차대차 - 측면충돌,안전운전불이행,건조,맑음,단일로 - 기타,자전거,여,71세,중상,특수,남,58세,상해없음
노인사고,2.02011E+15,2020년 11월 3일 22시,화요일,부산광역시 동구 초량동,중상사고,0,1,0,0,차대사람 - 차도통행중,안전운전불이행,건조,맑음,단일로 - 기타,승용,여,27세,상해없음,보행자,남,66세,중상
노인사고,2020110400100161,2020년 11월 4일 09시,수요일,부산광역시 서구 서대신동2가,경상사고,0,0,1,0,차대사람 - 길가장자리구역통행중,기타,건조,맑음,교차로 - 교차로부근,승용,남,69세,상해없음,보행자,여,66세,경상
노인사고,2020110400100162,2020년 11월 4일 09시,수요일,부산광역시 서구 부민동1가,경상사고,0,0,1,0,차대차 - 측면충돌,안전운전불이행,건조,맑음,교차로 - 교차로안,승용,남,68세,상해없음,승용,여,65세,경상
노인사고,2.02011E+15,2020년 11월 4일 10시,수요일,부산광역시 동래구 안락동,중상사고,0,1,0,0,차대차 - 추돌,안전운전불이행,건조,맑음,단일로 - 기타,승용,여,65세,상해없음,승용,남,67세,중상
노인사고,2020110400100242,2020년 11월 4일 11시,수요일,부산광역시 사상구 학장동,중상사고,0,1,0,0,차대사람 - 횡단중,보행자보호의무위반,건조,맑음,교차로 - 교차로횡단보도내,승용,남,37세,상해없음,보행자,여,78세,중상
노인사고,2.02011E+15,2020년 11월 4일 13시,수요일,부산광역시 부산진구 부암동,경상사고,0,0,1,0,차대차 - 기타,교차로운행방법위반,건조,맑음,교차로 - 교차로안,건설기계,남,44세,상해없음,승용,남,70세,경상
노인사고,2020110400100397,2020년 11월 4일 15시,수요일,부산광역시 기장군 기장읍,사망사고,1,0,0,0,차대사람 - 횡단중,안전운전불이행,건조,맑음,교차로 - 교차로안,건설기계,남,48세,상해없음,보행자,여,80세,사망
노인사고,2.02011E+15,2020년 11월 4일 18시,수요일,부산광역시 남구 우암동,중상사고,0,1,0,1,차대차 - 측면충돌,안전운전불이행,건조,맑음,단일로 - 기타,이륜,남,72세,중상,승용,남,57세,부상신고
노인사고,2020110400100638,2020년 11월 4일 20시,수요일,부산광역시 해운대구 중동,경상사고,0,0,1,0,차대사람 - 차도통행중,안전운전불이행,건조,맑음,교차로 - 교차로안,승용,여,62세,상해없음,보행자,남,84세,경상
노인사고,2020110400100639,2020년 11월 4일 20시,수요일,부산광역시 부산진구 부전동,경상사고,0,0,1,0,차대차 - 측면충돌,안전운전불이행,건조,맑음,교차로 - 교차로부근,건설기계,남,72세,상해없음,승용,여,72세,경상
노인사고,2020110500100175,2020년 11월 5일 10시,목요일,부산광역시 북구 화명동,경상사고,0,0,1,1,차대차 - 기타,교차로운행방법위반,건조,맑음,교차로 - 교차로안,승용,여,67세,부상신고,승용,남,38세,경상
노인사고,2020110500100176,2020년 11월 5일 10시,목요일,부산광역시 금정구 부곡동,경상사고,0,0,1,0,차대차 - 기타,안전거리미확보,건조,맑음,단일로 - 기타,화물,남,44세,상해없음,승합,남,42세,상해없음
노인사고,2020110500100266,2020년 11월 5일 13시,목요일,부산광역시 사하구 장림동,중상사고,0,1,1,0,차대차 - 기타,안전운전불이행,건조,맑음,단일로 - 기타,승용,남,25세,상해없음,승합,남,42세,상해없음
노인사고,2020110500100267,2020년 11월 5일 13시,목요일,부산광역시 사상구 감전동,경상사고,0,0,2,0,차대차 - 측면충돌,신호위반,건조,맑음,교차로 - 교차로안,이륜,남,52세,상해없음,승용,남,73세,경상
노인사고,2020110500100324,2020년 11월 5일 15시,목요일,부산광역시 북구 덕천동,경상사고,0,0,3,0,차대차 - 기타,안전거리미확보,건조,맑음,단일로 - 기타,승용,여,26세,상해없음,승용,여,68세,경상
노인사고,2020110500100457,2020년 11월 5일 18시,목요일,부산광역시 사상구 삼락동,중상사고,0,1,0,0,차대차 - 추돌,안전운전불이행,건조,맑음,단일로 - 기타,원동기,남,73세,중상,농기계,남,33세,상해없음
노인사고,2020110500100519,2020년 11월 5일 19시,목요일,부산광역시 해운대구 재송동,중상사고,0,1,1,0,차대차 - 측면충돌,안전거리미확보,건조,맑음,단일로 - 기타,특수,남,52세,상해없음,승용,여,44세,경상
노인사고,2020110500100569,2020년 11월 5일 20시,목요일,부산광역시 해운대구 반여동,중상사고,0,1,0,0,차대사람 - 기타,안전운전불이행,건조,맑음,단일로 - 기타,승합,남,56세,상해없음,보행자,여,76세,중상
노인사고,2020110500100629,2020년 11월 5일 22시,목요일,부산광역시 해운대구 좌동,중상사고,0,1,2,0,차대차 - 추돌,안전운전불이행,건조,맑음,교차로 - 교차로부근,승용,남,66세,중상,승용,여,49세,경상
노인사고,2.02011E+15,2020년 11월 5일 22시,목요일,부산광역시 부산진구 개금동,경상사고,0,0,3,1,차대차 - 측면충돌,안전거리미확보,건조,맑음,교차로 - 교차로부근,승용,여,36세,상해없음,승용,남,66세,부상신고
노인사고,2.02011E+15,2020년 11월 6일 08시,금요일,부산광역시 서구 충무동1가,중상사고,0,1,0,0,차대차 - 기타,기타,건조,맑음,교차로 - 교차로안,화물,남,62세,상해없음,승합,남,48세,상해없음
노인사고,2020110600100154,2020년 11월 6일 10시,금요일,부산광역시 금정구 노포동,중상사고,0,1,0,0,차대차 - 측면충돌,안전운전불이행,건조,맑음,교차로 - 교차로안,승용,남,70세,상해없음,이륜,남,81세,중상
노인사고,2020110600100155,2020년 11월 6일 10시,금요일,부산광역시 사상구 덕포동,경상사고,0,0,2,0,차대차 - 추돌,안전거리미확보,건조,맑음,단일로 - 기타,승용,남,27세,상해없음,승용,남,32세,경상
노인사고,2020110600100183,2020년 11월 6일 11시,금요일,부산광역시 동래구 명장동,경상사고,0,0,2,0,차대차 - 측면충돌,안전운전불이행,건조,맑음,단일로 - 기타,화물,남,38세,상해없음,승용,남,67세,경상
노인사고,2020110600100295,2020년 11월 6일 15시,금요일,부산광역시 서구 남부민동,중상사고,0,1,0,0,차대사람 - 기타,안전운전불이행,건조,맑음,단일로 - 기타,승용,남,51세,상해없음,보행자,여,79세,중상
노인사고,2020110600100501,2020년 11월 6일 19시,금요일,부산광역시 부산진구 부전동,중상사고,0,1,0,0,차대사람 - 기타,안전운전불이행,건조,맑음,단일로 - 기타,승합,남,42세,상해없음,보행자,남,66세,중상
노인사고,2020110700100008,2020년 11월 7일 00시,토요일,부산광역시 북구 금곡동,경상사고,0,0,3,0,차대차 - 추돌,안전운전불이행,건조,맑음,단일로 - 기타,이륜,남,28세,경상,승용,남,67세,경상
노인사고,2020110700100042,2020년 11월 7일 02시,토요일,부산광역시 연제구 연산동,경상사고,0,0,2,0,차대차 - 측면충돌,신호위반,건조,맑음,교차로 - 교차로안,승용,여,62세,상해없음,승용,남,71세,경상
노인사고,2020110700100142,2020년 11월 7일 10시,토요일,부산광역시 중구 부평동3가,부상신고사고,0,0,0,1,차대차 - 측면충돌,안전운전불이행,건조,맑음,단일로 - 기타,이륜,남,71세,부상신고,승합,남,62세,상해없음
노인사고,2020110700100143,2020년 11월 7일 10시,토요일,부산광역시 사하구 하단동,경상사고,0,0,1,0,차대차 - 후진중충돌,불법유턴,건조,맑음,단일로 - 지하차도(도로)내,승용,남,68세,상해없음,승용,남,65세,경상
노인사고,2020110700100185,2020년 11월 7일 11시,토요일,부산광역시 금정구 두구동,경상사고,0,0,2,0,차대차 - 기타,안전거리미확보,건조,맑음,단일로 - 기타,화물,남,54세,상해없음,승용,여,62세,경상
노인사고,2020110700100232,2020년 11월 7일 12시,토요일,부산광역시 사상구 감전동,중상사고,0,1,0,0,차대차 - 기타,중앙선침범,건조,맑음,기타 - 기타,화물,남,29세,상해없음,승용,남,65세,중상
노인사고,2020110700100353,2020년 11월 7일 15시,토요일,부산광역시 수영구 광안동,경상사고,0,0,2,0,차대차 - 기타,안전운전불이행,건조,맑음,단일로 - 기타,이륜,남,52세,경상,승용,남,70세,경상
노인사고,2020110700100442,2020년 11월 7일 17시,토요일,부산광역시 부산진구 전포동,경상사고,0,0,1,0,차대차 - 측면충돌,안전거리미확보,건조,맑음,교차로 - 교차로안,이륜,남,88세,경상,승용,남,45세,상해없음
노인사고,2020110700100628,2020년 11월 7일 21시,토요일,부산광역시 북구 만덕동,중상사고,0,2,1,0,차대차 - 기타,안전운전불이행,건조,맑음,교차로 - 교차로안,승용,여,27세,상해없음,승용,남,71세,경상
노인사고,2020110800100055,2020년 11월 8일 03시,일요일,부산광역시 연제구 거제동,경상사고,0,0,4,0,차대차 - 측면충돌,신호위반,건조,맑음,교차로 - 교차로부근,승용,남,30세,상해없음,승용,남,66세,경상
노인사고,2020110800100059,2020년 11월 8일 04시,일요일,부산광역시 서구 암남동,중상사고,0,1,0,0,차대사람 - 길가장자리구역통행중,안전운전불이행,건조,맑음,단일로 - 기타,원동기,남,20세,상해없음,보행자,남,72세,중상
노인사고,2020110800100074,2020년 11월 8일 06시,일요일,부산광역시 부산진구 전포동,경상사고,0,0,1,0,차대차 - 추돌,안전운전불이행,건조,맑음,단일로 - 기타,이륜,남,22세,상해없음,승용,남,68세,경상
노인사고,2020110800100252,2020년 11월 8일 14시,일요일,부산광역시 동래구 온천동,사망사고,1,0,0,0,차량단독 - 공작물충돌,안전운전불이행,건조,맑음,단일로 - 기타,이륜,남,81세,사망,,,,
노인사고,2020110900100021,2020년 11월 9일 02시,월요일,부산광역시 해운대구 중동,중상사고,0,1,0,0,차대차 - 측면충돌,신호위반,건조,맑음,교차로 - 교차로안,화물,남,25세,상해없음,승용,여,68세,중상
노인사고,2.02011E+15,2020년 11월 9일 08시,월요일,부산광역시 사상구 학장동,중상사고,0,1,5,0,차대차 - 추돌,안전운전불이행,건조,맑음,단일로 - 기타,화물,남,67세,상해없음,승용,남,49세,중상
노인사고,2020110900100187,2020년 11월 9일 10시,월요일,부산광역시 중구 대청동4가,경상사고,0,0,1,0,차대사람 - 기타,안전운전불이행,건조,맑음,단일로 - 기타,승용,남,49세,상해없음,보행자,남,70세,경상
노인사고,2020110900100258,2020년 11월 9일 12시,월요일,부산광역시 기장군 기장읍,경상사고,0,0,1,0,차대사람 - 횡단중,보행자보호의무위반,건조,맑음,교차로 - 교차로횡단보도내,화물,남,60세,상해없음,보행자,남,65세,경상
노인사고,2020110900100305,2020년 11월 9일 13시,월요일,부산광역시 동구 초량동,경상사고,0,0,2,0,차대차 - 추돌,안전운전불이행,건조,맑음,단일로 - 기타,승용,남,44세,상해없음,승용,여,56세,상해없음
노인사고,2020110900100306,2020년 11월 9일 13시,월요일,부산광역시 동래구 명륜동,경상사고,0,0,2,0,차대차 - 기타,교차로운행방법위반,건조,맑음,교차로 - 교차로안,승용,여,48세,상해없음,승용,남,74세,상해없음
노인사고,2020110900100382,2020년 11월 9일 15시,월요일,부산광역시 기장군 기장읍,경상사고,0,0,3,0,차대차 - 기타,안전운전불이행,건조,맑음,단일로 - 기타,승용,여,61세,상해없음,승합,남,50세,경상
노인사고,2020110900100427,2020년 11월 9일 16시,월요일,부산광역시 사하구 괴정동,부상신고사고,0,0,0,1,차대차 - 기타,안전거리미확보,건조,맑음,단일로 - 기타,승합,남,53세,상해없음,승용,남,72세,상해없음
노인사고,2020110900100619,2020년 11월 9일 20시,월요일,부산광역시 동래구 온천동,경상사고,0,0,2,0,차대차 - 추돌,안전운전불이행,건조,맑음,교차로 - 교차로부근,승용,남,64세,상해없음,승용,남,60세,경상
노인사고,2020111000100046,2020년 11월 10일 05시,화요일,부산광역시 동구 범일동,중상사고,0,1,0,0,차대사람 - 차도통행중,보행자보호의무위반,건조,맑음,단일로 - 기타,승용,남,52세,상해없음,보행자,여,69세,중상
노인사고,2020111000100047,2020년 11월 10일 05시,화요일,부산광역시 서구 충무동1가,경상사고,0,0,1,0,차대사람 - 보도통행중,기타,건조,맑음,교차로 - 교차로부근,기타불명,여,66세,상해없음,보행자,여,70세,경상
노인사고,2020111000100071,2020년 11월 10일 07시,화요일,부산광역시 동래구 안락동,경상사고,0,0,2,0,차대차 - 기타,안전운전불이행,건조,맑음,단일로 - 기타,승용,여,57세,상해없음,승용,남,66세,경상
노인사고,2020111000100102,2020년 11월 10일 08시,화요일,부산광역시 동래구 사직동,경상사고,0,0,1,1,차대차 - 측면충돌,교차로운행방법위반,건조,맑음,교차로 - 교차로안,승용,남,54세,경상,승용,남,70세,부상신고
노인사고,2020111000100155,2020년 11월 10일 09시,화요일,부산광역시 기장군 정관읍,중상사고,0,1,0,0,차대차 - 추돌,안전거리미확보,건조,맑음,단일로 - 기타,승용,남,43세,상해없음,농기계,남,79세,중상
노인사고,2020111000100192,2020년 11월 10일 10시,화요일,부산광역시 부산진구 부전동,경상사고,0,0,1,0,차대차 - 기타,안전운전불이행,건조,맑음,단일로 - 기타,이륜,남,26세,상해없음,승용,남,73세,상해없음
노인사고,2020111000100193,2020년 11월 10일 10시,화요일,부산광역시 연제구 거제동,중상사고,0,1,0,0,차대사람 - 횡단중,안전운전불이행,건조,맑음,단일로 - 기타,승용,여,51세,상해없음,보행자,여,82세,중상
노인사고,2.02011E+15,2020년 11월 10일 11시,화요일,부산광역시 금정구 부곡동,경상사고,0,0,1,0,차대차 - 측면충돌,교차로운행방법위반,건조,맑음,교차로 - 교차로안,승용,여,61세,상해없음,승용,여,67세,경상
노인사고,2020111000100268,2020년 11월 10일 12시,화요일,부산광역시 동구 초량동,경상사고,0,0,1,0,차대사람 - 길가장자리구역통행중,안전운전불이행,건조,맑음,단일로 - 기타,승용,여,57세,상해없음,보행자,여,66세,경상
노인사고,2.02011E+15,2020년 11월 10일 12시,화요일,부산광역시 기장군 기장읍,중상사고,0,1,0,0,차대차 - 기타,신호위반,건조,맑음,교차로 - 교차로안,승용,여,63세,기타불명,승용,여,61세,상해없음
노인사고,2020111000100295,2020년 11월 10일 13시,화요일,부산광역시 부산진구 부전동,경상사고,0,0,1,0,차대사람 - 길가장자리구역통행중,안전운전불이행,건조,맑음,단일로 - 기타,승용,남,70세,상해없음,보행자,남,78세,경상
노인사고,2020111000100338,2020년 11월 10일 14시,화요일,부산광역시 중구 대창동1가,경상사고,0,0,1,0,차대차 - 기타,안전거리미확보,건조,맑음,단일로 - 기타,승용,남,27세,상해없음,이륜,남,66세,경상
노인사고,2020111000100373,2020년 11월 10일 15시,화요일,부산광역시 사하구 하단동,중상사고,0,1,0,0,차대차 - 추돌,안전운전불이행,건조,맑음,단일로 - 지하차도(도로)내,화물,남,70세,중상,건설기계,남,52세,상해없음
노인사고,2020111000100425,2020년 11월 10일 16시,화요일,부산광역시 해운대구 재송동,중상사고,0,1,0,0,차대사람 - 기타,안전운전불이행,건조,맑음,교차로 - 교차로부근,화물,남,27세,상해없음,보행자,여,74세,중상
노인사고,2020111000100542,2020년 11월 10일 18시,화요일,부산광역시 금정구 구서동,경상사고,0,0,1,0,차대사람 - 보도통행중,보행자보호의무위반,건조,맑음,교차로 - 교차로횡단보도내,화물,남,59세,상해없음,보행자,여,67세,경상
노인사고,2020111000100679,2020년 11월 10일 21시,화요일,부산광역시 동래구 온천동,중상사고,0,1,0,0,차대사람 - 기타,안전운전불이행,건조,맑음,단일로 - 기타,승용,남,61세,상해없음,보행자,여,83세,중상
노인사고,2020111100100086,2020년 11월 11일 08시,수요일,부산광역시 서구 동대신동3가,경상사고,0,0,3,1,차대차 - 기타,안전운전불이행,건조,맑음,교차로 - 교차로안,화물,남,73세,부상신고,승용,남,77세,경상
노인사고,2020111100100089,2020년 11월 11일 08시,수요일,부산광역시 사상구 학장동,중상사고,0,1,0,0,차대차 - 기타,안전거리미확보,건조,기타,단일로 - 기타,승용,남,35세,상해없음,자전거,남,83세,중상
노인사고,2.02011E+15,2020년 11월 11일 09시,수요일,부산광역시 금정구 부곡동,경상사고,0,0,1,0,차대차 - 정면충돌,안전운전불이행,건조,맑음,단일로 - 기타,승용,남,45세,상해없음,승용,남,72세,경상
노인사고,2.02011E+15,2020년 11월 11일 11시,수요일,부산광역시 금정구 서동,중상사고,0,1,0,0,차대사람 - 길가장자리구역통행중,안전운전불이행,건조,맑음,교차로 - 교차로안,승용,여,58세,상해없음,보행자,여,70세,중상
노인사고,2020111200100112,2020년 11월 12일 08시,목요일,부산광역시 북구 화명동,중상사고,0,1,0,0,차대사람 - 기타,안전운전불이행,건조,맑음,단일로 - 기타,승합,남,46세,상해없음,보행자,여,78세,중상
노인사고,2020111200100157,2020년 11월 12일 09시,목요일,부산광역시 해운대구 재송동,중상사고,0,2,0,0,차대사람 - 횡단중,신호위반,건조,맑음,단일로 - 기타,이륜,남,24세,상해없음,보행자,여,71세,중상
노인사고,2020111200100317,2020년 11월 12일 14시,목요일,부산광역시 부산진구 부전동,경상사고,0,0,2,0,차대사람 - 차도통행중,안전운전불이행,건조,맑음,단일로 - 기타,승용,남,38세,상해없음,보행자,여,75세,경상
노인사고,2020111200100361,2020년 11월 12일 15시,목요일,부산광역시 남구 대연동,경상사고,0,0,1,0,차대사람 - 기타,안전운전불이행,건조,맑음,단일로 - 기타,승용,남,35세,상해없음,보행자,여,80세,경상
노인사고,2020111200100578,2020년 11월 12일 19시,목요일,부산광역시 해운대구 좌동,중상사고,0,1,0,0,차대사람 - 횡단중,보행자보호의무위반,건조,맑음,교차로 - 교차로안,화물,남,30세,상해없음,보행자,여,66세,중상
노인사고,2.02011E+15,2020년 11월 12일 19시,목요일,부산광역시 부산진구 전포동,경상사고,0,0,2,1,차대차 - 측면충돌,신호위반,건조,맑음,교차로 - 교차로안,이륜,남,45세,부상신고,승용,남,68세,경상
노인사고,2020111300100036,2020년 11월 13일 04시,금요일,부산광역시 금정구 청룡동,경상사고,0,0,1,0,차대사람 - 기타,안전운전불이행,건조,맑음,교차로 - 교차로안,승용,남,40세,상해없음,보행자,여,81세,경상
노인사고,2020111300100101,2020년 11월 13일 08시,금요일,부산광역시 수영구 수영동,부상신고사고,0,0,0,1,차대차 - 측면충돌,차로위반,건조,맑음,기타 - 기타,승용,남,39세,상해없음,승용,남,76세,부상신고
노인사고,2020111300100102,2020년 11월 13일 08시,금요일,부산광역시 사하구 하단동,중상사고,0,1,0,0,차대차 - 기타,안전운전불이행,건조,맑음,단일로 - 기타,화물,남,64세,상해없음,이륜,남,80세,중상
노인사고,2020111300100209,2020년 11월 13일 11시,금요일,부산광역시 연제구 연산동,경상사고,0,0,1,0,차대차 - 기타,안전운전불이행,건조,맑음,단일로 - 기타,화물,남,50세,상해없음,승용,남,65세,경상
노인사고,2.02011E+15,2020년 11월 13일 15시,금요일,부산광역시 북구 화명동,경상사고,0,0,1,0,차대차 - 추돌,안전운전불이행,건조,맑음,단일로 - 지하차도(도로)내,승용,남,55세,상해없음,승용,남,67세,경상
노인사고,2020111300100461,2020년 11월 13일 18시,금요일,부산광역시 사상구 모라동,경상사고,0,0,1,0,차대사람 - 차도통행중,안전운전불이행,건조,맑음,단일로 - 기타,기타불명,기타불명,미분류,기타불명,보행자,남,65세,경상
노인사고,2020111300100463,2020년 11월 13일 18시,금요일,부산광역시 기장군 일광면,사망사고,1,0,2,0,차대차 - 측면충돌,신호위반,건조,맑음,교차로 - 교차로안,사륜오토바이(ATV),남,72세,사망,승용,여,46세,경상
노인사고,2.02011E+15,2020년 11월 14일 05시,토요일,부산광역시 영도구 동삼동,중상사고,0,2,0,0,차대사람 - 횡단중,안전운전불이행,건조,맑음,교차로 - 교차로안,원동기,남,63세,중상,보행자,여,68세,중상
노인사고,2020111400100081,2020년 11월 14일 05시,토요일,부산광역시 부산진구 전포동,경상사고,0,0,1,0,차대차 - 측면충돌,직진우회전진행방해,건조,맑음,교차로 - 교차로안,승용,여,51세,상해없음,자전거,남,73세,경상
노인사고,2020111400100082,2020년 11월 14일 05시,토요일,부산광역시 연제구 연산동,경상사고,0,0,1,0,차대사람 - 횡단중,신호위반,건조,맑음,단일로 - 기타,이륜,남,65세,상해없음,보행자,남,71세,경상
노인사고,2020111400100321,2020년 11월 14일 14시,토요일,부산광역시 부산진구 부전동,경상사고,0,0,1,0,차대차 - 측면충돌,안전거리미확보,건조,맑음,교차로 - 교차로안,승용,남,53세,상해없음,승용,남,66세,경상
노인사고,2.02011E+15,2020년 11월 14일 15시,토요일,부산광역시 강서구 강동동,경상사고,0,0,1,0,차대차 - 측면충돌,안전운전불이행,건조,맑음,단일로 - 기타,건설기계,남,53세,상해없음,승용,남,68세,경상
노인사고,2020111400100445,2020년 11월 14일 17시,토요일,부산광역시 영도구 영선동4가,중상사고,0,1,0,0,차대사람 - 횡단중,보행자보호의무위반,건조,맑음,기타 - 기타,승용,남,57세,상해없음,보행자,남,71세,중상
노인사고,2020111400100499,2020년 11월 14일 18시,토요일,부산광역시 북구 구포동,중상사고,0,1,0,0,차대사람 - 보도통행중,보행자보호의무위반,건조,맑음,교차로 - 교차로횡단보도내,승용,남,64세,상해없음,보행자,여,85세,중상
노인사고,2020111400100571,2020년 11월 14일 20시,토요일,부산광역시 사상구 괘법동,중상사고,0,1,0,0,차대사람 - 기타,안전운전불이행,건조,맑음,단일로 - 기타,승용,여,47세,상해없음,보행자,여,66세,중상
노인사고,2020111400100601,2020년 11월 14일 21시,토요일,부산광역시 북구 화명동,경상사고,0,0,1,0,차대사람 - 보도통행중,기타,건조,맑음,단일로 - 지하차도(도로)내,개인형이동수단(PM),남,14세,상해없음,보행자,여,72세,경상
노인사고,2020111500100015,2020년 11월 15일 02시,일요일,부산광역시 동래구 안락동,경상사고,0,0,5,0,차대차 - 측면충돌,신호위반,건조,맑음,교차로 - 교차로안,승용,남,25세,상해없음,승용,남,65세,경상
노인사고,2020111500100066,2020년 11월 15일 09시,일요일,부산광역시 연제구 연산동,중상사고,0,1,0,0,차대사람 - 차도통행중,안전운전불이행,건조,맑음,교차로 - 교차로안,승용,남,42세,상해없음,보행자,여,80세,중상
노인사고,2020111500100108,2020년 11월 15일 11시,일요일,부산광역시 영도구 남항동1가,경상사고,0,0,1,0,차대차 - 기타,불법유턴,건조,맑음,단일로 - 기타,승용,남,51세,상해없음,자전거,남,78세,경상
노인사고,2020111500100162,2020년 11월 15일 13시,일요일,부산광역시 동래구 온천동,경상사고,0,0,1,0,차대사람 - 횡단중,보행자보호의무위반,건조,맑음,단일로 - 기타,승용,남,42세,상해없음,보행자,남,70세,경상
노인사고,2.02011E+15,2020년 11월 15일 23시,일요일,부산광역시 연제구 연산동,중상사고,0,1,0,0,차대사람 - 길가장자리구역통행중,안전운전불이행,건조,맑음,단일로 - 기타,승용,남,25세,상해없음,보행자,여,74세,중상
노인사고,2020111600100208,2020년 11월 16일 11시,월요일,부산광역시 부산진구 부전동,중상사고,0,1,0,0,차대사람 - 차도통행중,안전운전불이행,건조,맑음,단일로 - 기타,화물,남,64세,상해없음,보행자,여,75세,중상
노인사고,2020111600100288,2020년 11월 16일 13시,월요일,부산광역시 금정구 남산동,중상사고,0,1,0,0,차대차 - 추돌,안전운전불이행,건조,맑음,교차로 - 교차로안,건설기계,남,66세,상해없음,승합,남,67세,중상
노인사고,2020111600100323,2020년 11월 16일 14시,월요일,부산광역시 동래구 온천동,경상사고,0,0,1,0,차대차 - 기타,안전운전불이행,건조,맑음,단일로 - 기타,승용,남,22세,상해없음,승용,여,65세,경상