사고부문,사고번호,사고일시,요일,시군구,사고내용,사망자수,중상자수,경상자수,부상신고자수,사고유형,법규위반,노면상태,기상상태,도로형태,가해운전자 차종,가해운전자 성별,가해운전자 연령,가해운전자 상해정도,피해운전자 차종,피해운전자 성별,피해운전자 연령,피해운전자 상해정도
노인사고,2020111600100498,2020년 11월 16일 18시,월요일,부산광역시 강서구 명지동,중상사고,0,1,0,0,차대차 - 기타,안전거리미확보,건조,맑음,단일로 - 기타,이륜,남,40세,상해없음,승합,남,52세,상해없음
노인사고,2020111700100035,2020년 11월 17일 05시,화요일,부산광역시 부산진구 범천동,중상사고,0,1,0,0,차대사람 - 기타,안전운전불이행,건조,맑음,단일로 - 기타,화물,남,72세,상해없음,보행자,여,77세,중상
노인사고,2020111700100202,2020년 11월 17일 11시,화요일,부산광역시 수영구 광안동,경상사고,0,0,1,0,차대차 - 기타,직진우회전진행방해,건조,맑음,교차로 - 교차로안,화물,남,44세,상해없음,기타불명,여,80세,경상
노인사고,2.02011E+15,2020년 11월 17일 15시,화요일,부산광역시 부산진구 부전동,중상사고,0,1,0,0,차대사람 - 횡단중,안전운전불이행,건조,맑음,단일로 - 기타,이륜,남,22세,상해없음,보행자,여,65세,중상
노인사고,2020111700100358,2020년 11월 17일 16시,화요일,부산광역시 사상구 덕포동,경상사고,0,0,1,0,차대차 - 기타,기타,건조,맑음,단일로 - 기타,승용,남,79세,상해없음,자전거,남,67세,경상
노인사고,2020111700100458,2020년 11월 17일 18시,화요일,부산광역시 남구 대연동,중상사고,0,1,0,0,차대사람 - 횡단중,안전운전불이행,건조,맑음,단일로 - 기타,승용,여,55세,상해없음,보행자,여,67세,중상
노인사고,2020111700100579,2020년 11월 17일 20시,화요일,부산광역시 수영구 광안동,경상사고,0,0,1,1,차대차 - 측면충돌,안전운전불이행,건조,맑음,단일로 - 기타,이륜,남,38세,상해없음,승용,남,28세,부상신고
노인사고,2020111800100054,2020년 11월 18일 06시,수요일,부산광역시 북구 덕천동,경상사고,0,0,4,0,차대차 - 기타,안전운전불이행,건조,맑음,단일로 - 기타,승용,남,33세,상해없음,승용,남,67세,경상
노인사고,2020111800100157,2020년 11월 18일 09시,수요일,부산광역시 부산진구 가야동,중상사고,0,1,0,0,차대사람 - 길가장자리구역통행중,안전운전불이행,건조,맑음,교차로 - 교차로안,화물,남,64세,상해없음,보행자,남,79세,중상
노인사고,2020111800100358,2020년 11월 18일 15시,수요일,부산광역시 영도구 동삼동,중상사고,0,1,0,0,차대사람 - 길가장자리구역통행중,안전운전불이행,건조,맑음,단일로 - 기타,승합,남,61세,상해없음,보행자,여,78세,중상
노인사고,2020111900100033,2020년 11월 19일 02시,목요일,부산광역시 사상구 주례동,경상사고,0,0,1,0,차대사람 - 기타,안전운전불이행,건조,맑음,교차로 - 교차로안,승용,남,60세,상해없음,보행자,남,65세,경상
노인사고,2020111900100105,2020년 11월 19일 07시,목요일,부산광역시 사상구 괘법동,중상사고,0,1,0,0,차대사람 - 기타,보행자보호의무위반,젖음/습기,비,교차로 - 교차로부근,화물,남,44세,상해없음,보행자,여,74세,중상
노인사고,2020111900100147,2020년 11월 19일 08시,목요일,부산광역시 기장군 철마면,경상사고,0,0,8,0,차대차 - 추돌,안전거리미확보,젖음/습기,비,단일로 - 터널,승용,여,48세,경상,화물,남,50세,상해없음
노인사고,2020111900100342,2020년 11월 19일 13시,목요일,부산광역시 해운대구 반송동,중상사고,0,1,0,0,차대사람 - 차도통행중,안전운전불이행,젖음/습기,비,단일로 - 기타,이륜,남,53세,상해없음,보행자,여,75세,중상
노인사고,2020111900100477,2020년 11월 19일 17시,목요일,부산광역시 부산진구 부암동,경상사고,0,0,4,0,차대차 - 정면충돌,신호위반,건조,맑음,교차로 - 교차로안,승용,여,70세,경상,승용,남,68세,경상
노인사고,2020112000100142,2020년 11월 20일 09시,금요일,부산광역시 남구 대연동,경상사고,0,0,6,1,차대차 - 측면충돌,안전거리미확보,건조,맑음,단일로 - 기타,승용,여,54세,상해없음,승용,남,58세,경상
노인사고,2020112000100144,2020년 11월 20일 09시,금요일,부산광역시 동래구 명륜동,중상사고,0,1,0,0,차량단독 - 기타,안전운전불이행,건조,맑음,단일로 - 기타,승합,남,62세,상해없음,,,,
노인사고,2020112000100145,2020년 11월 20일 09시,금요일,부산광역시 금정구 구서동,경상사고,0,0,1,0,차대차 - 기타,보행자보호의무위반,건조,맑음,단일로 - 기타,화물,남,40세,상해없음,자전거,남,76세,경상
노인사고,2020112000100231,2020년 11월 20일 12시,금요일,부산광역시 서구 동대신동3가,중상사고,0,1,0,0,차대사람 - 횡단중,보행자보호의무위반,건조,맑음,단일로 - 기타,승합,남,52세,상해없음,보행자,여,66세,중상
노인사고,2020112000100234,2020년 11월 20일 12시,금요일,부산광역시 수영구 망미동,경상사고,0,0,2,0,차대차 - 기타,안전거리미확보,건조,맑음,단일로 - 기타,화물,남,52세,상해없음,승용,남,70세,경상
노인사고,2020112000100375,2020년 11월 20일 16시,금요일,부산광역시 중구 부평동1가,중상사고,0,2,0,0,차대사람 - 횡단중,보행자보호의무위반,건조,맑음,교차로 - 교차로안,화물,남,46세,상해없음,보행자,여,65세,중상
노인사고,2020112000100421,2020년 11월 20일 17시,금요일,부산광역시 부산진구 양정동,중상사고,0,3,4,0,차대차 - 기타,안전운전불이행,건조,맑음,단일로 - 기타,이륜,남,17세,상해없음,승합,남,47세,상해없음
노인사고,2.02011E+15,2020년 11월 20일 18시,금요일,부산광역시 부산진구 양정동,중상사고,0,2,1,1,차대사람 - 기타,기타,건조,맑음,단일로 - 기타,이륜,남,21세,상해없음,보행자,여,61세,중상
노인사고,2020112000100501,2020년 11월 20일 18시,금요일,부산광역시 사상구 덕포동,중상사고,0,1,0,0,차대차 - 기타,안전운전불이행,건조,맑음,기타 - 기타,이륜,남,63세,상해없음,승용,남,66세,중상
노인사고,2020112000100619,2020년 11월 20일 20시,금요일,부산광역시 금정구 서동,부상신고사고,0,0,0,1,차대사람 - 기타,안전운전불이행,건조,맑음,단일로 - 기타,승용,여,69세,상해없음,보행자,남,65세,부상신고
노인사고,2020112100100073,2020년 11월 21일 06시,토요일,부산광역시 남구 용호동,중상사고,0,1,0,0,차대차 - 기타,안전운전불이행,건조,맑음,기타 - 기타,자전거,남,51세,상해없음,이륜,남,65세,중상
노인사고,2020112100100149,2020년 11월 21일 10시,토요일,부산광역시 금정구 구서동,경상사고,0,0,1,0,차대사람 - 차도통행중,안전운전불이행,건조,맑음,단일로 - 기타,승합,남,43세,상해없음,보행자,여,78세,경상
노인사고,2020112100100256,2020년 11월 21일 13시,토요일,부산광역시 동구 초량동,중상사고,0,1,0,0,차대사람 - 기타,안전운전불이행,건조,흐림,단일로 - 기타,승용,남,38세,상해없음,보행자,남,71세,중상
노인사고,2020112100100299,2020년 11월 21일 14시,토요일,부산광역시 중구 부평동2가,경상사고,0,0,1,0,차량단독 - 기타,기타,건조,맑음,단일로 - 기타,승합,남,36세,상해없음,,,,
노인사고,2020112100100395,2020년 11월 21일 17시,토요일,부산광역시 동구 좌천동,경상사고,0,0,1,0,차대차 - 기타,안전운전불이행,건조,맑음,단일로 - 기타,승용,남,41세,상해없음,승합,남,45세,상해없음
노인사고,2020112100100396,2020년 11월 21일 17시,토요일,부산광역시 서구 남부민동,중상사고,0,1,0,1,차대사람 - 횡단중,안전운전불이행,건조,맑음,단일로 - 기타,이륜,남,37세,부상신고,보행자,여,79세,중상
노인사고,2020112100100399,2020년 11월 21일 17시,토요일,부산광역시 부산진구 부전동,경상사고,0,0,1,0,차대사람 - 기타,안전운전불이행,건조,맑음,단일로 - 기타,승합,남,59세,상해없음,보행자,남,77세,경상
노인사고,2020112200100071,2020년 11월 22일 05시,일요일,부산광역시 해운대구 반여동,중상사고,0,1,0,0,차대차 - 기타,안전운전불이행,건조,맑음,단일로 - 기타,승용,남,52세,상해없음,이륜,남,65세,중상
노인사고,2020112200100081,2020년 11월 22일 06시,일요일,부산광역시 연제구 연산동,경상사고,0,0,1,0,차대차 - 기타,안전운전불이행,건조,맑음,단일로 - 기타,승용,남,69세,상해없음,자전거,남,66세,경상
노인사고,2020112200100169,2020년 11월 22일 13시,일요일,부산광역시 금정구 장전동,사망사고,1,0,0,0,차대차 - 정면충돌,불법유턴,건조,맑음,교차로 - 교차로부근,자전거,남,78세,사망,승용,남,27세,상해없음
노인사고,2.02011E+15,2020년 11월 22일 13시,일요일,부산광역시 기장군 기장읍,중상사고,0,1,0,0,차대사람 - 횡단중,보행자보호의무위반,건조,맑음,교차로 - 교차로부근,승용,여,43세,상해없음,보행자,남,68세,중상
노인사고,2020112200100195,2020년 11월 22일 14시,일요일,부산광역시 동래구 명륜동,경상사고,0,0,1,0,차대차 - 기타,불법유턴,건조,맑음,단일로 - 기타,자전거,남,72세,경상,승용,남,45세,상해없음
노인사고,2020112200100274,2020년 11월 22일 17시,일요일,부산광역시 금정구 회동동,중상사고,0,1,0,0,차대사람 - 횡단중,보행자보호의무위반,건조,맑음,교차로 - 교차로안,승용,여,63세,상해없음,보행자,여,78세,중상
노인사고,2020112200100303,2020년 11월 22일 18시,일요일,부산광역시 부산진구 개금동,중상사고,0,1,0,0,차대사람 - 횡단중,신호위반,건조,맑음,교차로 - 교차로안,승용,여,58세,상해없음,보행자,남,68세,중상
노인사고,2020112200100384,2020년 11월 22일 21시,일요일,부산광역시 연제구 연산동,중상사고,0,1,0,0,차대사람 - 횡단중,과속,건조,맑음,단일로 - 기타,승용,남,59세,상해없음,보행자,여,68세,중상
노인사고,2020112200100408,2020년 11월 22일 22시,일요일,부산광역시 동구 범일동,부상신고사고,0,0,0,1,차대사람 - 기타,기타,건조,맑음,단일로 - 기타,자전거,남,69세,부상신고,보행자,남,55세,상해없음
노인사고,2020112200100418,2020년 11월 22일 23시,일요일,부산광역시 중구 중앙동6가,경상사고,0,0,2,0,차대차 - 측면충돌,신호위반,건조,맑음,교차로 - 교차로부근,이륜,남,64세,상해없음,승용,여,66세,경상
노인사고,2020112300100055,2020년 11월 23일 07시,월요일,부산광역시 부산진구 양정동,중상사고,0,1,0,0,차대차 - 측면충돌,교차로운행방법위반,건조,맑음,교차로 - 교차로안,승용,여,55세,상해없음,자전거,남,73세,중상
노인사고,2020112300100136,2020년 11월 23일 09시,월요일,부산광역시 중구 남포동4가,중상사고,0,1,0,0,차대사람 - 기타,안전운전불이행,건조,맑음,단일로 - 기타,승합,남,60세,상해없음,보행자,남,79세,중상
노인사고,2020112300100137,2020년 11월 23일 09시,월요일,부산광역시 동래구 수안동,중상사고,0,1,0,0,차대차 - 측면충돌,안전운전불이행,건조,맑음,단일로 - 기타,승용,남,26세,상해없음,자전거,남,72세,중상
노인사고,2.02011E+15,2020년 11월 23일 09시,월요일,부산광역시 사상구 괘법동,중상사고,0,3,1,0,차대차 - 측면충돌,안전운전불이행,건조,맑음,교차로 - 교차로부근,승용,남,68세,중상,승용,여,62세,경상
노인사고,2020112300100198,2020년 11월 23일 11시,월요일,부산광역시 부산진구 초읍동,중상사고,0,1,0,0,차량단독 - 기타,기타,건조,맑음,단일로 - 기타,승합,남,51세,상해없음,,,,
노인사고,2020112300100232,2020년 11월 23일 12시,월요일,부산광역시 서구 남부민동,중상사고,0,1,0,0,차대사람 - 길가장자리구역통행중,안전운전불이행,건조,맑음,단일로 - 기타,화물,남,39세,기타불명,보행자,여,76세,중상
노인사고,2020112300100233,2020년 11월 23일 12시,월요일,부산광역시 수영구 남천동,경상사고,0,0,1,0,차대사람 - 횡단중,안전운전불이행,건조,맑음,단일로 - 기타,화물,남,37세,상해없음,보행자,남,73세,경상
노인사고,2020112300100235,2020년 11월 23일 12시,월요일,부산광역시 연제구 연산동,중상사고,0,1,0,0,차대사람 - 기타,안전운전불이행,건조,맑음,단일로 - 기타,승합,남,63세,상해없음,보행자,여,80세,중상
노인사고,2020112300100278,2020년 11월 23일 13시,월요일,부산광역시 금정구 부곡동,중상사고,0,1,4,2,차대차 - 추돌,안전거리미확보,건조,맑음,단일로 - 터널,승용,남,29세,경상,화물,남,30세,부상신고
노인사고,2.02011E+15,2020년 11월 23일 13시,월요일,부산광역시 강서구 명지동,중상사고,0,1,0,0,차대사람 - 횡단중,안전운전불이행,건조,맑음,교차로 - 교차로부근,승용,남,41세,상해없음,보행자,여,67세,중상
노인사고,2020112300100316,2020년 11월 23일 14시,월요일,부산광역시 부산진구 개금동,중상사고,0,1,0,0,차대사람 - 차도통행중,안전운전불이행,건조,맑음,교차로 - 교차로안,승용,남,59세,상해없음,보행자,남,82세,중상
노인사고,2020112400100008,2020년 11월 24일 00시,화요일,부산광역시 중구 중앙동4가,중상사고,0,2,3,0,차대차 - 측면충돌,교차로운행방법위반,건조,맑음,교차로 - 교차로안,승용,남,28세,경상,승용,남,70세,경상
노인사고,2.02011E+15,2020년 11월 24일 09시,화요일,부산광역시 서구 동대신동3가,중상사고,0,1,0,0,차량단독 - 기타,안전운전불이행,건조,맑음,단일로 - 기타,승합,남,48세,상해없음,,,,
노인사고,2020112400100208,2020년 11월 24일 12시,화요일,부산광역시 금정구 금사동,경상사고,0,0,1,0,차대차 - 기타,차로위반,건조,맑음,단일로 - 기타,승용,여,51세,상해없음,화물,남,78세,상해없음
노인사고,2020112400100407,2020년 11월 24일 17시,화요일,부산광역시 부산진구 부전동,경상사고,0,0,1,0,차대사람 - 횡단중,안전운전불이행,건조,맑음,단일로 - 기타,승용,남,37세,상해없음,보행자,남,71세,경상
노인사고,2020112400100451,2020년 11월 24일 18시,화요일,부산광역시 남구 대연동,경상사고,0,0,1,0,차대차 - 기타,안전운전불이행,건조,맑음,단일로 - 기타,승용,남,51세,상해없음,화물,남,65세,경상
노인사고,2020112400100452,2020년 11월 24일 18시,화요일,부산광역시 부산진구 가야동,경상사고,0,0,1,1,차량단독 - 기타,안전운전불이행,건조,맑음,단일로 - 기타,승합,남,48세,상해없음,,,,
노인사고,2020112400100454,2020년 11월 24일 18시,화요일,부산광역시 사하구 다대동,경상사고,0,0,2,0,차대차 - 기타,안전운전불이행,건조,맑음,교차로 - 교차로부근,승용,여,40세,경상,승용,여,65세,경상
노인사고,2020112400100518,2020년 11월 24일 19시,화요일,부산광역시 중구 신창동4가,중상사고,0,1,0,0,차대사람 - 횡단중,안전운전불이행,건조,맑음,단일로 - 기타,이륜,남,48세,상해없음,보행자,여,68세,중상
노인사고,2020112500100015,2020년 11월 25일 03시,수요일,부산광역시 남구 문현동,부상신고사고,0,0,0,1,차대차 - 추돌,안전운전불이행,건조,맑음,단일로 - 기타,승용,남,47세,상해없음,승용,남,65세,부상신고
노인사고,2020112500100114,2020년 11월 25일 09시,수요일,부산광역시 북구 화명동,경상사고,0,0,1,0,차대차 - 기타,신호위반,건조,맑음,교차로 - 교차로안,승용,남,78세,상해없음,승용,남,68세,경상
노인사고,2020112500100115,2020년 11월 25일 09시,수요일,부산광역시 강서구 대저1동,경상사고,0,0,1,1,차대차 - 추돌,안전거리미확보,건조,맑음,단일로 - 기타,특수,남,35세,기타불명,승합,남,65세,상해없음
노인사고,2020112500100142,2020년 11월 25일 10시,수요일,부산광역시 부산진구 당감동,경상사고,0,0,1,0,차량단독 - 기타,안전운전불이행,건조,맑음,기타 - 기타,이륜,남,72세,경상,,,,
노인사고,2020112500100284,2020년 11월 25일 14시,수요일,부산광역시 금정구 부곡동,중상사고,0,1,0,0,차대사람 - 횡단중,보행자보호의무위반,건조,맑음,교차로 - 교차로부근,승용,여,39세,상해없음,보행자,남,81세,중상
노인사고,2020112500100598,2020년 11월 25일 22시,수요일,부산광역시 동래구 수안동,중상사고,0,1,0,0,차대사람 - 횡단중,보행자보호의무위반,건조,맑음,교차로 - 교차로안,승용,남,67세,상해없음,보행자,남,66세,중상
노인사고,2020112600100047,2020년 11월 26일 06시,목요일,부산광역시 해운대구 우동,중상사고,0,1,0,0,차대사람 - 횡단중,보행자보호의무위반,건조,맑음,단일로 - 기타,승용,남,34세,상해없음,보행자,남,72세,중상
노인사고,2020112600100096,2020년 11월 26일 08시,목요일,부산광역시 사하구 다대동,중상사고,0,1,0,0,차대사람 - 보도통행중,안전운전불이행,건조,맑음,단일로 - 기타,이륜,남,66세,상해없음,보행자,남,68세,중상
노인사고,2020112600100154,2020년 11월 26일 10시,목요일,부산광역시 강서구 대저2동,중상사고,0,1,0,0,차대차 - 기타,안전운전불이행,건조,맑음,단일로 - 기타,화물,남,30세,상해없음,승용,남,69세,중상
노인사고,2020112600100243,2020년 11월 26일 13시,목요일,부산광역시 금정구 서동,중상사고,0,1,0,0,차대사람 - 길가장자리구역통행중,안전운전불이행,건조,맑음,교차로 - 교차로안,승용,남,67세,상해없음,보행자,여,81세,중상
노인사고,2020112600100427,2020년 11월 26일 18시,목요일,부산광역시 연제구 연산동,경상사고,0,0,3,0,차대차 - 기타,교차로운행방법위반,건조,맑음,교차로 - 교차로부근,승용,남,25세,기타불명,승용,남,69세,경상
노인사고,2020112600100535,2020년 11월 26일 20시,목요일,부산광역시 강서구 범방동,경상사고,0,0,5,0,차대차 - 추돌,안전운전불이행,건조,맑음,단일로 - 기타,특수,남,59세,상해없음,승용,남,68세,경상
노인사고,2020112700100123,2020년 11월 27일 10시,금요일,부산광역시 북구 구포동,부상신고사고,0,0,0,1,차대사람 - 기타,안전운전불이행,건조,맑음,단일로 - 기타,화물,남,48세,상해없음,보행자,남,66세,부상신고
노인사고,2020112700100124,2020년 11월 27일 10시,금요일,부산광역시 북구 구포동,경상사고,0,0,1,0,차량단독 - 기타,기타,건조,맑음,교차로 - 교차로안,승합,남,62세,상해없음,,,,
노인사고,2020112700100148,2020년 11월 27일 11시,금요일,부산광역시 동구 수정동,중상사고,0,1,0,0,차대사람 - 기타,안전운전불이행,건조,맑음,단일로 - 기타,승용,남,57세,상해없음,보행자,여,72세,중상
노인사고,2020112700100151,2020년 11월 27일 11시,금요일,부산광역시 강서구 죽동동,경상사고,0,0,1,0,차대차 - 기타,중앙선침범,건조,맑음,단일로 - 기타,자전거,여,74세,경상,화물,남,63세,상해없음
노인사고,2020112700100279,2020년 11월 27일 15시,금요일,부산광역시 강서구 송정동,경상사고,0,0,2,1,차대차 - 측면충돌,교차로운행방법위반,건조,맑음,교차로 - 교차로안,화물,남,40세,상해없음,화물,남,66세,경상
노인사고,2020112700100321,2020년 11월 27일 16시,금요일,부산광역시 동래구 사직동,경상사고,0,0,4,0,차대차 - 추돌,안전운전불이행,건조,맑음,단일로 - 기타,승용,남,70세,상해없음,승합,남,65세,경상
노인사고,2020112700100323,2020년 11월 27일 16시,금요일,부산광역시 해운대구 반여동,경상사고,0,0,1,0,차대차 - 기타,안전운전불이행,건조,맑음,단일로 - 기타,화물,남,31세,상해없음,이륜,남,65세,경상
노인사고,2020112700100324,2020년 11월 27일 16시,금요일,부산광역시 부산진구 당감동,경상사고,0,0,1,0,차대차 - 측면충돌,안전운전불이행,건조,맑음,단일로 - 기타,화물,남,55세,상해없음,자전거,남,80세,경상
노인사고,2020112700100326,2020년 11월 27일 16시,금요일,부산광역시 연제구 연산동,경상사고,0,0,1,0,차대사람 - 횡단중,신호위반,건조,맑음,단일로 - 기타,승용,여,64세,상해없음,보행자,여,69세,경상
노인사고,2020112700100513,2020년 11월 27일 19시,금요일,부산광역시 사하구 다대동,경상사고,0,0,1,0,차대차 - 기타,안전운전불이행,건조,맑음,단일로 - 지하차도(도로)내,자전거,남,74세,경상,승용,남,68세,상해없음
노인사고,2020112800100022,2020년 11월 28일 02시,토요일,부산광역시 부산진구 양정동,중상사고,0,2,2,0,차대차 - 측면충돌,신호위반,건조,맑음,교차로 - 교차로안,승용,남,26세,기타불명,승용,남,69세,경상
노인사고,2020112800100076,2020년 11월 28일 09시,토요일,부산광역시 동래구 명륜동,부상신고사고,0,0,0,1,차대사람 - 기타,안전운전불이행,건조,맑음,기타 - 기타,자전거,여,71세,상해없음,보행자,여,73세,부상신고
노인사고,2020112800100175,2020년 11월 28일 12시,토요일,부산광역시 동래구 안락동,경상사고,0,0,1,0,차대사람 - 기타,안전운전불이행,건조,맑음,단일로 - 기타,승용,남,81세,상해없음,보행자,여,74세,경상
노인사고,2020112800100272,2020년 11월 28일 14시,토요일,부산광역시 해운대구 좌동,경상사고,0,0,1,0,차대차 - 측면충돌,안전운전불이행,건조,맑음,단일로 - 기타,승용,여,52세,상해없음,자전거,남,89세,경상
노인사고,2020112800100351,2020년 11월 28일 16시,토요일,부산광역시 기장군 정관읍,경상사고,0,0,2,0,차대차 - 추돌,신호위반,건조,맑음,교차로 - 교차로안,승용,남,60세,경상,화물,남,74세,경상
노인사고,2.02011E+15,2020년 11월 28일 18시,토요일,부산광역시 사상구 감전동,중상사고,0,1,0,0,차대사람 - 차도통행중,안전운전불이행,건조,맑음,단일로 - 기타,화물,남,38세,기타불명,보행자,남,74세,중상
노인사고,2020112900100068,2020년 11월 29일 08시,일요일,부산광역시 금정구 금성동,중상사고,0,1,3,0,차대차 - 기타,중앙선침범,건조,맑음,기타 - 기타,이륜,남,61세,경상,승합,남,63세,상해없음
노인사고,2020112900100076,2020년 11월 29일 09시,일요일,부산광역시 사하구 하단동,경상사고,0,0,1,0,차량단독 - 기타,안전운전불이행,건조,맑음,단일로 - 기타,승합,남,41세,상해없음,,,,
노인사고,2020112900100173,2020년 11월 29일 14시,일요일,부산광역시 남구 대연동,경상사고,0,0,3,0,차대차 - 기타,교차로운행방법위반,건조,맑음,교차로 - 교차로안,승용,남,39세,상해없음,승용,남,53세,경상
노인사고,2020112900100258,2020년 11월 29일 17시,일요일,부산광역시 수영구 남천동,경상사고,0,0,2,0,차대차 - 측면충돌,안전거리미확보,건조,맑음,교차로 - 교차로부근,승용,남,23세,상해없음,승용,남,65세,경상
노인사고,2020112900100259,2020년 11월 29일 17시,일요일,부산광역시 동래구 안락동,중상사고,0,1,0,0,차대사람 - 기타,안전운전불이행,건조,맑음,교차로 - 교차로횡단보도내,승용,남,36세,상해없음,보행자,남,79세,중상
노인사고,2020113000100001,2020년 11월 30일 00시,월요일,부산광역시 사상구 덕포동,경상사고,0,0,1,0,차대차 - 측면충돌,차로위반,건조,맑음,단일로 - 기타,승용,남,56세,상해없음,승용,남,72세,경상
노인사고,2020113000100167,2020년 11월 30일 10시,월요일,부산광역시 남구 대연동,경상사고,0,0,2,0,차대차 - 측면충돌,직진우회전진행방해,건조,맑음,교차로 - 교차로안,승합,남,66세,경상,승용,남,73세,경상
노인사고,2020113000100197,2020년 11월 30일 11시,월요일,부산광역시 중구 중앙동4가,중상사고,0,1,0,0,차대차 - 기타,안전운전불이행,건조,맑음,단일로 - 기타,특수,남,52세,상해없음,이륜,남,73세,중상
노인사고,2020113000100298,2020년 11월 30일 14시,월요일,부산광역시 강서구 명지동,경상사고,0,0,1,0,차대차 - 기타,안전운전불이행,건조,맑음,교차로 - 교차로안,승용,남,74세,상해없음,이륜,남,82세,경상
노인사고,2.02011E+15,2020년 11월 30일 14시,월요일,부산광역시 사상구 엄궁동,경상사고,0,0,1,0,차대차 - 기타,안전운전불이행,건조,맑음,단일로 - 기타,승용,남,30세,상해없음,승합,남,51세,상해없음
노인사고,2020113000100333,2020년 11월 30일 15시,월요일,부산광역시 동래구 안락동,경상사고,0,0,1,0,차대차 - 기타,안전운전불이행,건조,맑음,단일로 - 기타,승용,남,83세,상해없음,승합,남,59세,상해없음
노인사고,2020113000100423,2020년 11월 30일 17시,월요일,부산광역시 해운대구 중동,중상사고,0,1,0,0,차대사람 - 길가장자리구역통행중,기타,건조,맑음,단일로 - 기타,이륜,남,46세,상해없음,보행자,여,67세,중상
노인사고,2020113000100425,2020년 11월 30일 17시,월요일,부산광역시 연제구 연산동,경상사고,0,0,1,0,차대사람 - 기타,안전운전불이행,건조,맑음,단일로 - 기타,승합,남,69세,상해없음,보행자,남,79세,경상
노인사고,2020113000100539,2020년 11월 30일 19시,월요일,부산광역시 북구 만덕동,경상사고,0,0,5,0,차대차 - 기타,안전운전불이행,건조,맑음,교차로 - 교차로부근,승용,여,50세,상해없음,승용,여,40세,경상
노인사고,2020113000100574,2020년 11월 30일 20시,월요일,부산광역시 사상구 모라동,경상사고,0,0,1,0,차대차 - 측면충돌,신호위반,건조,맑음,교차로 - 교차로안,승용,남,34세,상해없음,승용,남,66세,경상
노인사고,2020120100100131,2020년 12월 1일 09시,화요일,부산광역시 남구 대연동,중상사고,0,1,0,0,차대사람 - 횡단중,안전운전불이행,건조,맑음,단일로 - 기타,승용,남,21세,상해없음,보행자,여,68세,중상
노인사고,2.02012E+15,2020년 12월 1일 12시,화요일,부산광역시 금정구 부곡동,경상사고,0,0,3,0,차대차 - 측면충돌,안전거리미확보,건조,맑음,단일로 - 기타,승용,남,69세,경상,승용,남,44세,경상
노인사고,2020120100100318,2020년 12월 1일 14시,화요일,부산광역시 부산진구 부암동,중상사고,0,1,0,0,차대차 - 기타,안전운전불이행,건조,맑음,단일로 - 기타,승용,남,71세,중상,건설기계,남,54세,상해없음
노인사고,2020120100100445,2020년 12월 1일 17시,화요일,부산광역시 동래구 온천동,경상사고,0,0,1,0,차대사람 - 기타,안전운전불이행,건조,맑음,단일로 - 기타,승용,여,25세,상해없음,보행자,남,71세,경상
노인사고,2020120100100494,2020년 12월 1일 18시,화요일,부산광역시 금정구 서동,중상사고,0,1,0,0,차대사람 - 기타,안전운전불이행,건조,맑음,단일로 - 기타,승용,여,30세,상해없음,보행자,여,82세,중상
노인사고,2020120100100573,2020년 12월 1일 20시,화요일,부산광역시 수영구 망미동,중상사고,0,1,0,0,차대사람 - 횡단중,보행자보호의무위반,건조,맑음,교차로 - 교차로부근,승용,여,23세,상해없음,보행자,여,66세,중상
노인사고,2.02012E+15,2020년 12월 2일 03시,수요일,부산광역시 중구 중앙동4가,경상사고,0,0,2,0,차대차 - 측면충돌,신호위반,건조,맑음,교차로 - 교차로안,승용,여,70세,경상,화물,남,63세,경상
노인사고,2020120200100011,2020년 12월 2일 03시,수요일,부산광역시 부산진구 당감동,중상사고,0,1,0,0,차대차 - 측면충돌,신호위반,건조,맑음,교차로 - 교차로안,이륜,남,79세,상해없음,화물,남,45세,상해없음
노인사고,2020120200100066,2020년 12월 2일 08시,수요일,부산광역시 서구 남부민동,중상사고,0,1,0,0,차대사람 - 기타,안전운전불이행,건조,맑음,단일로 - 기타,승합,남,39세,상해없음,보행자,남,68세,중상
노인사고,2020120200100067,2020년 12월 2일 08시,수요일,부산광역시 동래구 사직동,경상사고,0,0,3,0,차대차 - 측면충돌,교차로운행방법위반,건조,맑음,교차로 - 교차로안,승용,여,62세,경상,승용,남,70세,경상
노인사고,2020120200100238,2020년 12월 2일 14시,수요일,부산광역시 동구 범일동,경상사고,0,0,1,0,차량단독 - 기타,안전운전불이행,건조,맑음,단일로 - 기타,승합,남,60세,상해없음,,,,
노인사고,2020120200100275,2020년 12월 2일 15시,수요일,부산광역시 부산진구 당감동,경상사고,0,0,1,0,차대사람 - 기타,안전운전불이행,건조,맑음,단일로 - 기타,화물,남,54세,상해없음,보행자,남,80세,경상
노인사고,2020120200100396,2020년 12월 2일 18시,수요일,부산광역시 부산진구 양정동,중상사고,0,1,2,1,차대차 - 기타,안전운전불이행,건조,맑음,교차로 - 교차로부근,승용,남,30세,부상신고,승용,여,45세,경상
노인사고,2020120200100397,2020년 12월 2일 18시,수요일,부산광역시 부산진구 부암동,중상사고,0,1,0,0,차대사람 - 횡단중,안전운전불이행,건조,맑음,단일로 - 기타,이륜,남,58세,상해없음,보행자,여,78세,중상