사고부문,사고번호,사고일시,요일,시군구,사고내용,사망자수,중상자수,경상자수,부상신고자수,사고유형,법규위반,노면상태,기상상태,도로형태,가해운전자 차종,가해운전자 성별,가해운전자 연령,가해운전자 상해정도,피해운전자 차종,피해운전자 성별,피해운전자 연령,피해운전자 상해정도
노인사고,2020122700100097,2020년 12월 27일 14시,일요일,부산광역시 부산진구 전포동,중상사고,0,1,0,0,차대사람 - 횡단중,신호위반,건조,맑음,교차로 - 교차로횡단보도내,원동기,남,17세,상해없음,보행자,여,70세,중상
노인사고,2020122800100022,2020년 12월 28일 05시,월요일,부산광역시 부산진구 부전동,중상사고,0,1,0,0,차대사람 - 기타,안전운전불이행,건조,맑음,교차로 - 교차로안,화물,남,56세,상해없음,보행자,남,74세,중상
노인사고,2.02012E+15,2020년 12월 28일 06시,월요일,부산광역시 금정구 장전동,경상사고,0,0,1,0,차대차 - 추돌,안전운전불이행,건조,맑음,단일로 - 기타,승용,남,29세,상해없음,승용,남,76세,경상
노인사고,2020122800100111,2020년 12월 28일 09시,월요일,부산광역시 기장군 철마면,중상사고,0,2,0,0,차대차 - 측면충돌,안전운전불이행,서리/결빙,흐림,단일로 - 기타,승용,남,46세,상해없음,승용,여,66세,중상
노인사고,2.02012E+15,2020년 12월 28일 12시,월요일,부산광역시 사상구 괘법동,부상신고사고,0,0,0,1,차대차 - 측면충돌,안전거리미확보,건조,맑음,단일로 - 기타,이륜,남,76세,부상신고,승용,남,34세,상해없음
노인사고,2020122800100277,2020년 12월 28일 14시,월요일,부산광역시 동구 수정동,중상사고,0,1,0,0,차대사람 - 기타,안전운전불이행,건조,맑음,교차로 - 교차로안,승용,남,59세,상해없음,보행자,남,71세,중상
노인사고,2020122800100315,2020년 12월 28일 15시,월요일,부산광역시 중구 영주동,경상사고,0,0,1,0,차대사람 - 횡단중,보행자보호의무위반,건조,맑음,교차로 - 교차로안,승용,남,75세,상해없음,보행자,남,68세,경상
노인사고,2020122800100318,2020년 12월 28일 15시,월요일,부산광역시 부산진구 양정동,경상사고,0,0,2,0,차대차 - 기타,안전거리미확보,건조,맑음,교차로 - 교차로안,승용,여,38세,상해없음,승용,여,33세,경상
노인사고,2020122800100384,2020년 12월 28일 17시,월요일,부산광역시 동래구 수안동,중상사고,0,1,0,0,차대사람 - 차도통행중,안전운전불이행,건조,맑음,교차로 - 교차로안,승용,여,59세,기타불명,보행자,여,66세,중상
노인사고,2020122800100387,2020년 12월 28일 17시,월요일,부산광역시 수영구 수영동,경상사고,0,0,1,1,차대차 - 측면충돌,안전운전불이행,건조,맑음,교차로 - 교차로안,승용,남,70세,상해없음,승용,여,32세,부상신고
노인사고,2020122800100434,2020년 12월 28일 18시,월요일,부산광역시 서구 아미동2가,중상사고,0,1,0,0,차대사람 - 차도통행중,안전운전불이행,건조,맑음,교차로 - 교차로부근,승합,남,41세,상해없음,보행자,여,73세,중상
노인사고,2020122800100435,2020년 12월 28일 18시,월요일,부산광역시 북구 구포동,경상사고,0,0,1,0,차대사람 - 기타,안전운전불이행,건조,맑음,교차로 - 교차로횡단보도내,승용,여,38세,상해없음,보행자,남,80세,경상
노인사고,2020122800100558,2020년 12월 28일 23시,월요일,부산광역시 중구 보수동1가,중상사고,0,1,0,0,차대사람 - 횡단중,안전운전불이행,건조,맑음,단일로 - 기타,이륜,남,41세,상해없음,보행자,여,85세,중상
노인사고,2020122900100141,2020년 12월 29일 13시,화요일,부산광역시 동구 범일동,부상신고사고,0,0,0,1,차대차 - 기타,안전거리미확보,건조,맑음,기타 - 기타,승용,여,64세,상해없음,승합,남,42세,상해없음
노인사고,2020122900100144,2020년 12월 29일 13시,화요일,부산광역시 연제구 연산동,경상사고,0,0,1,0,차대사람 - 기타,안전운전불이행,건조,맑음,단일로 - 기타,승용,남,61세,상해없음,보행자,여,82세,경상
노인사고,2020122900100224,2020년 12월 29일 16시,화요일,부산광역시 동래구 온천동,경상사고,0,0,2,0,차대차 - 측면충돌,차로위반,건조,맑음,단일로 - 기타,승용,남,60세,상해없음,승용,남,65세,경상
노인사고,2020122900100262,2020년 12월 29일 17시,화요일,부산광역시 강서구 대저1동,경상사고,0,0,1,0,차대차 - 측면충돌,안전운전불이행,건조,맑음,교차로 - 교차로부근,승용,남,60세,상해없음,자전거,여,76세,경상
노인사고,2.02012E+15,2020년 12월 29일 18시,화요일,부산광역시 해운대구 반여동,중상사고,0,1,0,0,차대사람 - 길가장자리구역통행중,안전운전불이행,건조,맑음,교차로 - 교차로안,화물,남,63세,상해없음,보행자,여,69세,중상
노인사고,2020122900100301,2020년 12월 29일 18시,화요일,부산광역시 부산진구 부암동,경상사고,0,0,1,0,차대사람 - 차도통행중,안전운전불이행,건조,맑음,교차로 - 교차로안,승용,남,62세,상해없음,보행자,여,72세,경상
노인사고,2020122900100357,2020년 12월 29일 19시,화요일,부산광역시 사상구 감전동,중상사고,0,1,1,0,차대차 - 추돌,안전운전불이행,젖음/습기,비,단일로 - 기타,승합,남,55세,상해없음,승용,남,68세,경상
노인사고,2020122900100422,2020년 12월 29일 21시,화요일,부산광역시 북구 구포동,경상사고,0,0,3,0,차대차 - 추돌,안전운전불이행,건조,맑음,단일로 - 지하차도(도로)내,승용,남,38세,상해없음,승용,남,68세,경상
노인사고,2020123000100002,2020년 12월 30일 00시,수요일,부산광역시 부산진구 범천동,중상사고,0,1,2,0,차대차 - 추돌,안전운전불이행,젖음/습기,비,단일로 - 기타,승용,남,35세,상해없음,승용,남,49세,경상
노인사고,2020123000100139,2020년 12월 30일 11시,수요일,부산광역시 연제구 연산동,중상사고,0,1,0,0,차대차 - 정면충돌,교차로운행방법위반,건조,맑음,교차로 - 교차로안,승용,남,67세,상해없음,이륜,남,73세,중상
노인사고,2.02012E+15,2020년 12월 30일 17시,수요일,부산광역시 기장군 정관읍,부상신고사고,0,0,0,1,차대차 - 정면충돌,기타,건조,맑음,단일로 - 기타,이륜,남,20세,상해없음,자전거,여,70세,부상신고
노인사고,2020123100100049,2020년 12월 31일 08시,목요일,부산광역시 부산진구 가야동,경상사고,0,0,1,0,차대차 - 측면충돌,신호위반,건조,맑음,교차로 - 교차로안,승용,남,83세,상해없음,승합,남,65세,경상
노인사고,2020123100100216,2020년 12월 31일 14시,목요일,부산광역시 금정구 회동동,경상사고,0,0,2,0,차대차 - 기타,안전운전불이행,건조,맑음,단일로 - 기타,승용,여,35세,상해없음,승용,여,40세,경상
노인사고,2020123100100246,2020년 12월 31일 15시,목요일,부산광역시 사하구 다대동,경상사고,0,0,3,0,차대사람 - 기타,안전운전불이행,건조,맑음,단일로 - 지하차도(도로)내,승용,남,53세,상해없음,보행자,여,39세,경상
노인사고,2020123100100456,2020년 12월 31일 19시,목요일,부산광역시 수영구 광안동,중상사고,0,1,0,0,차대사람 - 차도통행중,안전운전불이행,건조,맑음,교차로 - 교차로안,승용,남,33세,상해없음,보행자,여,74세,중상
노인사고,2020123100100502,2020년 12월 31일 20시,목요일,부산광역시 사하구 당리동,경상사고,0,0,1,0,차대사람 - 횡단중,보행자보호의무위반,건조,맑음,단일로 - 기타,이륜,남,60세,상해없음,보행자,남,67세,경상
노인사고,2021010100100161,2021년 1월 1일 18시,금요일,부산광역시 기장군 장안읍,경상사고,0,0,2,0,차대차 - 측면충돌,안전운전불이행,건조,맑음,단일로 - 교량,승용,남,55세,상해없음,화물,남,68세,경상
노인사고,2021010200100001,2021년 1월 2일 00시,토요일,부산광역시 동구 초량동,경상사고,0,0,2,1,차대차 - 측면충돌,신호위반,건조,맑음,단일로 - 기타,승용,남,73세,경상,이륜,남,16세,경상
노인사고,2021010200100011,2021년 1월 2일 02시,토요일,부산광역시 영도구 영선동1가,중상사고,0,1,1,0,차대차 - 측면충돌,신호위반,건조,맑음,교차로 - 교차로안,승용,남,32세,상해없음,승용,남,69세,경상
노인사고,2021010200100178,2021년 1월 2일 14시,토요일,부산광역시 동래구 온천동,부상신고사고,0,0,0,1,차대차 - 기타,안전운전불이행,건조,맑음,기타 - 기타,자전거,남,72세,부상신고,승용,남,35세,상해없음
노인사고,2021010200100209,2021년 1월 2일 15시,토요일,부산광역시 남구 용호동,경상사고,0,0,1,0,차대사람 - 기타,안전운전불이행,건조,맑음,기타 - 기타,승용,남,44세,상해없음,보행자,여,66세,경상
노인사고,2.02101E+15,2021년 1월 2일 19시,토요일,부산광역시 금정구 부곡동,경상사고,0,0,2,0,차대차 - 정면충돌,중앙선침범,건조,맑음,교차로 - 교차로부근,승용,남,41세,상해없음,승용,남,67세,경상
노인사고,2021010200100388,2021년 1월 2일 21시,토요일,부산광역시 부산진구 양정동,부상신고사고,0,0,0,1,차대사람 - 횡단중,안전운전불이행,건조,맑음,교차로 - 교차로안,승용,남,28세,상해없음,보행자,남,75세,부상신고
노인사고,2021010200100389,2021년 1월 2일 21시,토요일,부산광역시 연제구 연산동,경상사고,0,0,1,0,차대사람 - 횡단중,안전운전불이행,건조,맑음,단일로 - 기타,승용,남,47세,상해없음,보행자,남,72세,경상
노인사고,2.02101E+15,2021년 1월 2일 21시,토요일,부산광역시 사상구 학장동,경상사고,0,0,1,0,차대사람 - 기타,안전운전불이행,건조,맑음,교차로 - 교차로부근,승용,남,30세,상해없음,보행자,남,66세,경상
노인사고,2021010300100113,2021년 1월 3일 15시,일요일,부산광역시 서구 충무동1가,중상사고,0,1,0,0,차대사람 - 기타,안전운전불이행,건조,맑음,교차로 - 교차로부근,승용,남,73세,상해없음,보행자,여,70세,중상
노인사고,2.02101E+15,2021년 1월 4일 11시,월요일,부산광역시 영도구 봉래동1가,경상사고,0,0,2,0,차대차 - 기타,안전운전불이행,건조,맑음,교차로 - 교차로부근,승용,남,67세,경상,화물,남,60세,경상
노인사고,2021010400100205,2021년 1월 4일 15시,월요일,부산광역시 금정구 부곡동,경상사고,0,0,1,0,차대사람 - 차도통행중,안전운전불이행,건조,맑음,단일로 - 기타,승용,여,29세,상해없음,보행자,여,65세,경상
노인사고,2021010400100258,2021년 1월 4일 17시,월요일,부산광역시 남구 감만동,중상사고,0,1,0,0,차대차 - 측면충돌,신호위반,건조,맑음,교차로 - 교차로안,특수,남,67세,상해없음,원동기,남,65세,중상
노인사고,2021010400100294,2021년 1월 4일 18시,월요일,부산광역시 서구 아미동2가,중상사고,0,1,0,0,차대사람 - 횡단중,보행자보호의무위반,건조,맑음,교차로 - 교차로횡단보도내,이륜,남,58세,상해없음,보행자,여,82세,중상
노인사고,2021010400100339,2021년 1월 4일 19시,월요일,부산광역시 동구 범일동,중상사고,0,1,0,0,차대사람 - 횡단중,신호위반,건조,맑음,교차로 - 교차로횡단보도내,승용,여,57세,상해없음,보행자,여,73세,중상
노인사고,2021010400100341,2021년 1월 4일 19시,월요일,부산광역시 영도구 신선동3가,중상사고,0,1,0,0,차대사람 - 기타,안전운전불이행,건조,맑음,단일로 - 기타,이륜,남,21세,상해없음,보행자,남,80세,중상
노인사고,2021010400100343,2021년 1월 4일 19시,월요일,부산광역시 해운대구 반여동,경상사고,0,0,1,0,차대사람 - 길가장자리구역통행중,안전운전불이행,건조,맑음,단일로 - 기타,승용,남,45세,상해없음,보행자,남,66세,경상
노인사고,2021010400100344,2021년 1월 4일 19시,월요일,부산광역시 부산진구 가야동,경상사고,0,0,1,0,차대사람 - 기타,안전운전불이행,건조,맑음,단일로 - 기타,화물,남,63세,상해없음,보행자,남,65세,경상
노인사고,2021010500100041,2021년 1월 5일 08시,화요일,부산광역시 동래구 온천동,경상사고,0,0,1,0,차대사람 - 기타,보행자보호의무위반,건조,맑음,단일로 - 기타,승용,남,68세,상해없음,보행자,여,66세,경상
노인사고,2021010500100355,2021년 1월 5일 19시,화요일,부산광역시 사하구 하단동,중상사고,0,1,1,0,차대차 - 측면충돌,신호위반,건조,맑음,단일로 - 지하차도(도로)내,승용,남,58세,상해없음,승용,남,67세,경상
노인사고,2.02101E+15,2021년 1월 6일 06시,수요일,부산광역시 사상구 엄궁동,경상사고,0,0,1,0,차대사람 - 기타,안전운전불이행,건조,맑음,교차로 - 교차로부근,건설기계,남,53세,상해없음,보행자,여,69세,경상
노인사고,2021010600100115,2021년 1월 6일 10시,수요일,부산광역시 동래구 사직동,경상사고,0,0,1,0,차대사람 - 기타,안전운전불이행,건조,맑음,단일로 - 기타,승용,여,48세,기타불명,보행자,여,66세,경상
노인사고,2021010600100116,2021년 1월 6일 10시,수요일,부산광역시 금정구 구서동,중상사고,0,1,0,0,차대사람 - 기타,기타,건조,맑음,단일로 - 기타,승용,여,49세,상해없음,보행자,남,75세,중상
노인사고,2021010600100247,2021년 1월 6일 15시,수요일,부산광역시 해운대구 좌동,경상사고,0,0,1,0,차대사람 - 기타,안전운전불이행,건조,맑음,기타 - 기타,화물,남,47세,상해없음,보행자,여,80세,경상
노인사고,2021010700100124,2021년 1월 7일 11시,목요일,부산광역시 금정구 노포동,경상사고,0,0,1,0,차대차 - 기타,안전거리미확보,건조,맑음,단일로 - 기타,승합,남,63세,상해없음,승합,남,38세,상해없음
노인사고,2021010700100231,2021년 1월 7일 15시,목요일,부산광역시 강서구 명지동,사망사고,1,0,0,0,차대사람 - 횡단중,신호위반,건조,맑음,단일로 - 기타,건설기계,남,72세,상해없음,보행자,여,73세,사망
노인사고,2021010800100045,2021년 1월 8일 08시,금요일,부산광역시 사상구 학장동,중상사고,0,1,2,0,차대차 - 추돌,안전운전불이행,건조,맑음,단일로 - 기타,화물,남,63세,상해없음,승용,남,68세,중상
노인사고,2021010800100132,2021년 1월 8일 12시,금요일,부산광역시 동구 초량동,경상사고,0,0,2,0,차대차 - 기타,차로위반,건조,맑음,단일로 - 기타,화물,남,60세,상해없음,승합,남,49세,상해없음
노인사고,2021010800100212,2021년 1월 8일 14시,금요일,부산광역시 기장군 기장읍,경상사고,0,0,1,0,차대사람 - 횡단중,보행자보호의무위반,건조,맑음,교차로 - 교차로안,승용,여,67세,상해없음,보행자,여,72세,경상
노인사고,2021010800100281,2021년 1월 8일 16시,금요일,부산광역시 동래구 낙민동,경상사고,0,0,1,0,차대차 - 측면충돌,직진우회전진행방해,건조,맑음,교차로 - 교차로안,승용,여,65세,상해없음,승용,여,69세,경상
노인사고,2021010800100344,2021년 1월 8일 18시,금요일,부산광역시 사하구 다대동,중상사고,0,1,0,0,차대차 - 기타,안전운전불이행,건조,기타,교차로 - 교차로부근,이륜,남,66세,중상,승용,남,43세,상해없음
노인사고,2021010900100002,2021년 1월 9일 00시,토요일,부산광역시 연제구 연산동,중상사고,0,2,1,0,차대차 - 측면충돌,신호위반,건조,맑음,교차로 - 교차로안,승용,남,63세,상해없음,승용,남,75세,중상
노인사고,2021010900100012,2021년 1월 9일 02시,토요일,부산광역시 부산진구 개금동,중상사고,0,1,1,0,차대차 - 측면충돌,신호위반,건조,맑음,교차로 - 교차로안,화물,남,67세,경상,화물,남,49세,중상
노인사고,2021010900100038,2021년 1월 9일 08시,토요일,부산광역시 남구 감만동,중상사고,0,1,0,0,차대사람 - 기타,안전운전불이행,건조,맑음,단일로 - 기타,이륜,남,55세,상해없음,보행자,여,67세,중상
노인사고,2021010900100101,2021년 1월 9일 11시,토요일,부산광역시 금정구 장전동,경상사고,0,0,2,0,차대차 - 추돌,안전거리미확보,건조,맑음,단일로 - 기타,승용,여,75세,상해없음,승용,남,66세,경상
노인사고,2021010900100102,2021년 1월 9일 11시,토요일,부산광역시 수영구 수영동,경상사고,0,0,1,0,차대사람 - 횡단중,안전운전불이행,건조,맑음,교차로 - 교차로안,승용,여,52세,상해없음,보행자,여,73세,경상
노인사고,2021010900100267,2021년 1월 9일 16시,토요일,부산광역시 수영구 망미동,경상사고,0,0,4,0,차대차 - 측면충돌,교차로운행방법위반,건조,맑음,교차로 - 교차로안,승용,남,54세,상해없음,승용,남,38세,경상
노인사고,2021010900100268,2021년 1월 9일 16시,토요일,부산광역시 기장군 정관읍,중상사고,0,1,2,0,차대차 - 기타,교차로운행방법위반,건조,맑음,교차로 - 교차로안,승용,여,70세,상해없음,승용,여,37세,경상
노인사고,2021011000100037,2021년 1월 10일 10시,일요일,부산광역시 동래구 복천동,중상사고,0,2,0,0,차대사람 - 차도통행중,보행자보호의무위반,건조,맑음,단일로 - 기타,승용,여,63세,상해없음,보행자,여,80세,중상
노인사고,2.02101E+15,2021년 1월 10일 12시,일요일,부산광역시 수영구 남천동,경상사고,0,0,1,0,차대차 - 측면충돌,안전운전불이행,건조,맑음,단일로 - 기타,승용,남,21세,상해없음,승용,남,70세,경상
노인사고,2021011000100323,2021년 1월 10일 21시,일요일,부산광역시 강서구 강동동,부상신고사고,0,0,0,1,차량단독 - 기타,안전운전불이행,건조,맑음,기타 - 기타,이륜,남,67세,부상신고,,,,
노인사고,2021011100100014,2021년 1월 11일 06시,월요일,부산광역시 사하구 감천동,경상사고,0,0,1,0,차대사람 - 횡단중,안전운전불이행,건조,맑음,단일로 - 기타,승용,남,73세,상해없음,보행자,남,76세,경상
노인사고,2.02101E+15,2021년 1월 11일 07시,월요일,부산광역시 서구 서대신동3가,중상사고,0,1,0,0,차대사람 - 횡단중,안전운전불이행,건조,맑음,교차로 - 교차로부근,승용,남,49세,상해없음,보행자,여,70세,중상
노인사고,2021011100100267,2021년 1월 11일 15시,월요일,부산광역시 부산진구 전포동,경상사고,0,0,1,0,차대사람 - 횡단중,보행자보호의무위반,건조,맑음,교차로 - 교차로횡단보도내,화물,남,27세,상해없음,보행자,남,68세,경상
노인사고,2021011100100268,2021년 1월 11일 15시,월요일,부산광역시 수영구 망미동,경상사고,0,0,1,0,차대차 - 측면충돌,신호위반,건조,맑음,단일로 - 기타,승용,남,54세,상해없음,화물,남,73세,경상
노인사고,2021011100100303,2021년 1월 11일 16시,월요일,부산광역시 북구 구포동,경상사고,0,0,1,0,차대사람 - 기타,안전운전불이행,건조,맑음,단일로 - 기타,승용,남,58세,상해없음,보행자,여,73세,경상
노인사고,2021011100100358,2021년 1월 11일 18시,월요일,부산광역시 동래구 사직동,경상사고,0,0,1,0,차대사람 - 기타,안전운전불이행,건조,맑음,단일로 - 기타,승용,여,47세,상해없음,보행자,여,68세,경상
노인사고,2021011200100027,2021년 1월 12일 07시,화요일,부산광역시 서구 아미동2가,경상사고,0,0,1,0,차대차 - 추돌,안전운전불이행,건조,맑음,교차로 - 교차로부근,화물,남,59세,상해없음,승용,남,76세,경상
노인사고,2021011200100096,2021년 1월 12일 10시,화요일,부산광역시 사상구 학장동,경상사고,0,0,2,1,차대차 - 기타,안전운전불이행,건조,맑음,교차로 - 교차로안,승용,남,66세,경상,화물,남,36세,부상신고
노인사고,2021011200100149,2021년 1월 12일 12시,화요일,부산광역시 수영구 수영동,경상사고,0,0,1,0,차대사람 - 기타,안전운전불이행,건조,맑음,단일로 - 기타,승용,남,63세,상해없음,보행자,여,79세,경상
노인사고,2.02101E+15,2021년 1월 12일 15시,화요일,부산광역시 부산진구 부전동,경상사고,0,0,1,0,차량단독 - 기타,안전운전불이행,건조,맑음,기타 - 기타,승합,남,60세,상해없음,,,,
노인사고,2.02101E+15,2021년 1월 13일 11시,수요일,부산광역시 동구 범일동,경상사고,0,0,2,0,차대차 - 측면충돌,교차로운행방법위반,건조,맑음,교차로 - 교차로안,승용,남,41세,경상,승용,남,67세,경상
노인사고,2021011300100197,2021년 1월 13일 13시,수요일,부산광역시 수영구 광안동,중상사고,0,1,0,0,차대차 - 측면충돌,신호위반,건조,맑음,단일로 - 기타,승용,여,25세,상해없음,자전거,남,67세,중상
노인사고,2021011300100198,2021년 1월 13일 13시,수요일,부산광역시 사하구 감천동,경상사고,0,0,2,0,차대차 - 추돌,안전운전불이행,건조,맑음,단일로 - 기타,승용,여,40세,경상,승용,남,73세,경상
노인사고,2021011300100252,2021년 1월 13일 15시,수요일,부산광역시 기장군 기장읍,중상사고,0,1,0,0,차대사람 - 횡단중,보행자보호의무위반,건조,맑음,교차로 - 교차로횡단보도내,화물,남,55세,상해없음,보행자,남,75세,중상
노인사고,2021011400100216,2021년 1월 14일 12시,목요일,부산광역시 연제구 연산동,경상사고,0,0,1,0,차대차 - 측면충돌,신호위반,건조,맑음,교차로 - 교차로안,승용,여,40세,상해없음,승용,남,75세,경상
노인사고,2021011400100281,2021년 1월 14일 14시,목요일,부산광역시 수영구 광안동,경상사고,0,0,1,0,차대차 - 추돌,안전운전불이행,건조,맑음,교차로 - 교차로안,승용,여,60세,상해없음,승용,남,68세,경상
노인사고,2021011400100318,2021년 1월 14일 15시,목요일,부산광역시 강서구 명지동,중상사고,0,1,0,0,차대차 - 추돌,안전거리미확보,건조,맑음,단일로 - 기타,화물,남,70세,상해없음,화물,남,70세,중상
노인사고,2.02101E+15,2021년 1월 14일 17시,목요일,부산광역시 남구 문현동,중상사고,0,1,0,0,차대사람 - 기타,안전운전불이행,건조,맑음,단일로 - 기타,승합,남,68세,상해없음,보행자,여,78세,중상
노인사고,2021011400100434,2021년 1월 14일 18시,목요일,부산광역시 사하구 다대동,중상사고,0,2,1,0,차대사람 - 기타,안전운전불이행,건조,맑음,교차로 - 교차로부근,승용,남,71세,상해없음,보행자,남,73세,중상
노인사고,2021011400100538,2021년 1월 14일 20시,목요일,부산광역시 남구 우암동,중상사고,0,1,0,0,차대사람 - 기타,안전운전불이행,건조,맑음,단일로 - 기타,승용,남,52세,상해없음,보행자,여,71세,중상
노인사고,2021011400100615,2021년 1월 14일 22시,목요일,부산광역시 동구 좌천동,경상사고,0,0,2,0,차대차 - 측면충돌,신호위반,건조,맑음,교차로 - 교차로안,이륜,남,23세,상해없음,승용,남,67세,경상
노인사고,2.02101E+15,2021년 1월 15일 10시,금요일,부산광역시 서구 부용동2가,경상사고,0,0,5,1,차대차 - 추돌,기타,건조,맑음,교차로 - 교차로안,승용,남,34세,경상,승용,남,67세,부상신고
노인사고,2021011500100204,2021년 1월 15일 13시,금요일,부산광역시 북구 화명동,중상사고,0,1,0,0,차대사람 - 기타,중앙선침범,건조,맑음,단일로 - 기타,승용,여,46세,상해없음,보행자,남,81세,중상
노인사고,2021011500100245,2021년 1월 15일 14시,금요일,부산광역시 남구 용호동,경상사고,0,0,1,0,차대차 - 측면충돌,안전운전불이행,건조,맑음,교차로 - 교차로횡단보도내,자전거,남,72세,경상,이륜,남,86세,상해없음
노인사고,2021011500100396,2021년 1월 15일 18시,금요일,부산광역시 금정구 부곡동,중상사고,0,1,0,0,차대사람 - 기타,안전운전불이행,건조,맑음,교차로 - 교차로안,승용,남,36세,상해없음,보행자,남,68세,중상
노인사고,2021011500100522,2021년 1월 15일 20시,금요일,부산광역시 해운대구 석대동,경상사고,0,0,2,0,차대차 - 측면충돌,안전운전불이행,건조,맑음,교차로 - 교차로부근,승용,여,52세,상해없음,승용,여,60세,경상
노인사고,2021011500100595,2021년 1월 15일 22시,금요일,부산광역시 사상구 괘법동,중상사고,0,1,0,0,차대사람 - 횡단중,안전운전불이행,건조,맑음,단일로 - 기타,승용,남,36세,상해없음,보행자,여,72세,중상
노인사고,2021011600100035,2021년 1월 16일 06시,토요일,부산광역시 중구 중앙동4가,부상신고사고,0,0,0,1,차대차 - 측면충돌,안전운전불이행,건조,맑음,교차로 - 교차로안,화물,남,67세,부상신고,특수,남,39세,상해없음
노인사고,2021011600100121,2021년 1월 16일 12시,토요일,부산광역시 강서구 명지동,부상신고사고,0,0,0,1,차대사람 - 기타,기타,건조,맑음,단일로 - 기타,승합,남,50세,상해없음,보행자,남,83세,부상신고
노인사고,2.02101E+15,2021년 1월 16일 14시,토요일,부산광역시 수영구 수영동,중상사고,0,1,0,0,차대사람 - 기타,안전운전불이행,건조,맑음,교차로 - 교차로안,화물,남,62세,상해없음,보행자,남,73세,중상
노인사고,2021011700100136,2021년 1월 17일 15시,일요일,부산광역시 수영구 광안동,경상사고,0,0,1,0,차대차 - 측면충돌,직진우회전진행방해,건조,맑음,교차로 - 교차로안,승용,남,61세,상해없음,승용,남,70세,경상
노인사고,2021011800100018,2021년 1월 18일 06시,월요일,부산광역시 동구 수정동,경상사고,0,0,1,0,차대사람 - 횡단중,안전운전불이행,건조,맑음,교차로 - 교차로안,승합,남,48세,상해없음,보행자,여,67세,경상
노인사고,2021011800100019,2021년 1월 18일 06시,월요일,부산광역시 사상구 주례동,중상사고,0,2,0,0,차대차 - 측면충돌,교차로운행방법위반,건조,맑음,교차로 - 교차로안,화물,남,57세,상해없음,승용,남,76세,중상
노인사고,2021011800100022,2021년 1월 18일 07시,월요일,부산광역시 강서구 식만동,경상사고,0,0,1,0,차대차 - 측면충돌,안전운전불이행,건조,맑음,단일로 - 기타,승용,남,36세,상해없음,승용,남,67세,경상
노인사고,2021011800100207,2021년 1월 18일 15시,월요일,부산광역시 수영구 민락동,경상사고,0,0,2,0,차대차 - 측면충돌,안전거리미확보,젖음/습기,맑음,기타 - 기타,승용,남,72세,경상,승용,남,33세,경상
노인사고,2021011900100023,2021년 1월 19일 05시,화요일,부산광역시 서구 남부민동,중상사고,0,1,0,0,차대차 - 추돌,안전운전불이행,건조,맑음,교차로 - 교차로부근,승용,남,31세,상해없음,원동기,남,68세,중상
노인사고,2021011900100104,2021년 1월 19일 09시,화요일,부산광역시 해운대구 우동,경상사고,0,0,2,0,차대차 - 기타,교차로운행방법위반,건조,맑음,교차로 - 교차로부근,승용,남,81세,상해없음,승용,여,70세,경상
노인사고,2021011900100139,2021년 1월 19일 10시,화요일,부산광역시 동래구 사직동,중상사고,0,1,0,0,차량단독 - 기타,안전운전불이행,건조,맑음,단일로 - 기타,승합,남,62세,상해없음,,,,
노인사고,2021011900100171,2021년 1월 19일 11시,화요일,부산광역시 동구 초량동,부상신고사고,0,0,0,1,차대차 - 추돌,안전운전불이행,건조,맑음,단일로 - 기타,이륜,남,65세,부상신고,화물,남,48세,상해없음
노인사고,2021011900100269,2021년 1월 19일 14시,화요일,부산광역시 부산진구 범천동,부상신고사고,0,0,0,1,차량단독 - 기타,안전운전불이행,건조,맑음,단일로 - 기타,승용,남,66세,부상신고,,,,
노인사고,2021012000100034,2021년 1월 20일 06시,수요일,부산광역시 서구 아미동2가,경상사고,0,0,2,0,차대차 - 측면충돌,중앙선침범,건조,맑음,단일로 - 기타,화물,남,61세,상해없음,승용,남,72세,경상
노인사고,2021012000100153,2021년 1월 20일 10시,수요일,부산광역시 연제구 연산동,중상사고,0,1,0,0,차대사람 - 기타,안전운전불이행,건조,맑음,교차로 - 교차로안,화물,남,59세,상해없음,보행자,여,84세,중상
노인사고,2.02101E+15,2021년 1월 20일 11시,수요일,부산광역시 금정구 부곡동,경상사고,0,0,2,0,차대차 - 기타,안전운전불이행,건조,맑음,단일로 - 터널,승용,여,40세,상해없음,화물,남,41세,경상
노인사고,2021012000100236,2021년 1월 20일 12시,수요일,부산광역시 북구 금곡동,경상사고,0,0,1,0,차대사람 - 횡단중,안전운전불이행,건조,맑음,단일로 - 지하차도(도로)내,이륜,남,48세,상해없음,보행자,여,81세,경상
노인사고,2021012000100368,2021년 1월 20일 16시,수요일,부산광역시 강서구 신호동,경상사고,0,0,4,0,차대차 - 추돌,안전거리미확보,건조,맑음,단일로 - 기타,승용,남,42세,상해없음,승용,남,68세,경상
노인사고,2021012000100369,2021년 1월 20일 16시,수요일,부산광역시 강서구 봉림동,경상사고,0,0,1,0,차대차 - 기타,안전운전불이행,건조,맑음,단일로 - 기타,화물,남,56세,상해없음,승용,남,65세,경상
노인사고,2.02101E+15,2021년 1월 20일 19시,수요일,부산광역시 영도구 청학동,경상사고,0,0,1,0,차대차 - 기타,안전거리미확보,건조,맑음,단일로 - 기타,승용,남,49세,상해없음,승합,남,53세,상해없음
노인사고,2021012100100012,2021년 1월 21일 04시,목요일,부산광역시 부산진구 당감동,중상사고,0,1,0,0,차대사람 - 기타,안전운전불이행,건조,맑음,기타 - 기타,승합,남,38세,상해없음,보행자,남,87세,중상