사고부문,사고번호,사고일시,요일,시군구,사고내용,사망자수,중상자수,경상자수,부상신고자수,사고유형,법규위반,노면상태,기상상태,도로형태,가해운전자 차종,가해운전자 성별,가해운전자 연령,가해운전자 상해정도,피해운전자 차종,피해운전자 성별,피해운전자 연령,피해운전자 상해정도
노인사고,2021012100100264,2021년 1월 21일 14시,목요일,부산광역시 사하구 다대동,경상사고,0,0,1,0,차대차 - 기타,안전운전불이행,건조,맑음,교차로 - 교차로안,승용,남,65세,상해없음,자전거,남,68세,경상
노인사고,2021012100100317,2021년 1월 21일 16시,목요일,부산광역시 강서구 미음동,경상사고,0,0,2,0,차대차 - 측면충돌,안전운전불이행,건조,맑음,교차로 - 교차로안,승용,여,56세,경상,승용,남,43세,상해없음
노인사고,2021012100100348,2021년 1월 21일 17시,목요일,부산광역시 사하구 장림동,경상사고,0,0,1,0,차대사람 - 횡단중,보행자보호의무위반,건조,맑음,교차로 - 교차로부근,승용,여,60세,상해없음,보행자,여,77세,경상
노인사고,2021012100100387,2021년 1월 21일 18시,목요일,부산광역시 동구 범일동,사망사고,1,0,0,0,차대사람 - 횡단중,안전운전불이행,젖음/습기,비,단일로 - 기타,승합,남,56세,상해없음,보행자,남,69세,사망
노인사고,2021012100100459,2021년 1월 21일 19시,목요일,부산광역시 연제구 연산동,경상사고,0,0,1,0,차대사람 - 횡단중,보행자보호의무위반,젖음/습기,비,단일로 - 기타,승용,남,56세,상해없음,보행자,여,73세,경상
노인사고,2.02101E+15,2021년 1월 22일 06시,금요일,부산광역시 사상구 덕포동,중상사고,0,1,0,0,차대사람 - 횡단중,신호위반,젖음/습기,비,교차로 - 교차로횡단보도내,승용,남,44세,상해없음,보행자,여,69세,중상
노인사고,2021012200100067,2021년 1월 22일 08시,금요일,부산광역시 해운대구 반송동,중상사고,0,1,0,0,차대사람 - 기타,안전운전불이행,젖음/습기,흐림,교차로 - 교차로횡단보도내,화물,남,52세,상해없음,보행자,남,79세,중상
노인사고,2021012200100089,2021년 1월 22일 09시,금요일,부산광역시 북구 만덕동,중상사고,0,1,0,0,차대차 - 측면충돌,안전거리미확보,건조,맑음,단일로 - 기타,승용,남,45세,상해없음,승용,남,74세,중상
노인사고,2021012200100135,2021년 1월 22일 11시,금요일,부산광역시 강서구 명지동,경상사고,0,0,1,0,차대차 - 기타,기타,건조,맑음,단일로 - 기타,화물,남,49세,상해없음,승용,남,75세,경상
노인사고,2021012200100204,2021년 1월 22일 14시,금요일,부산광역시 중구 대청동4가,중상사고,0,1,0,0,차대차 - 측면충돌,중앙선침범,건조,맑음,교차로 - 교차로횡단보도내,자전거,남,74세,중상,이륜,남,48세,상해없음
노인사고,2021012200100441,2021년 1월 22일 19시,금요일,부산광역시 서구 토성동4가,중상사고,0,1,1,0,차대차 - 측면충돌,신호위반,건조,맑음,교차로 - 교차로안,승용,남,44세,상해없음,승용,남,65세,경상
노인사고,2.02101E+15,2021년 1월 23일 12시,토요일,부산광역시 동래구 온천동,경상사고,0,0,1,0,차대사람 - 차도통행중,안전운전불이행,젖음/습기,비,단일로 - 기타,승용,남,49세,상해없음,보행자,여,72세,경상
노인사고,2021012300100143,2021년 1월 23일 12시,토요일,부산광역시 연제구 연산동,경상사고,0,0,2,0,차대차 - 기타,안전거리미확보,건조,맑음,교차로 - 교차로안,화물,남,31세,상해없음,승용,남,30세,경상
노인사고,2021012300100303,2021년 1월 23일 17시,토요일,부산광역시 사상구 엄궁동,중상사고,0,1,0,0,차대사람 - 차도통행중,안전운전불이행,건조,맑음,교차로 - 교차로안,승용,남,39세,상해없음,보행자,여,77세,중상
노인사고,2021012400100061,2021년 1월 24일 10시,일요일,부산광역시 부산진구 부전동,중상사고,0,1,0,0,차대사람 - 기타,안전운전불이행,건조,맑음,단일로 - 기타,건설기계,남,38세,상해없음,보행자,여,69세,중상
노인사고,2021012500100262,2021년 1월 25일 14시,월요일,부산광역시 사하구 하단동,경상사고,0,0,1,0,차대차 - 측면충돌,안전거리미확보,건조,맑음,단일로 - 기타,건설기계,남,51세,상해없음,승용,남,69세,경상
노인사고,2.02101E+15,2021년 1월 25일 18시,월요일,부산광역시 동래구 온천동,중상사고,0,1,1,0,차대차 - 정면충돌,신호위반,건조,맑음,교차로 - 교차로안,이륜,남,43세,중상,승용,남,68세,경상
노인사고,2021012500100533,2021년 1월 25일 21시,월요일,부산광역시 연제구 연산동,경상사고,0,0,1,0,차대차 - 추돌,안전거리미확보,건조,맑음,교차로 - 교차로안,승용,남,20세,상해없음,승용,남,66세,경상
노인사고,2021012600100001,2021년 1월 26일 00시,화요일,부산광역시 해운대구 재송동,경상사고,0,0,2,0,차대차 - 측면충돌,안전운전불이행,젖음/습기,비,단일로 - 기타,승용,여,52세,상해없음,승용,남,72세,경상
노인사고,2.02101E+15,2021년 1월 26일 05시,화요일,부산광역시 부산진구 연지동,중상사고,0,1,0,0,차대차 - 기타,안전운전불이행,젖음/습기,비,단일로 - 기타,화물,남,50세,상해없음,자전거,남,78세,중상
노인사고,2021012600100116,2021년 1월 26일 09시,화요일,부산광역시 북구 덕천동,경상사고,0,0,1,0,차대차 - 기타,안전운전불이행,젖음/습기,비,단일로 - 기타,승합,남,60세,상해없음,승용,여,65세,경상
노인사고,2021012600100196,2021년 1월 26일 12시,화요일,부산광역시 서구 서대신동3가,중상사고,0,1,0,0,차대사람 - 횡단중,보행자보호의무위반,젖음/습기,비,교차로 - 교차로안,화물,남,51세,기타불명,보행자,남,68세,중상
노인사고,2021012600100392,2021년 1월 26일 18시,화요일,부산광역시 부산진구 부전동,경상사고,0,0,1,0,차대사람 - 기타,보행자보호의무위반,젖음/습기,비,교차로 - 교차로안,승용,남,35세,상해없음,보행자,여,66세,경상
노인사고,2021012700100027,2021년 1월 27일 06시,수요일,부산광역시 동래구 안락동,중상사고,0,1,0,0,차대차 - 기타,안전운전불이행,건조,맑음,단일로 - 기타,승용,남,51세,상해없음,기타불명,여,73세,중상
노인사고,2021012700100061,2021년 1월 27일 08시,수요일,부산광역시 서구 동대신동3가,경상사고,0,0,1,0,차대사람 - 횡단중,안전운전불이행,건조,맑음,교차로 - 교차로부근,승용,남,75세,상해없음,보행자,여,66세,경상
노인사고,2021012700100161,2021년 1월 27일 12시,수요일,부산광역시 중구 영주동,중상사고,0,1,0,0,차대사람 - 보도통행중,보행자보호의무위반,건조,맑음,단일로 - 기타,화물,남,27세,상해없음,보행자,여,82세,중상
노인사고,2021012700100163,2021년 1월 27일 12시,수요일,부산광역시 연제구 연산동,부상신고사고,0,0,0,1,차량단독 - 기타,안전운전불이행,건조,맑음,단일로 - 기타,자전거,남,80세,부상신고,,,,
노인사고,2021012700100291,2021년 1월 27일 16시,수요일,부산광역시 부산진구 당감동,경상사고,0,0,1,0,차대사람 - 차도통행중,안전운전불이행,건조,맑음,단일로 - 기타,승용,여,58세,상해없음,보행자,여,79세,경상
노인사고,2021012800100102,2021년 1월 28일 10시,목요일,부산광역시 동구 좌천동,경상사고,0,0,1,0,차대차 - 측면충돌,안전거리미확보,건조,맑음,단일로 - 기타,승용,남,56세,상해없음,승용,남,65세,경상
노인사고,2021012800100219,2021년 1월 28일 13시,목요일,부산광역시 남구 용호동,중상사고,0,1,0,0,차대사람 - 차도통행중,안전운전불이행,건조,맑음,교차로 - 교차로안,승용,여,73세,상해없음,보행자,여,68세,중상
노인사고,2021012800100221,2021년 1월 28일 13시,목요일,부산광역시 동래구 온천동,경상사고,0,0,1,0,차대사람 - 횡단중,보행자보호의무위반,건조,맑음,교차로 - 교차로안,이륜,남,32세,상해없음,보행자,여,66세,경상
노인사고,2021012900100037,2021년 1월 29일 06시,금요일,부산광역시 부산진구 범천동,중상사고,0,1,0,0,차량단독 - 기타,안전운전불이행,건조,맑음,기타 - 기타,이륜,남,69세,중상,,,,
노인사고,2021012900100153,2021년 1월 29일 10시,금요일,부산광역시 동구 범일동,경상사고,0,0,2,1,차대차 - 측면충돌,교차로운행방법위반,건조,맑음,교차로 - 교차로안,승용,남,83세,부상신고,승용,남,63세,경상
노인사고,2021012900100154,2021년 1월 29일 10시,금요일,부산광역시 북구 화명동,중상사고,0,1,0,0,차대차 - 기타,차로위반,건조,맑음,단일로 - 기타,승합,남,69세,상해없음,승합,남,47세,상해없음
노인사고,2021012900100219,2021년 1월 29일 12시,금요일,부산광역시 동래구 안락동,중상사고,0,1,0,0,차대사람 - 횡단중,교차로운행방법위반,건조,맑음,교차로 - 교차로횡단보도내,승용,여,51세,상해없음,보행자,여,78세,중상
노인사고,2021012900100254,2021년 1월 29일 13시,금요일,부산광역시 부산진구 가야동,경상사고,0,0,1,0,차대차 - 추돌,안전운전불이행,건조,맑음,단일로 - 기타,승용,여,22세,상해없음,승용,남,68세,경상
노인사고,2021012900100275,2021년 1월 29일 14시,금요일,부산광역시 사하구 장림동,경상사고,0,0,2,0,차대차 - 측면충돌,신호위반,건조,맑음,교차로 - 교차로안,승용,남,31세,상해없음,승용,남,76세,경상
노인사고,2021012900100462,2021년 1월 29일 19시,금요일,부산광역시 동구 초량동,중상사고,0,1,1,0,차대차 - 추돌,안전운전불이행,건조,맑음,단일로 - 기타,화물,남,72세,상해없음,승용,남,73세,중상
노인사고,2.02101E+15,2021년 1월 30일 02시,토요일,부산광역시 부산진구 초읍동,경상사고,0,0,1,0,차대차 - 정면충돌,중앙선침범,건조,맑음,교차로 - 교차로안,이륜,남,24세,상해없음,승용,남,71세,경상
노인사고,2021013000100211,2021년 1월 30일 14시,토요일,부산광역시 부산진구 당감동,중상사고,0,1,0,0,차대사람 - 길가장자리구역통행중,안전운전불이행,건조,맑음,단일로 - 기타,화물,남,50세,상해없음,보행자,여,65세,중상
노인사고,2021013000100256,2021년 1월 30일 15시,토요일,부산광역시 부산진구 양정동,중상사고,0,2,0,0,차대차 - 기타,신호위반,건조,맑음,교차로 - 교차로안,승용,여,30세,상해없음,이륜,남,80세,중상
노인사고,2021013000100294,2021년 1월 30일 16시,토요일,부산광역시 강서구 강동동,중상사고,0,1,0,0,차대차 - 측면충돌,중앙선침범,건조,맑음,단일로 - 기타,승용,남,74세,중상,승용,남,34세,상해없음
노인사고,2021013000100332,2021년 1월 30일 17시,토요일,부산광역시 연제구 거제동,경상사고,0,0,1,0,차대사람 - 기타,안전운전불이행,건조,맑음,단일로 - 기타,승용,여,78세,상해없음,보행자,여,71세,경상
노인사고,2021013100100063,2021년 1월 31일 10시,일요일,부산광역시 부산진구 부암동,경상사고,0,0,1,0,차대사람 - 기타,안전운전불이행,건조,맑음,기타 - 기타,화물,남,43세,상해없음,보행자,여,84세,경상
노인사고,2021013100100202,2021년 1월 31일 16시,일요일,부산광역시 부산진구 부암동,경상사고,0,0,1,0,차대사람 - 기타,안전운전불이행,건조,맑음,단일로 - 기타,승용,남,60세,상해없음,보행자,여,88세,경상
노인사고,2021013100100261,2021년 1월 31일 18시,일요일,부산광역시 금정구 구서동,경상사고,0,0,1,0,차대차 - 측면충돌,중앙선침범,건조,맑음,단일로 - 기타,승용,남,68세,상해없음,이륜,남,66세,경상
노인사고,2021013100100295,2021년 1월 31일 19시,일요일,부산광역시 금정구 장전동,중상사고,0,1,0,0,차대사람 - 횡단중,안전운전불이행,건조,맑음,교차로 - 교차로부근,승용,남,46세,상해없음,보행자,남,69세,중상
노인사고,2021013100100365,2021년 1월 31일 22시,일요일,부산광역시 서구 충무동3가,경상사고,0,0,5,0,차대차 - 측면충돌,교차로운행방법위반,건조,맑음,교차로 - 교차로안,이륜,남,62세,경상,승용,남,68세,경상
노인사고,2021020100100016,2021년 2월 1일 05시,월요일,부산광역시 동구 범일동,중상사고,0,1,0,0,차대사람 - 보도통행중,보행자보호의무위반,젖음/습기,비,교차로 - 교차로횡단보도내,승용,여,60세,상해없음,보행자,여,67세,중상
노인사고,2021020100100042,2021년 2월 1일 07시,월요일,부산광역시 해운대구 반송동,경상사고,0,0,1,0,차대사람 - 기타,보행자보호의무위반,젖음/습기,비,교차로 - 교차로횡단보도내,승용,남,65세,상해없음,보행자,여,66세,경상
노인사고,2021020100100117,2021년 2월 1일 10시,월요일,부산광역시 북구 구포동,사망사고,1,0,0,0,차대차 - 측면충돌,안전운전불이행,젖음/습기,비,교차로 - 교차로안,승용,남,70세,상해없음,기타불명,남,66세,사망
노인사고,2021020100100139,2021년 2월 1일 11시,월요일,부산광역시 기장군 기장읍,경상사고,0,0,1,0,차대사람 - 기타,안전운전불이행,젖음/습기,비,단일로 - 기타,승용,여,56세,상해없음,보행자,여,68세,경상
노인사고,2021020100100288,2021년 2월 1일 17시,월요일,부산광역시 남구 대연동,중상사고,0,1,5,0,차대차 - 기타,중앙선침범,건조,맑음,단일로 - 기타,승용,남,50세,상해없음,승용,남,68세,경상
노인사고,2021020200100052,2021년 2월 2일 08시,화요일,부산광역시 부산진구 범전동,사망사고,1,0,0,0,차대차 - 기타,안전운전불이행,건조,맑음,단일로 - 기타,특수,남,63세,상해없음,이륜,남,79세,사망
노인사고,2021020200100255,2021년 2월 2일 15시,화요일,부산광역시 해운대구 재송동,중상사고,0,1,0,0,차대사람 - 횡단중,안전운전불이행,건조,맑음,단일로 - 기타,승용,남,44세,상해없음,보행자,여,66세,중상
노인사고,2021020200100286,2021년 2월 2일 16시,화요일,부산광역시 수영구 남천동,중상사고,0,1,0,0,차량단독 - 기타,안전운전불이행,건조,맑음,단일로 - 기타,승용,남,71세,상해없음,,,,
노인사고,2021020200100381,2021년 2월 2일 19시,화요일,부산광역시 기장군 철마면,경상사고,0,0,2,0,차대차 - 기타,안전운전불이행,건조,맑음,교차로 - 교차로안,승용,여,59세,상해없음,승용,남,41세,경상
노인사고,2021020300100021,2021년 2월 3일 06시,수요일,부산광역시 동래구 안락동,중상사고,0,1,0,0,차대차 - 기타,안전운전불이행,건조,맑음,단일로 - 기타,승용,남,40세,상해없음,기타불명,남,77세,중상
노인사고,2021020300100113,2021년 2월 3일 10시,수요일,부산광역시 영도구 동삼동,중상사고,0,1,0,0,차대사람 - 횡단중,안전운전불이행,건조,맑음,단일로 - 기타,승용,여,45세,상해없음,보행자,여,83세,중상
노인사고,2021020300100137,2021년 2월 3일 11시,수요일,부산광역시 부산진구 전포동,경상사고,0,0,3,0,차대차 - 측면충돌,신호위반,건조,맑음,교차로 - 교차로부근,건설기계,남,66세,상해없음,승용,남,66세,경상
노인사고,2021020300100195,2021년 2월 3일 13시,수요일,부산광역시 부산진구 전포동,부상신고사고,0,0,0,1,차대사람 - 기타,안전운전불이행,건조,맑음,단일로 - 기타,승용,남,86세,상해없음,보행자,남,67세,부상신고
노인사고,2021020300100222,2021년 2월 3일 14시,수요일,부산광역시 부산진구 전포동,중상사고,0,1,0,0,차대사람 - 차도통행중,안전운전불이행,건조,맑음,기타 - 기타,건설기계,남,49세,상해없음,보행자,남,83세,중상
노인사고,2021020400100186,2021년 2월 4일 11시,목요일,부산광역시 금정구 장전동,경상사고,0,0,1,0,차대차 - 기타,안전운전불이행,건조,맑음,교차로 - 교차로안,자전거,남,79세,경상,이륜,남,24세,상해없음
노인사고,2.02102E+15,2021년 2월 4일 14시,목요일,부산광역시 해운대구 재송동,경상사고,0,0,4,2,차대차 - 추돌,기타,건조,맑음,단일로 - 기타,화물,남,45세,상해없음,승용,남,41세,부상신고
노인사고,2.02102E+15,2021년 2월 4일 18시,목요일,부산광역시 강서구 녹산동,경상사고,0,0,1,0,차대사람 - 기타,안전운전불이행,건조,맑음,교차로 - 교차로부근,승용,여,50세,상해없음,보행자,여,79세,경상
노인사고,2021020400100493,2021년 2월 4일 19시,목요일,부산광역시 동래구 사직동,중상사고,0,1,0,0,차대사람 - 기타,교차로운행방법위반,건조,맑음,교차로 - 교차로안,승용,여,39세,상해없음,보행자,여,80세,중상
노인사고,2021020500100295,2021년 2월 5일 15시,금요일,부산광역시 강서구 명지동,경상사고,0,0,1,0,차대차 - 기타,안전운전불이행,건조,맑음,단일로 - 기타,승용,여,49세,상해없음,자전거,남,69세,경상
노인사고,2021020500100542,2021년 2월 5일 20시,금요일,부산광역시 연제구 연산동,중상사고,0,1,0,0,차대사람 - 기타,안전운전불이행,건조,맑음,단일로 - 기타,승용,여,39세,상해없음,보행자,여,65세,중상
노인사고,2021020600100095,2021년 2월 6일 11시,토요일,부산광역시 금정구 부곡동,중상사고,0,1,0,0,차대사람 - 길가장자리구역통행중,안전운전불이행,건조,맑음,단일로 - 기타,이륜,남,35세,상해없음,보행자,남,72세,중상
노인사고,2021020600100096,2021년 2월 6일 11시,토요일,부산광역시 금정구 회동동,경상사고,0,0,3,0,차대차 - 측면충돌,교차로운행방법위반,건조,맑음,교차로 - 교차로안,승용,여,70세,경상,승용,남,45세,경상
노인사고,2021020600100135,2021년 2월 6일 12시,토요일,부산광역시 사상구 주례동,중상사고,0,1,0,0,차대사람 - 기타,기타,건조,맑음,단일로 - 기타,화물,남,26세,상해없음,보행자,여,73세,중상
노인사고,2021020600100172,2021년 2월 6일 13시,토요일,부산광역시 영도구 영선동2가,경상사고,0,0,2,0,차대차 - 측면충돌,안전거리미확보,건조,맑음,단일로 - 기타,승용,남,57세,기타불명,승용,남,58세,경상
노인사고,2021020700100022,2021년 2월 7일 02시,일요일,부산광역시 해운대구 반여동,경상사고,0,0,2,0,차대차 - 추돌,중앙선침범,건조,흐림,단일로 - 기타,승용,남,24세,상해없음,승용,남,65세,경상
노인사고,2021020700100051,2021년 2월 7일 08시,일요일,부산광역시 사상구 모라동,부상신고사고,0,0,0,1,차대차 - 기타,신호위반,건조,맑음,교차로 - 교차로안,이륜,남,75세,부상신고,승용,남,62세,상해없음
노인사고,2021020700100123,2021년 2월 7일 13시,일요일,부산광역시 사상구 모라동,중상사고,0,1,0,0,차대차 - 기타,직진우회전진행방해,건조,맑음,교차로 - 교차로안,화물,남,32세,상해없음,이륜,남,71세,중상
노인사고,2021020700100149,2021년 2월 7일 14시,일요일,부산광역시 동구 수정동,중상사고,0,1,0,0,차대사람 - 횡단중,안전운전불이행,건조,맑음,단일로 - 기타,승용,남,39세,상해없음,보행자,여,68세,중상
노인사고,2021020700100185,2021년 2월 7일 15시,일요일,부산광역시 남구 문현동,경상사고,0,0,1,0,차대차 - 기타,안전운전불이행,건조,맑음,교차로 - 교차로안,승용,남,50세,상해없음,이륜,남,68세,경상
노인사고,2021020800100064,2021년 2월 8일 08시,월요일,부산광역시 영도구 남항동2가,경상사고,0,0,1,0,차대차 - 측면충돌,안전거리미확보,건조,맑음,단일로 - 기타,승용,남,53세,상해없음,승용,남,65세,경상
노인사고,2021020800100113,2021년 2월 8일 09시,월요일,부산광역시 부산진구 부전동,중상사고,0,1,0,0,차대사람 - 횡단중,보행자보호의무위반,건조,맑음,단일로 - 기타,승용,남,49세,상해없음,보행자,남,79세,중상
노인사고,2021020800100146,2021년 2월 8일 10시,월요일,부산광역시 영도구 영선동1가,중상사고,0,1,0,0,차대사람 - 길가장자리구역통행중,안전운전불이행,건조,맑음,단일로 - 기타,승용,여,47세,상해없음,보행자,남,71세,중상
노인사고,2021020800100172,2021년 2월 8일 11시,월요일,부산광역시 부산진구 개금동,중상사고,0,1,0,0,차대사람 - 횡단중,안전운전불이행,건조,맑음,단일로 - 기타,승용,여,60세,상해없음,보행자,여,73세,중상
노인사고,2.02102E+15,2021년 2월 8일 12시,월요일,부산광역시 사하구 구평동,중상사고,0,1,0,0,차량단독 - 기타,안전운전불이행,건조,맑음,기타 - 기타,승합,남,67세,상해없음,,,,
노인사고,2021020800100376,2021년 2월 8일 16시,월요일,부산광역시 영도구 영선동1가,중상사고,0,1,0,0,차대사람 - 길가장자리구역통행중,안전운전불이행,건조,맑음,단일로 - 기타,화물,남,67세,상해없음,보행자,여,65세,중상
노인사고,2021020800100379,2021년 2월 8일 16시,월요일,부산광역시 금정구 부곡동,경상사고,0,0,1,0,차대사람 - 기타,안전운전불이행,건조,맑음,단일로 - 기타,승용,남,51세,상해없음,보행자,남,67세,경상
노인사고,2021020800100423,2021년 2월 8일 17시,월요일,부산광역시 사하구 장림동,경상사고,0,0,1,0,차대사람 - 기타,안전운전불이행,건조,맑음,단일로 - 기타,화물,남,41세,상해없음,보행자,여,75세,경상
노인사고,2021020800100592,2021년 2월 8일 21시,월요일,부산광역시 영도구 청학동,중상사고,0,2,2,0,차대차 - 추돌,안전운전불이행,건조,맑음,단일로 - 기타,승용,남,25세,상해없음,승용,남,56세,중상
노인사고,2021020900100068,2021년 2월 9일 08시,화요일,부산광역시 금정구 금성동,경상사고,0,0,3,0,차대차 - 측면충돌,중앙선침범,건조,맑음,단일로 - 기타,화물,남,59세,경상,승용,남,70세,경상
노인사고,2021020900100141,2021년 2월 9일 10시,화요일,부산광역시 서구 서대신동3가,중상사고,0,1,0,0,차대사람 - 횡단중,중앙선침범,건조,맑음,단일로 - 기타,승용,남,25세,상해없음,보행자,남,81세,중상
노인사고,2021020900100258,2021년 2월 9일 13시,화요일,부산광역시 해운대구 우동,중상사고,0,1,0,0,차대사람 - 기타,중앙선침범,건조,맑음,단일로 - 기타,승용,여,33세,상해없음,보행자,여,71세,중상
노인사고,2021020900100259,2021년 2월 9일 13시,화요일,부산광역시 해운대구 우동,경상사고,0,0,1,0,차대사람 - 차도통행중,안전운전불이행,건조,맑음,교차로 - 교차로안,승용,여,62세,상해없음,보행자,여,73세,경상
노인사고,2021020900100296,2021년 2월 9일 14시,화요일,부산광역시 서구 충무동1가,경상사고,0,0,2,0,차대차 - 측면충돌,안전운전불이행,건조,맑음,교차로 - 교차로부근,승용,남,61세,상해없음,승용,남,39세,경상
노인사고,2021020900100444,2021년 2월 9일 17시,화요일,부산광역시 금정구 금사동,중상사고,0,2,0,0,차대차 - 기타,안전운전불이행,건조,맑음,교차로 - 교차로부근,이륜,남,69세,중상,이륜,남,34세,중상
노인사고,2021020900100554,2021년 2월 9일 19시,화요일,부산광역시 부산진구 양정동,중상사고,0,1,1,0,차대차 - 추돌,신호위반,건조,맑음,교차로 - 교차로안,승용,남,65세,상해없음,승용,남,65세,경상
노인사고,2021020900100555,2021년 2월 9일 19시,화요일,부산광역시 금정구 금사동,경상사고,0,0,3,0,차대차 - 측면충돌,직진우회전진행방해,건조,맑음,교차로 - 교차로안,승용,남,61세,경상,화물,남,69세,경상
노인사고,2021020900100659,2021년 2월 9일 21시,화요일,부산광역시 사상구 모라동,중상사고,0,1,0,0,차대사람 - 횡단중,기타,건조,맑음,단일로 - 기타,이륜,남,19세,상해없음,보행자,남,72세,중상
노인사고,2021021000100085,2021년 2월 10일 08시,수요일,부산광역시 서구 암남동,중상사고,0,1,0,0,차량단독 - 기타,기타,건조,맑음,단일로 - 기타,승합,남,55세,상해없음,,,,
노인사고,2021021000100089,2021년 2월 10일 08시,수요일,부산광역시 연제구 연산동,경상사고,0,0,1,0,차대차 - 추돌,안전운전불이행,건조,맑음,단일로 - 기타,승용,여,54세,상해없음,승용,남,66세,경상
노인사고,2.02102E+15,2021년 2월 10일 11시,수요일,부산광역시 수영구 남천동,경상사고,0,0,1,0,차대차 - 측면충돌,안전거리미확보,건조,맑음,단일로 - 기타,승용,여,68세,상해없음,승용,남,67세,경상
노인사고,2021021000100181,2021년 2월 10일 11시,수요일,부산광역시 수영구 광안동,경상사고,0,0,2,0,차대차 - 측면충돌,안전운전불이행,건조,맑음,기타 - 기타,승용,여,54세,상해없음,승용,여,42세,경상
노인사고,2021021000100252,2021년 2월 10일 13시,수요일,부산광역시 부산진구 개금동,중상사고,0,1,0,0,차대사람 - 횡단중,안전운전불이행,건조,맑음,단일로 - 기타,화물,남,31세,상해없음,보행자,남,90세,중상
노인사고,2021021000100341,2021년 2월 10일 15시,수요일,부산광역시 부산진구 부암동,중상사고,0,2,1,0,차대차 - 측면충돌,신호위반,기타,맑음,단일로 - 기타,승용,남,37세,경상,승용,남,70세,중상
노인사고,2021021000100432,2021년 2월 10일 17시,수요일,부산광역시 해운대구 반여동,중상사고,0,1,1,0,차대차 - 측면충돌,안전거리미확보,건조,맑음,단일로 - 기타,이륜,남,68세,중상,승용,남,43세,경상
노인사고,2021021000100434,2021년 2월 10일 17시,수요일,부산광역시 사하구 하단동,중상사고,0,1,1,0,차대차 - 기타,안전거리미확보,건조,맑음,단일로 - 기타,승용,남,67세,중상,승용,남,53세,경상
노인사고,2.02102E+15,2021년 2월 10일 19시,수요일,부산광역시 부산진구 전포동,중상사고,0,1,0,0,차대사람 - 기타,안전운전불이행,건조,맑음,기타 - 기타,자전거,남,28세,상해없음,보행자,남,73세,중상
노인사고,2021021100100088,2021년 2월 11일 11시,목요일,부산광역시 영도구 영선동2가,경상사고,0,0,2,0,차대차 - 측면충돌,교차로운행방법위반,건조,맑음,교차로 - 교차로안,승용,남,53세,상해없음,승용,남,65세,경상
노인사고,2021021100100128,2021년 2월 11일 13시,목요일,부산광역시 연제구 연산동,경상사고,0,0,2,0,차대차 - 측면충돌,신호위반,건조,맑음,교차로 - 교차로안,승용,여,41세,상해없음,승용,남,70세,경상
노인사고,2021021100100293,2021년 2월 11일 20시,목요일,부산광역시 해운대구 반송동,경상사고,0,0,2,0,차대차 - 추돌,신호위반,건조,맑음,교차로 - 교차로안,승용,남,64세,상해없음,승용,여,67세,경상
노인사고,2021021200100037,2021년 2월 12일 09시,금요일,부산광역시 서구 부용동1가,경상사고,0,0,2,1,차대차 - 기타,교차로운행방법위반,건조,맑음,교차로 - 교차로안,승용,남,69세,부상신고,승용,남,46세,경상
노인사고,2021021200100211,2021년 2월 12일 19시,금요일,부산광역시 서구 충무동1가,중상사고,0,1,0,0,차대사람 - 횡단중,안전운전불이행,건조,맑음,단일로 - 기타,승용,남,38세,상해없음,보행자,남,73세,중상
노인사고,2021021200100214,2021년 2월 12일 19시,금요일,부산광역시 금정구 부곡동,중상사고,0,1,0,0,차대사람 - 횡단중,안전운전불이행,건조,맑음,교차로 - 교차로부근,승용,여,45세,상해없음,보행자,남,81세,중상
노인사고,2021021200100243,2021년 2월 12일 21시,금요일,부산광역시 해운대구 우동,경상사고,0,0,3,1,차대차 - 측면충돌,안전운전불이행,건조,맑음,단일로 - 기타,승용,남,46세,상해없음,승용,여,43세,경상
노인사고,2.02102E+15,2021년 2월 12일 22시,금요일,부산광역시 해운대구 좌동,경상사고,0,0,3,0,차대차 - 정면충돌,안전운전불이행,건조,맑음,교차로 - 교차로안,승용,여,22세,상해없음,승용,남,40세,경상
노인사고,2021021300100101,2021년 2월 13일 13시,토요일,부산광역시 동래구 명륜동,중상사고,0,1,0,0,차량단독 - 기타,안전운전불이행,건조,맑음,단일로 - 기타,승합,남,53세,상해없음,,,,
노인사고,2021021300100131,2021년 2월 13일 14시,토요일,부산광역시 사하구 하단동,경상사고,0,0,2,0,차대차 - 기타,안전운전불이행,건조,맑음,단일로 - 지하차도(도로)내,화물,여,63세,상해없음,승용,남,75세,경상
노인사고,2021021300100277,2021년 2월 13일 19시,토요일,부산광역시 연제구 연산동,중상사고,0,2,2,0,차대차 - 기타,신호위반,건조,맑음,교차로 - 교차로안,승용,남,62세,상해없음,승합,남,42세,중상
노인사고,2021021300100363,2021년 2월 13일 22시,토요일,부산광역시 부산진구 양정동,경상사고,0,0,2,0,차대차 - 기타,신호위반,건조,맑음,교차로 - 교차로안,이륜,기타불명,미분류,기타불명,승용,남,65세,경상
노인사고,2021021400100084,2021년 2월 14일 13시,일요일,부산광역시 금정구 장전동,경상사고,0,0,2,0,차대차 - 측면충돌,안전거리미확보,건조,맑음,단일로 - 기타,승용,남,45세,상해없음,승합,남,54세,경상
노인사고,2021021400100101,2021년 2월 14일 14시,일요일,부산광역시 남구 대연동,경상사고,0,0,1,0,차대차 - 측면충돌,안전거리미확보,건조,맑음,단일로 - 기타,승용,여,68세,기타불명,승용,여,69세,경상