사고부문,사고번호,사고일시,요일,시군구,사고내용,사망자수,중상자수,경상자수,부상신고자수,사고유형,법규위반,노면상태,기상상태,도로형태,가해운전자 차종,가해운전자 성별,가해운전자 연령,가해운전자 상해정도,피해운전자 차종,피해운전자 성별,피해운전자 연령,피해운전자 상해정도
노인사고,2.02102E+15,2021년 2월 14일 17시,일요일,부산광역시 연제구 거제동,경상사고,0,0,1,0,차대차 - 추돌,안전운전불이행,젖음/습기,흐림,단일로 - 기타,승용,남,53세,상해없음,자전거,남,81세,경상
노인사고,2.02102E+15,2021년 2월 14일 19시,일요일,부산광역시 부산진구 부암동,중상사고,0,1,0,0,차대사람 - 기타,안전운전불이행,젖음/습기,비,교차로 - 교차로안,이륜,남,24세,상해없음,보행자,남,78세,중상
노인사고,2021021400100286,2021년 2월 14일 21시,일요일,부산광역시 부산진구 개금동,경상사고,0,0,2,0,차대차 - 측면충돌,안전운전불이행,젖음/습기,비,교차로 - 교차로안,승용,남,28세,상해없음,승용,남,64세,경상
노인사고,2021021400100335,2021년 2월 14일 23시,일요일,부산광역시 부산진구 양정동,중상사고,0,1,1,0,차대차 - 기타,신호위반,젖음/습기,비,교차로 - 교차로안,승용,남,40세,상해없음,승용,남,65세,경상
노인사고,2021021500100092,2021년 2월 15일 10시,월요일,부산광역시 남구 대연동,경상사고,0,0,1,0,차대차 - 측면충돌,안전운전불이행,건조,맑음,단일로 - 기타,승용,남,35세,기타불명,승용,남,73세,경상
노인사고,2021021500100264,2021년 2월 15일 16시,월요일,부산광역시 동구 수정동,경상사고,0,0,1,0,차대사람 - 횡단중,안전운전불이행,건조,맑음,단일로 - 기타,기타불명,기타불명,미분류,기타불명,보행자,여,72세,경상
노인사고,2021021500100265,2021년 2월 15일 16시,월요일,부산광역시 남구 대연동,경상사고,0,0,3,0,차대차 - 기타,중앙선침범,건조,맑음,교차로 - 교차로안,승용,남,26세,상해없음,승용,남,70세,경상
노인사고,2021021500100472,2021년 2월 15일 23시,월요일,부산광역시 연제구 거제동,중상사고,0,1,1,0,차대차 - 측면충돌,신호위반,건조,맑음,교차로 - 교차로안,승용,남,69세,상해없음,승용,남,71세,경상
노인사고,2021021600100033,2021년 2월 16일 06시,화요일,부산광역시 부산진구 양정동,경상사고,0,0,1,0,차대차 - 기타,안전운전불이행,건조,맑음,교차로 - 교차로안,승용,남,63세,상해없음,건설기계,남,66세,경상
노인사고,2.02102E+15,2021년 2월 16일 09시,화요일,부산광역시 수영구 광안동,경상사고,0,0,1,0,차대차 - 측면충돌,안전운전불이행,건조,맑음,교차로 - 교차로부근,승용,여,62세,상해없음,자전거,남,72세,경상
노인사고,2021021600100134,2021년 2월 16일 11시,화요일,부산광역시 북구 구포동,중상사고,0,1,0,0,차량단독 - 기타,기타,건조,맑음,단일로 - 기타,승합,남,55세,상해없음,,,,
노인사고,2021021600100135,2021년 2월 16일 11시,화요일,부산광역시 연제구 연산동,경상사고,0,0,1,0,차대차 - 추돌,안전거리미확보,건조,맑음,단일로 - 기타,승용,여,53세,상해없음,승용,여,72세,경상
노인사고,2021021600100159,2021년 2월 16일 12시,화요일,부산광역시 수영구 광안동,경상사고,0,0,2,0,차대차 - 측면충돌,안전운전불이행,건조,맑음,교차로 - 교차로안,승용,남,35세,상해없음,승용,여,49세,경상
노인사고,2021021600100187,2021년 2월 16일 13시,화요일,부산광역시 강서구 명지동,중상사고,0,2,4,0,차대차 - 추돌,안전운전불이행,건조,맑음,단일로 - 기타,건설기계,남,37세,상해없음,화물,남,69세,중상
노인사고,2021021600100225,2021년 2월 16일 14시,화요일,부산광역시 동구 초량동,경상사고,0,0,2,0,차대차 - 측면충돌,안전거리미확보,건조,맑음,단일로 - 기타,화물,남,46세,상해없음,승용,여,51세,경상
노인사고,2021021600100427,2021년 2월 16일 19시,화요일,부산광역시 연제구 연산동,중상사고,0,1,1,0,차대사람 - 횡단중,보행자보호의무위반,건조,맑음,단일로 - 기타,승용,여,61세,상해없음,보행자,여,66세,경상
노인사고,2021021700100285,2021년 2월 17일 15시,수요일,부산광역시 금정구 부곡동,경상사고,0,0,1,0,차대사람 - 기타,안전운전불이행,건조,맑음,기타 - 기타,승용,여,49세,상해없음,보행자,여,75세,경상
노인사고,2021021700100324,2021년 2월 17일 16시,수요일,부산광역시 연제구 연산동,중상사고,0,1,5,0,차대차 - 기타,신호위반,건조,맑음,교차로 - 교차로안,승용,남,39세,경상,승용,남,26세,경상
노인사고,2021021700100393,2021년 2월 17일 18시,수요일,부산광역시 서구 아미동2가,중상사고,0,1,1,0,차대차 - 측면충돌,기타,건조,맑음,교차로 - 교차로안,이륜,남,73세,중상,승용,남,63세,상해없음
노인사고,2021021700100394,2021년 2월 17일 18시,수요일,부산광역시 연제구 연산동,경상사고,0,0,1,0,차대차 - 측면충돌,차로위반,건조,맑음,단일로 - 기타,승용,여,39세,상해없음,승용,남,66세,경상
노인사고,2021021800100031,2021년 2월 18일 06시,목요일,부산광역시 수영구 광안동,부상신고사고,0,0,0,1,차대사람 - 기타,안전운전불이행,건조,맑음,교차로 - 교차로안,승용,남,59세,상해없음,보행자,여,73세,부상신고
노인사고,2.02102E+15,2021년 2월 18일 12시,목요일,부산광역시 부산진구 범천동,경상사고,0,0,2,0,차대차 - 측면충돌,신호위반,건조,맑음,단일로 - 기타,승용,남,24세,상해없음,승용,남,38세,경상
노인사고,2021021900100069,2021년 2월 19일 08시,금요일,부산광역시 해운대구 우동,중상사고,0,1,2,0,차대차 - 추돌,안전거리미확보,건조,맑음,단일로 - 터널,승용,남,66세,경상,승용,남,42세,상해없음
노인사고,2021021900100141,2021년 2월 19일 10시,금요일,부산광역시 수영구 민락동,경상사고,0,0,2,0,차대차 - 측면충돌,안전운전불이행,건조,맑음,교차로 - 교차로안,승용,여,33세,경상,승용,여,65세,경상
노인사고,2021021900100165,2021년 2월 19일 11시,금요일,부산광역시 서구 암남동,경상사고,0,0,2,0,차대차 - 측면충돌,안전운전불이행,건조,맑음,교차로 - 교차로안,화물,남,55세,상해없음,승용,여,66세,경상
노인사고,2021021900100166,2021년 2월 19일 11시,금요일,부산광역시 연제구 연산동,중상사고,0,1,0,0,차대사람 - 기타,안전운전불이행,건조,맑음,교차로 - 교차로부근,승용,남,63세,상해없음,보행자,여,75세,중상
노인사고,2021021900100291,2021년 2월 19일 14시,금요일,부산광역시 서구 충무동1가,중상사고,0,1,0,0,차대사람 - 횡단중,안전운전불이행,건조,맑음,교차로 - 교차로부근,승용,남,70세,상해없음,보행자,여,80세,중상
노인사고,2021021900100441,2021년 2월 19일 17시,금요일,부산광역시 동래구 명륜동,부상신고사고,0,0,0,1,차대사람 - 기타,안전운전불이행,건조,맑음,단일로 - 기타,기타불명,기타불명,미분류,기타불명,보행자,남,65세,부상신고
노인사고,2021022000100038,2021년 2월 20일 04시,토요일,부산광역시 사상구 모라동,사망사고,1,0,0,0,차대사람 - 횡단중,안전운전불이행,건조,맑음,단일로 - 기타,승합,남,68세,상해없음,보행자,여,75세,사망
노인사고,2021022000100056,2021년 2월 20일 07시,토요일,부산광역시 동래구 온천동,경상사고,0,0,1,0,차대차 - 측면충돌,신호위반,건조,맑음,교차로 - 교차로안,화물,남,69세,상해없음,승용,남,68세,경상
노인사고,2021022000100106,2021년 2월 20일 10시,토요일,부산광역시 북구 만덕동,경상사고,0,0,1,0,차대차 - 추돌,안전거리미확보,건조,맑음,단일로 - 기타,승용,남,36세,상해없음,승용,남,81세,경상
노인사고,2021022000100107,2021년 2월 20일 10시,토요일,부산광역시 사하구 신평동,중상사고,0,1,0,0,차대차 - 기타,신호위반,건조,맑음,교차로 - 교차로부근,승용,남,65세,상해없음,자전거,남,78세,중상
노인사고,2021022000100132,2021년 2월 20일 11시,토요일,부산광역시 부산진구 전포동,중상사고,0,1,0,0,차대사람 - 차도통행중,안전운전불이행,건조,맑음,교차로 - 교차로안,이륜,남,21세,상해없음,보행자,남,68세,중상
노인사고,2021022000100246,2021년 2월 20일 14시,토요일,부산광역시 부산진구 부전동,경상사고,0,0,1,0,차대사람 - 횡단중,안전운전불이행,서리/결빙,맑음,단일로 - 기타,승용,남,63세,상해없음,보행자,여,65세,경상
노인사고,2.02102E+15,2021년 2월 20일 23시,토요일,부산광역시 부산진구 당감동,경상사고,0,0,1,0,차대사람 - 기타,안전운전불이행,건조,맑음,단일로 - 기타,승용,남,42세,상해없음,보행자,남,68세,경상
노인사고,2021022100100012,2021년 2월 21일 01시,일요일,부산광역시 부산진구 전포동,경상사고,0,0,2,0,차대차 - 추돌,안전거리미확보,건조,맑음,단일로 - 터널,승용,남,66세,상해없음,승용,남,70세,경상
노인사고,2021022100100131,2021년 2월 21일 13시,일요일,부산광역시 북구 금곡동,부상신고사고,0,0,0,2,차대차 - 측면충돌,안전운전불이행,건조,맑음,단일로 - 지하차도(도로)내,자전거,여,54세,부상신고,자전거,남,73세,부상신고
노인사고,2021022100100269,2021년 2월 21일 17시,일요일,부산광역시 부산진구 부전동,경상사고,0,0,2,0,차대차 - 정면충돌,신호위반,건조,맑음,교차로 - 교차로안,승용,남,58세,경상,승용,남,65세,경상
노인사고,2021022100100294,2021년 2월 21일 18시,일요일,부산광역시 금정구 남산동,경상사고,0,0,1,0,차대차 - 기타,안전운전불이행,건조,맑음,단일로 - 기타,승용,남,47세,상해없음,승용,남,66세,경상
노인사고,2021022100100295,2021년 2월 21일 18시,일요일,부산광역시 금정구 부곡동,경상사고,0,0,3,0,차대차 - 측면충돌,차로위반,건조,맑음,단일로 - 기타,승합,남,73세,상해없음,승용,남,30세,경상
노인사고,2021022200100069,2021년 2월 22일 08시,월요일,부산광역시 사하구 장림동,중상사고,0,1,3,0,차대차 - 측면충돌,신호위반,건조,맑음,교차로 - 교차로안,승용,남,76세,경상,승용,남,57세,경상
노인사고,2.02102E+15,2021년 2월 22일 10시,월요일,부산광역시 동래구 온천동,경상사고,0,0,1,0,차대차 - 측면충돌,교차로운행방법위반,건조,맑음,교차로 - 교차로안,승용,여,50세,상해없음,승용,남,74세,경상
노인사고,2021022200100246,2021년 2월 22일 13시,월요일,부산광역시 서구 토성동2가,경상사고,0,0,3,0,차대차 - 측면충돌,교차로운행방법위반,건조,맑음,교차로 - 교차로안,원동기,남,73세,경상,원동기,남,30세,경상
노인사고,2021022200100309,2021년 2월 22일 15시,월요일,부산광역시 중구 부평동2가,부상신고사고,0,0,0,1,차대차 - 측면충돌,안전운전불이행,건조,맑음,단일로 - 지하차도(도로)내,이륜,남,75세,부상신고,승용,남,64세,상해없음
노인사고,2021022200100467,2021년 2월 22일 19시,월요일,부산광역시 금정구 금사동,중상사고,0,1,2,0,차대차 - 추돌,기타,건조,맑음,단일로 - 기타,승용,남,32세,상해없음,승용,여,55세,중상
노인사고,2021022300100068,2021년 2월 23일 08시,화요일,부산광역시 중구 남포동5가,중상사고,0,1,0,0,차량단독 - 기타,기타,건조,맑음,단일로 - 터널,승합,남,61세,상해없음,,,,
노인사고,2021022300100155,2021년 2월 23일 11시,화요일,부산광역시 부산진구 범천동,중상사고,0,1,0,0,차량단독 - 기타,안전운전불이행,건조,맑음,기타 - 기타,승합,남,63세,상해없음,,,,
노인사고,2021022300100558,2021년 2월 23일 23시,화요일,부산광역시 연제구 연산동,경상사고,0,0,2,0,차대차 - 기타,신호위반,건조,맑음,교차로 - 교차로안,승용,남,25세,경상,승용,여,66세,경상
노인사고,2021022400100017,2021년 2월 24일 04시,수요일,부산광역시 금정구 금사동,부상신고사고,0,0,0,1,차대차 - 측면충돌,안전운전불이행,건조,맑음,단일로 - 기타,화물,남,27세,상해없음,이륜,남,72세,부상신고
노인사고,2021022400100028,2021년 2월 24일 06시,수요일,부산광역시 해운대구 석대동,경상사고,0,0,1,0,차대차 - 추돌,안전운전불이행,건조,맑음,단일로 - 기타,승합,남,73세,상해없음,특수,남,39세,상해없음
노인사고,2021022400100432,2021년 2월 24일 20시,수요일,부산광역시 연제구 거제동,경상사고,0,0,2,0,차대차 - 기타,신호위반,건조,맑음,단일로 - 기타,이륜,남,27세,경상,승용,남,69세,경상
노인사고,2021022400100521,2021년 2월 24일 23시,수요일,부산광역시 사상구 주례동,경상사고,0,0,1,0,차대차 - 측면충돌,신호위반,건조,맑음,교차로 - 교차로안,승용,남,62세,상해없음,승용,남,68세,경상
노인사고,2021022500100084,2021년 2월 25일 08시,목요일,부산광역시 부산진구 범천동,경상사고,0,0,1,0,차량단독 - 기타,기타,건조,맑음,교차로 - 교차로안,승합,남,51세,상해없음,,,,
노인사고,2021022500100085,2021년 2월 25일 08시,목요일,부산광역시 기장군 정관읍,중상사고,0,1,2,0,차대차 - 기타,안전운전불이행,건조,맑음,단일로 - 기타,승용,남,74세,경상,승용,남,30세,중상
노인사고,2021022600100133,2021년 2월 26일 10시,금요일,부산광역시 남구 대연동,중상사고,0,1,0,0,차대사람 - 횡단중,안전운전불이행,젖음/습기,비,교차로 - 교차로횡단보도내,화물,남,46세,상해없음,보행자,여,70세,중상
노인사고,2021022600100305,2021년 2월 26일 15시,금요일,부산광역시 사하구 괴정동,중상사고,0,2,2,0,차대차 - 기타,기타,건조,맑음,교차로 - 교차로안,승용,남,59세,중상,승용,남,67세,경상
노인사고,2021022600100384,2021년 2월 26일 17시,금요일,부산광역시 사상구 주례동,중상사고,0,1,0,0,차량단독 - 기타,안전운전불이행,건조,맑음,교차로 - 교차로부근,승합,남,28세,상해없음,,,,
노인사고,2021022700100049,2021년 2월 27일 07시,토요일,부산광역시 강서구 봉림동,경상사고,0,0,2,0,차대차 - 정면충돌,기타,건조,맑음,단일로 - 기타,화물,남,59세,상해없음,승용,남,74세,경상
노인사고,2021022700100241,2021년 2월 27일 14시,토요일,부산광역시 북구 화명동,경상사고,0,0,2,0,차대차 - 추돌,안전거리미확보,건조,맑음,단일로 - 고가도로위,건설기계,남,29세,상해없음,승용,남,67세,경상
노인사고,2021022700100242,2021년 2월 27일 14시,토요일,부산광역시 동래구 명륜동,경상사고,0,0,2,0,차대차 - 기타,안전거리미확보,건조,맑음,단일로 - 기타,승용,남,66세,경상,승용,남,24세,경상
노인사고,2021022700100244,2021년 2월 27일 14시,토요일,부산광역시 금정구 부곡동,중상사고,0,1,0,0,차대사람 - 횡단중,보행자보호의무위반,건조,맑음,단일로 - 기타,승용,여,50세,상해없음,보행자,여,84세,중상
노인사고,2021022700100316,2021년 2월 27일 16시,토요일,부산광역시 사하구 하단동,중상사고,0,1,1,0,차대차 - 기타,안전운전불이행,건조,맑음,교차로 - 교차로안,승합,여,72세,상해없음,승용,남,66세,경상
노인사고,2021022800100015,2021년 2월 28일 01시,일요일,부산광역시 사하구 하단동,중상사고,0,1,0,0,차대사람 - 기타,안전운전불이행,건조,맑음,단일로 - 기타,승용,남,65세,상해없음,보행자,여,77세,중상
노인사고,2021022800100172,2021년 2월 28일 14시,일요일,부산광역시 영도구 청학동,중상사고,0,1,0,0,차량단독 - 기타,안전운전불이행,건조,맑음,단일로 - 기타,승합,남,47세,상해없음,,,,
노인사고,2021030100100134,2021년 3월 1일 14시,월요일,부산광역시 해운대구 우동,경상사고,0,0,1,1,차대차 - 측면충돌,직진우회전진행방해,젖음/습기,비,교차로 - 교차로안,승용,남,23세,상해없음,승용,남,67세,부상신고
노인사고,2021030100100136,2021년 3월 1일 14시,월요일,부산광역시 기장군 기장읍,경상사고,0,0,1,0,차대차 - 측면충돌,안전운전불이행,젖음/습기,비,단일로 - 기타,승용,여,41세,상해없음,승용,여,66세,경상
노인사고,2.02103E+15,2021년 3월 1일 17시,월요일,부산광역시 부산진구 가야동,중상사고,0,1,0,0,차대사람 - 기타,안전운전불이행,젖음/습기,비,교차로 - 교차로부근,승용,남,50세,상해없음,보행자,남,79세,중상
노인사고,2021030100100262,2021년 3월 1일 18시,월요일,부산광역시 동래구 명장동,경상사고,0,0,1,0,차대사람 - 기타,안전운전불이행,젖음/습기,비,단일로 - 기타,승합,남,69세,상해없음,보행자,남,66세,경상
노인사고,2021030100100266,2021년 3월 1일 18시,월요일,부산광역시 사상구 학장동,중상사고,0,1,0,0,차대사람 - 기타,신호위반,젖음/습기,비,단일로 - 기타,이륜,남,33세,기타불명,보행자,여,72세,중상
노인사고,2021030100100362,2021년 3월 1일 20시,월요일,부산광역시 서구 충무동3가,경상사고,0,0,1,0,차대차 - 측면충돌,안전운전불이행,젖음/습기,비,단일로 - 기타,승용,남,34세,상해없음,승용,남,68세,경상
노인사고,2021030200100012,2021년 3월 2일 01시,화요일,부산광역시 연제구 연산동,중상사고,0,1,0,0,차대사람 - 횡단중,안전운전불이행,젖음/습기,비,단일로 - 기타,승용,남,34세,상해없음,보행자,여,72세,중상
노인사고,2021030200100065,2021년 3월 2일 08시,화요일,부산광역시 사상구 덕포동,경상사고,0,0,1,0,차대차 - 측면충돌,불법유턴,건조,맑음,단일로 - 기타,원동기,남,74세,경상,승용,남,63세,상해없음
노인사고,2021030200100154,2021년 3월 2일 11시,화요일,부산광역시 사상구 모라동,경상사고,0,0,1,0,차대차 - 측면충돌,차로위반,건조,맑음,단일로 - 기타,승용,여,65세,경상,화물,남,37세,상해없음
노인사고,2021030200100339,2021년 3월 2일 17시,화요일,부산광역시 북구 덕천동,중상사고,0,2,0,0,차대차 - 추돌,안전운전불이행,건조,맑음,단일로 - 기타,승용,남,59세,상해없음,승용,남,72세,중상
노인사고,2.02103E+15,2021년 3월 2일 17시,화요일,부산광역시 강서구 성북동,경상사고,0,0,1,0,차대차 - 측면충돌,안전운전불이행,건조,맑음,교차로 - 교차로부근,특수,남,27세,상해없음,특수,남,72세,경상
노인사고,2021030200100474,2021년 3월 2일 21시,화요일,부산광역시 수영구 민락동,경상사고,0,0,1,1,차대차 - 기타,교차로운행방법위반,건조,맑음,교차로 - 교차로안,승용,남,69세,부상신고,이륜,남,29세,경상
노인사고,2021030200100475,2021년 3월 2일 21시,화요일,부산광역시 해운대구 좌동,중상사고,0,1,1,0,차대차 - 정면충돌,신호위반,건조,맑음,교차로 - 교차로안,승용,여,27세,상해없음,승용,남,65세,경상
노인사고,2021030300100025,2021년 3월 3일 05시,수요일,부산광역시 중구 부평동1가,중상사고,0,1,0,0,차대사람 - 횡단중,안전운전불이행,건조,맑음,단일로 - 기타,화물,남,60세,상해없음,보행자,남,73세,중상
노인사고,2021030300100121,2021년 3월 3일 09시,수요일,부산광역시 사상구 괘법동,경상사고,0,0,1,0,차대차 - 측면충돌,안전운전불이행,건조,맑음,단일로 - 기타,승용,여,50세,상해없음,승용,남,68세,경상
노인사고,2021030300100146,2021년 3월 3일 10시,수요일,부산광역시 동구 초량동,경상사고,0,0,1,0,차대차 - 추돌,안전거리미확보,건조,맑음,교차로 - 교차로부근,승용,남,29세,상해없음,승용,남,66세,상해없음
노인사고,2021030300100147,2021년 3월 3일 10시,수요일,부산광역시 동래구 복천동,부상신고사고,0,0,0,1,차대사람 - 횡단중,보행자보호의무위반,건조,맑음,교차로 - 교차로안,화물,남,45세,상해없음,보행자,여,71세,부상신고
노인사고,2021030300100357,2021년 3월 3일 17시,수요일,부산광역시 영도구 봉래동2가,경상사고,0,0,2,0,차대차 - 기타,기타,건조,맑음,단일로 - 기타,승용,여,48세,상해없음,이륜,남,74세,경상
노인사고,2021030400100019,2021년 3월 4일 03시,목요일,부산광역시 연제구 연산동,경상사고,0,0,2,0,차대차 - 측면충돌,신호위반,건조,맑음,교차로 - 교차로부근,승용,남,65세,경상,원동기,남,26세,경상
노인사고,2.02103E+15,2021년 3월 4일 08시,목요일,부산광역시 영도구 청학동,경상사고,0,0,1,0,차대차 - 측면충돌,안전운전불이행,건조,맑음,교차로 - 교차로부근,승용,여,61세,상해없음,승용,남,67세,경상
노인사고,2021030400100135,2021년 3월 4일 10시,목요일,부산광역시 금정구 구서동,경상사고,0,0,1,0,차대사람 - 길가장자리구역통행중,보행자보호의무위반,건조,맑음,단일로 - 기타,승용,여,19세,상해없음,보행자,여,91세,경상
노인사고,2.02103E+15,2021년 3월 4일 13시,목요일,부산광역시 사하구 하단동,중상사고,0,1,0,0,차대사람 - 차도통행중,안전운전불이행,건조,맑음,단일로 - 기타,화물,남,55세,상해없음,보행자,남,83세,중상
노인사고,2021030400100211,2021년 3월 4일 13시,목요일,부산광역시 연제구 연산동,경상사고,0,0,2,0,차대차 - 기타,신호위반,건조,맑음,교차로 - 교차로안,승용,남,64세,상해없음,승용,남,75세,경상
노인사고,2021030400100258,2021년 3월 4일 15시,목요일,부산광역시 남구 용호동,경상사고,0,0,1,0,차대사람 - 차도통행중,안전운전불이행,건조,맑음,단일로 - 기타,승용,남,31세,상해없음,보행자,남,78세,경상
노인사고,2021030400100259,2021년 3월 4일 15시,목요일,부산광역시 사하구 하단동,경상사고,0,0,1,0,차대차 - 측면충돌,안전거리미확보,건조,맑음,단일로 - 지하차도(도로)내,화물,남,59세,상해없음,승용,남,74세,경상
노인사고,2021030400100281,2021년 3월 4일 16시,목요일,부산광역시 금정구 구서동,경상사고,0,0,2,0,차대차 - 기타,안전운전불이행,건조,맑음,단일로 - 기타,승합,남,73세,경상,승용,여,51세,경상
노인사고,2021030400100453,2021년 3월 4일 21시,목요일,부산광역시 연제구 거제동,경상사고,0,0,2,0,차대차 - 기타,안전거리미확보,젖음/습기,비,단일로 - 기타,승용,남,69세,상해없음,승용,여,54세,경상
노인사고,2021030500100158,2021년 3월 5일 10시,금요일,부산광역시 사하구 다대동,경상사고,0,0,1,0,차대사람 - 기타,안전운전불이행,건조,맑음,단일로 - 기타,승용,여,57세,상해없음,보행자,남,81세,경상
노인사고,2.02103E+15,2021년 3월 5일 13시,금요일,부산광역시 동구 범일동,중상사고,0,1,0,0,차대사람 - 횡단중,안전운전불이행,건조,맑음,교차로 - 교차로횡단보도내,자전거,남,52세,상해없음,보행자,여,68세,중상
노인사고,2021030500100309,2021년 3월 5일 15시,금요일,부산광역시 남구 대연동,경상사고,0,0,2,0,차대차 - 추돌,안전운전불이행,건조,맑음,단일로 - 터널,화물,남,49세,상해없음,승용,남,67세,경상
노인사고,2021030500100512,2021년 3월 5일 20시,금요일,부산광역시 사하구 감천동,중상사고,0,1,0,0,차대사람 - 차도통행중,중앙선침범,건조,맑음,단일로 - 기타,승용,남,40세,상해없음,보행자,남,80세,중상
노인사고,2021030600100039,2021년 3월 6일 05시,토요일,부산광역시 사하구 하단동,경상사고,0,0,1,0,차대차 - 추돌,안전운전불이행,건조,맑음,단일로 - 기타,승용,남,19세,상해없음,승용,남,68세,경상
노인사고,2021030600100047,2021년 3월 6일 06시,토요일,부산광역시 북구 화명동,중상사고,0,1,0,0,차대사람 - 차도통행중,안전운전불이행,건조,맑음,단일로 - 기타,승용,여,52세,상해없음,보행자,여,79세,중상
노인사고,2021030600100067,2021년 3월 6일 08시,토요일,부산광역시 사하구 다대동,중상사고,0,1,0,0,차대차 - 기타,신호위반,건조,맑음,교차로 - 교차로안,이륜,남,69세,중상,화물,남,53세,상해없음
노인사고,2021030600100103,2021년 3월 6일 10시,토요일,부산광역시 부산진구 부전동,경상사고,0,0,2,0,차대차 - 측면충돌,안전거리미확보,건조,맑음,단일로 - 기타,승용,남,26세,기타불명,승용,남,70세,경상
노인사고,2021030600100257,2021년 3월 6일 15시,토요일,부산광역시 수영구 광안동,중상사고,0,1,0,0,차대사람 - 횡단중,안전운전불이행,건조,맑음,교차로 - 교차로안,승용,여,40세,상해없음,보행자,여,76세,중상
노인사고,2021030600100387,2021년 3월 6일 19시,토요일,부산광역시 강서구 대저1동,경상사고,0,0,2,0,차대차 - 측면충돌,안전거리미확보,건조,맑음,단일로 - 기타,승용,남,51세,상해없음,화물,남,66세,경상
노인사고,2021030700100363,2021년 3월 7일 22시,일요일,부산광역시 부산진구 양정동,경상사고,0,0,1,0,차대차 - 측면충돌,안전거리미확보,건조,맑음,교차로 - 교차로부근,승합,남,46세,상해없음,승용,남,67세,경상
노인사고,2021030800100027,2021년 3월 8일 06시,월요일,부산광역시 금정구 두구동,경상사고,0,0,1,0,차대사람 - 횡단중,안전운전불이행,젖음/습기,흐림,교차로 - 교차로부근,승용,남,37세,상해없음,보행자,남,75세,경상
노인사고,2021030800100045,2021년 3월 8일 07시,월요일,부산광역시 동래구 사직동,경상사고,0,0,1,0,차대사람 - 기타,안전운전불이행,건조,맑음,교차로 - 교차로안,승용,여,48세,상해없음,보행자,여,81세,경상
노인사고,2.02103E+15,2021년 3월 8일 09시,월요일,부산광역시 중구 대창동1가,경상사고,0,0,2,0,차대차 - 측면충돌,안전거리미확보,건조,맑음,단일로 - 기타,승용,여,38세,상해없음,승용,남,78세,경상
노인사고,2021030800100194,2021년 3월 8일 11시,월요일,부산광역시 북구 구포동,경상사고,0,0,1,0,차대사람 - 횡단중,신호위반,건조,맑음,교차로 - 교차로횡단보도내,이륜,남,25세,상해없음,보행자,남,74세,경상
노인사고,2021030800100195,2021년 3월 8일 11시,월요일,부산광역시 부산진구 전포동,경상사고,0,0,2,0,차대차 - 후진중충돌,안전운전불이행,건조,맑음,교차로 - 교차로부근,승용,남,60세,상해없음,승용,남,39세,경상
노인사고,2021030800100252,2021년 3월 8일 13시,월요일,부산광역시 연제구 거제동,중상사고,0,1,0,0,차대차 - 측면충돌,교차로운행방법위반,건조,맑음,교차로 - 교차로안,승합,남,54세,상해없음,화물,남,72세,중상
노인사고,2021030800100439,2021년 3월 8일 18시,월요일,부산광역시 강서구 화전동,부상신고사고,0,0,0,1,차대차 - 추돌,안전운전불이행,건조,맑음,단일로 - 기타,화물,남,78세,부상신고,화물,남,33세,상해없음
노인사고,2021030800100522,2021년 3월 8일 20시,월요일,부산광역시 사상구 모라동,경상사고,0,0,1,1,차대차 - 추돌,안전운전불이행,건조,맑음,단일로 - 기타,이륜,남,61세,부상신고,승용,남,27세,상해없음
노인사고,2021030800100548,2021년 3월 8일 21시,월요일,부산광역시 서구 아미동2가,경상사고,0,0,1,0,차대사람 - 차도통행중,안전운전불이행,건조,맑음,교차로 - 교차로안,승용,남,25세,상해없음,보행자,남,73세,경상
노인사고,2021030900100025,2021년 3월 9일 05시,화요일,부산광역시 사상구 모라동,중상사고,0,1,0,0,차대차 - 기타,신호위반,건조,맑음,교차로 - 교차로안,자전거,남,69세,중상,승용,남,71세,상해없음
노인사고,2021030900100047,2021년 3월 9일 07시,화요일,부산광역시 부산진구 개금동,중상사고,0,1,0,0,차대사람 - 횡단중,안전운전불이행,건조,맑음,교차로 - 교차로부근,화물,남,41세,상해없음,보행자,여,68세,중상
노인사고,2021030900100067,2021년 3월 9일 08시,화요일,부산광역시 부산진구 양정동,중상사고,0,1,0,0,차대사람 - 기타,안전운전불이행,건조,맑음,단일로 - 기타,승용,남,42세,상해없음,보행자,여,68세,중상
노인사고,2021030900100114,2021년 3월 9일 10시,화요일,부산광역시 서구 서대신동2가,중상사고,0,1,0,0,차대사람 - 횡단중,안전운전불이행,건조,맑음,교차로 - 교차로부근,승용,여,48세,상해없음,보행자,여,74세,중상
노인사고,2021030900100115,2021년 3월 9일 10시,화요일,부산광역시 사상구 삼락동,중상사고,0,1,0,0,차대사람 - 기타,안전운전불이행,건조,맑음,단일로 - 기타,화물,남,30세,상해없음,보행자,여,90세,중상
노인사고,2.02103E+15,2021년 3월 9일 11시,화요일,부산광역시 사상구 주례동,경상사고,0,0,3,1,차대차 - 기타,중앙선침범,건조,맑음,교차로 - 교차로안,승용,남,73세,부상신고,승용,남,64세,경상
노인사고,2021030900100369,2021년 3월 9일 18시,화요일,부산광역시 부산진구 범천동,경상사고,0,0,1,0,차대사람 - 기타,안전운전불이행,건조,맑음,단일로 - 기타,이륜,남,79세,기타불명,보행자,여,81세,경상