사고부문,사고번호,사고일시,요일,시군구,사고내용,사망자수,중상자수,경상자수,부상신고자수,사고유형,법규위반,노면상태,기상상태,도로형태,가해운전자 차종,가해운전자 성별,가해운전자 연령,가해운전자 상해정도,피해운전자 차종,피해운전자 성별,피해운전자 연령,피해운전자 상해정도
노인사고,2021030900100459,2021년 3월 9일 21시,화요일,부산광역시 영도구 남항동1가,경상사고,0,0,1,0,차대차 - 기타,안전운전불이행,건조,맑음,교차로 - 교차로안,자전거,여,66세,경상,이륜,남,42세,상해없음
노인사고,2.02103E+15,2021년 3월 10일 05시,수요일,부산광역시 사상구 모라동,경상사고,0,0,1,0,차대차 - 정면충돌,신호위반,건조,맑음,교차로 - 교차로안,승용,남,58세,기타불명,승용,여,66세,경상
노인사고,2021031000100139,2021년 3월 10일 10시,수요일,부산광역시 부산진구 당감동,경상사고,0,0,1,0,차대사람 - 횡단중,보행자보호의무위반,건조,맑음,기타 - 기타,화물,남,54세,상해없음,보행자,남,66세,경상
노인사고,2.02103E+15,2021년 3월 10일 10시,수요일,부산광역시 부산진구 개금동,중상사고,0,1,0,0,차대차 - 측면충돌,안전운전불이행,건조,맑음,교차로 - 교차로안,승용,남,73세,상해없음,원동기,남,73세,중상
노인사고,2021031000100194,2021년 3월 10일 12시,수요일,부산광역시 남구 문현동,경상사고,0,0,1,0,차대차 - 측면충돌,안전운전불이행,건조,맑음,단일로 - 기타,화물,남,33세,상해없음,이륜,남,68세,경상
노인사고,2021031000100268,2021년 3월 10일 14시,수요일,부산광역시 사상구 덕포동,중상사고,0,1,0,0,차대차 - 측면충돌,안전운전불이행,건조,맑음,단일로 - 기타,승용,여,53세,상해없음,자전거,남,71세,중상
노인사고,2021031000100315,2021년 3월 10일 15시,수요일,부산광역시 금정구 부곡동,경상사고,0,0,2,0,차대차 - 기타,안전운전불이행,건조,맑음,단일로 - 기타,승용,여,64세,상해없음,승용,남,72세,경상
노인사고,2021031000100386,2021년 3월 10일 17시,수요일,부산광역시 부산진구 당감동,경상사고,0,0,1,0,차대차 - 기타,기타,건조,맑음,단일로 - 기타,승용,남,54세,상해없음,이륜,남,78세,경상
노인사고,2021031000100388,2021년 3월 10일 17시,수요일,부산광역시 사하구 장림동,경상사고,0,0,1,0,차대사람 - 횡단중,안전운전불이행,건조,맑음,교차로 - 교차로안,화물,남,52세,상해없음,보행자,남,67세,경상
노인사고,2.02103E+15,2021년 3월 10일 17시,수요일,부산광역시 강서구 대저1동,경상사고,0,0,2,0,차대차 - 추돌,안전운전불이행,건조,맑음,단일로 - 기타,화물,남,77세,상해없음,승용,여,55세,경상
노인사고,2021031100100106,2021년 3월 11일 09시,목요일,부산광역시 기장군 기장읍,중상사고,0,1,0,0,차대차 - 후진중충돌,안전운전불이행,건조,맑음,단일로 - 기타,승용,남,37세,상해없음,자전거,남,75세,중상
노인사고,2021031100100157,2021년 3월 11일 11시,목요일,부산광역시 해운대구 우동,경상사고,0,0,1,0,차대사람 - 차도통행중,안전운전불이행,건조,맑음,단일로 - 기타,자전거,여,43세,상해없음,보행자,여,75세,경상
노인사고,2021031100100188,2021년 3월 11일 12시,목요일,부산광역시 금정구 장전동,경상사고,0,0,1,0,차대사람 - 기타,보행자보호의무위반,건조,맑음,교차로 - 교차로횡단보도내,승용,남,35세,상해없음,보행자,여,68세,경상
노인사고,2021031100100269,2021년 3월 11일 15시,목요일,부산광역시 동래구 사직동,중상사고,0,1,0,0,차대사람 - 횡단중,보행자보호의무위반,건조,맑음,단일로 - 기타,원동기,남,73세,상해없음,보행자,여,84세,중상
노인사고,2021031100100271,2021년 3월 11일 15시,목요일,부산광역시 연제구 거제동,중상사고,0,2,0,0,차대사람 - 기타,안전운전불이행,건조,맑음,단일로 - 기타,승용,여,49세,기타불명,보행자,남,78세,중상
노인사고,2021031100100464,2021년 3월 11일 20시,목요일,부산광역시 사상구 주례동,경상사고,0,0,1,0,차대사람 - 기타,안전운전불이행,건조,맑음,단일로 - 기타,승용,남,61세,상해없음,보행자,여,74세,경상
노인사고,2021031100100549,2021년 3월 11일 23시,목요일,부산광역시 해운대구 우동,중상사고,0,1,1,0,차대차 - 측면충돌,신호위반,젖음/습기,비,교차로 - 교차로안,이륜,남,23세,중상,승용,남,72세,상해없음
노인사고,2021031200100032,2021년 3월 12일 06시,금요일,부산광역시 강서구 대저1동,경상사고,0,0,2,0,차대차 - 추돌,안전거리미확보,젖음/습기,비,단일로 - 기타,승용,남,69세,경상,승용,여,59세,경상
노인사고,2021031200100206,2021년 3월 12일 13시,금요일,부산광역시 동래구 명륜동,중상사고,0,1,0,0,차량단독 - 기타,신호위반,건조,맑음,단일로 - 기타,승합,남,41세,상해없음,,,,
노인사고,2021031200100208,2021년 3월 12일 13시,금요일,부산광역시 해운대구 중동,부상신고사고,0,0,0,1,차대차 - 추돌,안전운전불이행,젖음/습기,비,단일로 - 기타,기타불명,기타불명,미분류,기타불명,승용,여,73세,부상신고
노인사고,2021031200100277,2021년 3월 12일 15시,금요일,부산광역시 수영구 광안동,중상사고,0,1,0,0,차대사람 - 기타,안전운전불이행,젖음/습기,비,교차로 - 교차로안,승용,남,46세,상해없음,보행자,여,70세,중상
노인사고,2021031200100445,2021년 3월 12일 19시,금요일,부산광역시 금정구 장전동,경상사고,0,0,1,1,차대차 - 측면충돌,중앙선침범,건조,맑음,단일로 - 기타,승용,여,52세,상해없음,승용,남,69세,경상
노인사고,2021031200100501,2021년 3월 12일 20시,금요일,부산광역시 사하구 하단동,경상사고,0,0,1,0,차대사람 - 기타,안전운전불이행,젖음/습기,비,단일로 - 기타,승용,남,47세,상해없음,보행자,남,65세,경상
노인사고,2021031300100066,2021년 3월 13일 08시,토요일,부산광역시 북구 만덕동,경상사고,0,0,2,0,차대차 - 추돌,안전운전불이행,건조,맑음,교차로 - 교차로부근,승용,남,55세,상해없음,승용,여,49세,경상
노인사고,2021031300100108,2021년 3월 13일 10시,토요일,부산광역시 금정구 부곡동,중상사고,0,1,4,0,차대차 - 추돌,안전운전불이행,건조,맑음,단일로 - 기타,화물,남,56세,중상,승용,여,44세,경상
노인사고,2021031300100181,2021년 3월 13일 12시,토요일,부산광역시 수영구 남천동,경상사고,0,0,4,0,차대차 - 추돌,안전운전불이행,건조,맑음,단일로 - 기타,승용,남,65세,상해없음,승용,남,36세,경상
노인사고,2021031300100182,2021년 3월 13일 12시,토요일,부산광역시 남구 용호동,경상사고,0,0,1,0,차대사람 - 차도통행중,안전운전불이행,건조,맑음,단일로 - 기타,승용,남,67세,상해없음,보행자,여,69세,경상
노인사고,2021031300100228,2021년 3월 13일 13시,토요일,부산광역시 남구 용호동,중상사고,0,1,0,0,차대사람 - 기타,보행자보호의무위반,건조,맑음,교차로 - 교차로횡단보도내,승용,남,52세,상해없음,보행자,남,70세,중상
노인사고,2021031300100229,2021년 3월 13일 13시,토요일,부산광역시 동래구 사직동,경상사고,0,0,1,0,차대사람 - 차도통행중,안전운전불이행,건조,맑음,단일로 - 기타,승용,남,42세,상해없음,보행자,여,69세,경상
노인사고,2021031300100262,2021년 3월 13일 14시,토요일,부산광역시 동구 좌천동,경상사고,0,0,1,0,차대차 - 추돌,안전운전불이행,건조,맑음,단일로 - 기타,승용,남,59세,상해없음,승용,남,70세,경상
노인사고,2021031300100488,2021년 3월 13일 21시,토요일,부산광역시 연제구 거제동,경상사고,0,0,2,0,차대차 - 기타,신호위반,건조,맑음,교차로 - 교차로안,승용,여,40세,상해없음,승용,남,62세,경상
노인사고,2021031400100021,2021년 3월 14일 02시,일요일,부산광역시 기장군 일광면,경상사고,0,0,1,0,차대차 - 추돌,안전운전불이행,건조,맑음,교차로 - 교차로부근,승용,남,56세,상해없음,승용,남,65세,경상
노인사고,2021031400100032,2021년 3월 14일 04시,일요일,부산광역시 북구 화명동,중상사고,0,1,0,0,차대차 - 추돌,안전운전불이행,건조,맑음,단일로 - 기타,승용,남,22세,상해없음,승용,남,75세,중상
노인사고,2021031400100092,2021년 3월 14일 11시,일요일,부산광역시 사하구 당리동,경상사고,0,0,4,0,차대차 - 기타,안전거리미확보,건조,맑음,단일로 - 기타,승용,남,34세,상해없음,승용,여,48세,경상
노인사고,2021031500100022,2021년 3월 15일 05시,월요일,부산광역시 북구 구포동,중상사고,0,1,0,0,차대사람 - 차도통행중,안전운전불이행,건조,맑음,단일로 - 기타,승용,남,54세,상해없음,보행자,남,82세,중상
노인사고,2021031500100028,2021년 3월 15일 06시,월요일,부산광역시 해운대구 반여동,중상사고,0,1,0,0,차대사람 - 횡단중,보행자보호의무위반,건조,맑음,교차로 - 교차로횡단보도내,승용,남,47세,상해없음,보행자,여,69세,중상
노인사고,2021031500100146,2021년 3월 15일 10시,월요일,부산광역시 서구 동대신동2가,중상사고,0,1,0,0,차대차 - 추돌,안전운전불이행,건조,맑음,단일로 - 기타,원동기,남,69세,중상,승용,여,46세,상해없음
노인사고,2021031500100174,2021년 3월 15일 11시,월요일,부산광역시 동구 초량동,중상사고,0,1,0,0,차대사람 - 길가장자리구역통행중,안전운전불이행,건조,맑음,교차로 - 교차로안,승용,남,62세,상해없음,보행자,여,66세,중상
노인사고,2021031500100253,2021년 3월 15일 14시,월요일,부산광역시 연제구 연산동,경상사고,0,0,1,0,차대사람 - 보도통행중,기타,건조,맑음,단일로 - 기타,승용,여,62세,상해없음,보행자,여,76세,경상
노인사고,2021031500100362,2021년 3월 15일 17시,월요일,부산광역시 수영구 광안동,중상사고,0,2,0,0,차대차 - 기타,안전운전불이행,건조,맑음,단일로 - 기타,이륜,남,42세,중상,승용,남,69세,중상
노인사고,2021031500100365,2021년 3월 15일 17시,월요일,부산광역시 금정구 구서동,경상사고,0,0,1,0,차대사람 - 기타,안전운전불이행,건조,맑음,기타 - 기타,기타불명,기타불명,미분류,기타불명,보행자,남,67세,경상
노인사고,2021031500100548,2021년 3월 15일 23시,월요일,부산광역시 영도구 봉래동4가,경상사고,0,0,1,0,차대사람 - 차도통행중,안전운전불이행,건조,흐림,단일로 - 기타,승용,남,68세,상해없음,보행자,남,68세,경상
노인사고,2021031600100064,2021년 3월 16일 07시,화요일,부산광역시 서구 충무동1가,중상사고,0,1,0,0,차대사람 - 횡단중,안전운전불이행,건조,맑음,단일로 - 기타,자전거,남,61세,상해없음,보행자,여,74세,중상
노인사고,2021031600100167,2021년 3월 16일 10시,화요일,부산광역시 동구 범일동,경상사고,0,0,1,0,차량단독 - 기타,안전운전불이행,건조,맑음,단일로 - 기타,승합,남,51세,상해없음,,,,
노인사고,2.02103E+15,2021년 3월 16일 11시,화요일,부산광역시 사상구 학장동,경상사고,0,0,1,0,차대차 - 측면충돌,안전거리미확보,건조,맑음,단일로 - 지하차도(도로)내,이륜,남,76세,경상,승용,남,62세,상해없음
노인사고,2021031600100391,2021년 3월 16일 17시,화요일,부산광역시 해운대구 반송동,경상사고,0,0,1,0,차대사람 - 횡단중,보행자보호의무위반,건조,맑음,기타 - 기타,승용,남,60세,상해없음,보행자,남,69세,경상
노인사고,2.02103E+15,2021년 3월 16일 18시,화요일,부산광역시 금정구 서동,중상사고,0,1,0,0,차대사람 - 횡단중,안전운전불이행,건조,맑음,교차로 - 교차로안,승용,남,61세,상해없음,보행자,여,79세,중상
노인사고,2021031600100513,2021년 3월 16일 20시,화요일,부산광역시 강서구 화전동,중상사고,0,1,0,0,차대차 - 측면충돌,안전운전불이행,건조,맑음,교차로 - 교차로부근,승용,남,59세,상해없음,자전거,남,71세,중상
노인사고,2.02103E+15,2021년 3월 16일 22시,화요일,부산광역시 부산진구 당감동,경상사고,0,0,4,0,차대차 - 기타,중앙선침범,건조,맑음,단일로 - 기타,승용,남,66세,상해없음,승용,남,63세,경상
노인사고,2021031700100019,2021년 3월 17일 04시,수요일,부산광역시 사상구 괘법동,중상사고,0,1,0,0,차대사람 - 기타,안전운전불이행,건조,맑음,교차로 - 교차로횡단보도내,승용,여,65세,상해없음,보행자,여,69세,중상
노인사고,2021031700100044,2021년 3월 17일 07시,수요일,부산광역시 수영구 민락동,중상사고,0,1,0,0,차대사람 - 길가장자리구역통행중,안전운전불이행,건조,맑음,교차로 - 교차로부근,승용,남,62세,상해없음,보행자,여,81세,중상
노인사고,2021031700100255,2021년 3월 17일 14시,수요일,부산광역시 동래구 안락동,경상사고,0,0,5,0,차대차 - 기타,차로위반,건조,맑음,단일로 - 기타,승용,남,73세,상해없음,승용,여,39세,경상
노인사고,2021031700100258,2021년 3월 17일 14시,수요일,부산광역시 부산진구 당감동,경상사고,0,0,1,0,차대차 - 기타,안전운전불이행,건조,맑음,단일로 - 기타,승용,남,67세,상해없음,자전거,남,69세,경상
노인사고,2021031700100295,2021년 3월 17일 15시,수요일,부산광역시 사상구 삼락동,경상사고,0,0,1,0,차대차 - 정면충돌,신호위반,건조,맑음,교차로 - 교차로안,승용,남,61세,상해없음,승용,남,79세,경상
노인사고,2021031700100366,2021년 3월 17일 17시,수요일,부산광역시 금정구 구서동,중상사고,0,1,0,0,차대사람 - 기타,기타,건조,맑음,단일로 - 기타,승용,남,29세,상해없음,보행자,여,74세,중상
노인사고,2021031700100485,2021년 3월 17일 20시,수요일,부산광역시 중구 남포동5가,사망사고,1,0,0,0,차대사람 - 횡단중,안전운전불이행,건조,맑음,단일로 - 지하차도(도로)내,승용,남,74세,상해없음,보행자,여,66세,사망
노인사고,2021031800100033,2021년 3월 18일 05시,목요일,부산광역시 강서구 송정동,경상사고,0,0,1,0,차대차 - 기타,신호위반,건조,맑음,교차로 - 교차로안,승용,남,61세,상해없음,화물,남,67세,경상
노인사고,2021031800100085,2021년 3월 18일 08시,목요일,부산광역시 강서구 범방동,중상사고,0,2,0,0,차대차 - 정면충돌,중앙선침범,건조,맑음,단일로 - 기타,화물,남,65세,중상,승용,남,28세,중상
노인사고,2.02103E+15,2021년 3월 18일 16시,목요일,부산광역시 강서구 명지동,중상사고,0,2,0,0,차대차 - 측면충돌,신호위반,건조,맑음,교차로 - 교차로안,승용,남,66세,상해없음,승용,여,65세,중상
노인사고,2021031800100353,2021년 3월 18일 17시,목요일,부산광역시 금정구 노포동,부상신고사고,0,0,0,1,차대사람 - 기타,안전운전불이행,건조,맑음,단일로 - 기타,승용,남,51세,상해없음,보행자,남,68세,부상신고
노인사고,2021031900100019,2021년 3월 19일 03시,금요일,부산광역시 영도구 영선동2가,경상사고,0,0,2,0,차대사람 - 횡단중,보행자보호의무위반,건조,흐림,교차로 - 교차로횡단보도내,승용,남,53세,상해없음,보행자,여,66세,경상
노인사고,2021031900100306,2021년 3월 19일 15시,금요일,부산광역시 수영구 남천동,경상사고,0,0,1,0,차대사람 - 기타,안전운전불이행,건조,맑음,교차로 - 교차로안,승용,남,56세,상해없음,보행자,여,66세,경상
노인사고,2.02103E+15,2021년 3월 19일 18시,금요일,부산광역시 금정구 남산동,중상사고,0,1,0,0,차대사람 - 횡단중,안전운전불이행,건조,맑음,단일로 - 기타,이륜,남,30세,상해없음,보행자,남,73세,중상
노인사고,2021032000100006,2021년 3월 20일 00시,토요일,부산광역시 서구 동대신동2가,경상사고,0,0,1,0,차대차 - 측면충돌,중앙선침범,건조,맑음,교차로 - 교차로안,승용,여,45세,상해없음,승용,남,69세,경상
노인사고,2021032000100028,2021년 3월 20일 04시,토요일,부산광역시 사하구 당리동,경상사고,0,0,1,0,차대차 - 측면충돌,기타,젖음/습기,비,단일로 - 지하차도(도로)내,승용,남,46세,상해없음,자전거,남,67세,경상
노인사고,2021032000100077,2021년 3월 20일 09시,토요일,부산광역시 서구 서대신동2가,경상사고,0,0,4,0,차대차 - 측면충돌,안전운전불이행,젖음/습기,비,단일로 - 기타,승용,남,55세,상해없음,승용,남,33세,경상
노인사고,2021032000100187,2021년 3월 20일 13시,토요일,부산광역시 사상구 엄궁동,중상사고,0,1,0,0,차대차 - 측면충돌,안전운전불이행,젖음/습기,비,단일로 - 지하차도(도로)내,승용,남,70세,중상,화물,남,46세,기타불명
노인사고,2021032000100456,2021년 3월 20일 21시,토요일,부산광역시 동래구 사직동,중상사고,0,1,0,0,차대사람 - 기타,안전운전불이행,건조,맑음,단일로 - 기타,승용,남,29세,상해없음,보행자,여,74세,중상
노인사고,2021032000100483,2021년 3월 20일 22시,토요일,부산광역시 부산진구 전포동,중상사고,0,2,4,0,차대차 - 측면충돌,신호위반,건조,흐림,교차로 - 교차로안,승용,남,76세,중상,승용,여,38세,경상
노인사고,2021032100100021,2021년 3월 21일 02시,일요일,부산광역시 수영구 남천동,중상사고,0,1,0,0,차대차 - 측면충돌,안전운전불이행,건조,맑음,교차로 - 교차로안,이륜,남,18세,상해없음,승용,여,68세,중상
노인사고,2021032100100064,2021년 3월 21일 09시,일요일,부산광역시 연제구 거제동,경상사고,0,0,1,0,차대차 - 기타,교차로운행방법위반,건조,맑음,교차로 - 교차로부근,승용,남,63세,상해없음,자전거,남,68세,경상
노인사고,2021032100100105,2021년 3월 21일 12시,일요일,부산광역시 사하구 하단동,사망사고,1,0,0,0,차대차 - 기타,안전운전불이행,건조,맑음,단일로 - 기타,화물,남,29세,상해없음,자전거,남,78세,사망
노인사고,2021032100100425,2021년 3월 21일 23시,일요일,부산광역시 사하구 신평동,경상사고,0,0,1,0,차대차 - 추돌,안전운전불이행,건조,맑음,교차로 - 교차로안,승용,남,25세,상해없음,화물,남,67세,경상
노인사고,2021032200100151,2021년 3월 22일 10시,월요일,부산광역시 연제구 거제동,중상사고,0,1,0,0,차대사람 - 횡단중,신호위반,건조,맑음,단일로 - 기타,승용,여,52세,상해없음,보행자,남,65세,중상
노인사고,2021032200100313,2021년 3월 22일 15시,월요일,부산광역시 서구 충무동1가,경상사고,0,0,1,0,차대차 - 측면충돌,안전운전불이행,건조,맑음,단일로 - 기타,원동기,여,71세,경상,화물,남,72세,상해없음
노인사고,2021032300100183,2021년 3월 23일 12시,화요일,부산광역시 북구 구포동,부상신고사고,0,0,0,1,차대사람 - 기타,안전운전불이행,건조,맑음,단일로 - 기타,승용,남,76세,상해없음,보행자,남,74세,부상신고
노인사고,2021032300100371,2021년 3월 23일 17시,화요일,부산광역시 남구 우암동,경상사고,0,0,1,0,차대차 - 후진중충돌,안전운전불이행,건조,맑음,기타 - 기타,승용,남,40세,상해없음,이륜,남,75세,경상
노인사고,2021032300100517,2021년 3월 23일 21시,화요일,부산광역시 금정구 남산동,중상사고,0,1,0,0,차대사람 - 기타,보행자보호의무위반,건조,맑음,교차로 - 교차로안,승용,남,58세,상해없음,보행자,여,74세,중상
노인사고,2021032300100564,2021년 3월 23일 23시,화요일,부산광역시 영도구 동삼동,중상사고,0,1,0,0,차대사람 - 기타,안전운전불이행,건조,맑음,주차장 - 주차장,승용,남,52세,상해없음,보행자,남,69세,중상
노인사고,2021032400100124,2021년 3월 24일 09시,수요일,부산광역시 동래구 안락동,경상사고,0,0,1,0,차대사람 - 기타,안전운전불이행,건조,맑음,교차로 - 교차로횡단보도내,승용,여,59세,상해없음,보행자,여,70세,경상
노인사고,2021032400100159,2021년 3월 24일 10시,수요일,부산광역시 부산진구 범천동,중상사고,0,1,0,0,차대사람 - 기타,안전운전불이행,건조,맑음,교차로 - 교차로안,화물,남,61세,상해없음,보행자,여,66세,중상
노인사고,2021032400100228,2021년 3월 24일 13시,수요일,부산광역시 동래구 수안동,경상사고,0,0,1,0,차대사람 - 기타,안전운전불이행,건조,맑음,교차로 - 교차로안,승용,여,46세,상해없음,보행자,여,65세,경상
노인사고,2021032400100229,2021년 3월 24일 13시,수요일,부산광역시 부산진구 초읍동,경상사고,0,0,3,0,차대차 - 측면충돌,안전거리미확보,건조,맑음,교차로 - 교차로안,화물,남,59세,상해없음,승용,여,58세,경상
노인사고,2021032400100265,2021년 3월 24일 14시,수요일,부산광역시 해운대구 재송동,경상사고,0,0,1,0,차대차 - 추돌,안전운전불이행,건조,맑음,교차로 - 교차로부근,화물,남,58세,상해없음,화물,남,66세,경상
노인사고,2021032400100556,2021년 3월 24일 23시,수요일,부산광역시 부산진구 초읍동,경상사고,0,0,1,0,차대사람 - 기타,안전운전불이행,건조,맑음,단일로 - 기타,승용,남,70세,상해없음,보행자,남,72세,경상
노인사고,2021032500100076,2021년 3월 25일 08시,목요일,부산광역시 강서구 화전동,경상사고,0,0,1,0,차대차 - 측면충돌,신호위반,건조,맑음,교차로 - 교차로안,승용,남,29세,상해없음,자전거,여,66세,경상
노인사고,2021032500100164,2021년 3월 25일 11시,목요일,부산광역시 금정구 구서동,경상사고,0,0,1,0,차대차 - 기타,안전운전불이행,건조,맑음,기타 - 기타,승용,여,61세,상해없음,자전거,남,66세,경상
노인사고,2021032500100385,2021년 3월 25일 17시,목요일,부산광역시 부산진구 당감동,중상사고,0,1,0,0,차대사람 - 차도통행중,신호위반,건조,맑음,교차로 - 교차로부근,이륜,남,29세,상해없음,보행자,여,67세,중상
노인사고,2021032500100548,2021년 3월 25일 21시,목요일,부산광역시 동구 초량동,경상사고,0,0,2,0,차대차 - 추돌,기타,건조,맑음,단일로 - 기타,승용,남,41세,상해없음,승용,여,54세,경상
노인사고,2021032600100044,2021년 3월 26일 07시,금요일,부산광역시 해운대구 우동,경상사고,0,0,1,0,차대차 - 측면충돌,신호위반,건조,맑음,교차로 - 교차로안,승용,여,31세,상해없음,승용,남,39세,상해없음
노인사고,2021032600100123,2021년 3월 26일 09시,금요일,부산광역시 수영구 광안동,경상사고,0,0,1,0,차량단독 - 기타,기타,건조,맑음,단일로 - 기타,승합,남,50세,상해없음,,,,
노인사고,2021032600100277,2021년 3월 26일 14시,금요일,부산광역시 수영구 광안동,중상사고,0,1,0,0,차대사람 - 기타,안전운전불이행,건조,맑음,단일로 - 기타,승용,남,60세,상해없음,보행자,여,78세,중상
노인사고,2021032600100278,2021년 3월 26일 14시,금요일,부산광역시 영도구 대교동1가,경상사고,0,0,1,0,차대차 - 측면충돌,안전운전불이행,건조,맑음,단일로 - 교량,이륜,남,76세,경상,승용,남,40세,상해없음
노인사고,2.02103E+15,2021년 3월 26일 14시,금요일,부산광역시 해운대구 우동,중상사고,0,1,0,0,차대사람 - 횡단중,신호위반,건조,맑음,교차로 - 교차로횡단보도내,이륜,남,77세,상해없음,보행자,여,69세,중상
노인사고,2021032600100281,2021년 3월 26일 14시,금요일,부산광역시 부산진구 전포동,중상사고,0,1,0,0,차대사람 - 기타,안전운전불이행,건조,맑음,단일로 - 기타,승합,남,54세,상해없음,보행자,여,80세,중상
노인사고,2021032600100319,2021년 3월 26일 15시,금요일,부산광역시 사상구 주례동,경상사고,0,0,2,0,차대차 - 측면충돌,안전거리미확보,건조,맑음,단일로 - 기타,승용,남,59세,상해없음,승용,남,70세,경상
노인사고,2021032700100137,2021년 3월 27일 11시,토요일,부산광역시 사하구 장림동,중상사고,0,1,0,0,차대차 - 기타,불법유턴,건조,맑음,교차로 - 교차로안,자전거,남,70세,중상,이륜,남,50세,상해없음
노인사고,2021032700100172,2021년 3월 27일 12시,토요일,부산광역시 사상구 감전동,사망사고,1,0,1,0,차대차 - 기타,안전운전불이행,건조,맑음,교차로 - 교차로안,승용,남,69세,사망,승합,남,43세,상해없음
노인사고,2021032700100348,2021년 3월 27일 16시,토요일,부산광역시 영도구 동삼동,경상사고,0,0,1,0,차대사람 - 횡단중,보행자보호의무위반,젖음/습기,비,단일로 - 기타,승용,여,55세,상해없음,보행자,남,87세,경상
노인사고,2021032700100391,2021년 3월 27일 17시,토요일,부산광역시 동래구 안락동,경상사고,0,0,5,0,차대차 - 기타,교차로운행방법위반,건조,맑음,교차로 - 교차로안,승용,남,60세,상해없음,승용,남,38세,경상
노인사고,2021032700100392,2021년 3월 27일 17시,토요일,부산광역시 영도구 신선동2가,중상사고,0,1,0,0,차대사람 - 기타,안전운전불이행,젖음/습기,흐림,교차로 - 교차로부근,승용,여,42세,상해없음,보행자,여,75세,중상
노인사고,2021032700100532,2021년 3월 27일 20시,토요일,부산광역시 남구 문현동,경상사고,0,0,1,0,차대사람 - 기타,안전운전불이행,젖음/습기,비,기타 - 기타,승용,여,42세,상해없음,보행자,남,67세,경상
노인사고,2021032700100615,2021년 3월 27일 22시,토요일,부산광역시 기장군 기장읍,사망사고,2,0,0,0,차대차 - 추돌,안전운전불이행,젖음/습기,비,단일로 - 기타,승용,남,39세,상해없음,승용,남,52세,사망
노인사고,2021032800100079,2021년 3월 28일 07시,일요일,부산광역시 강서구 대저1동,중상사고,0,1,0,0,차대차 - 추돌,안전운전불이행,건조,맑음,단일로 - 교량,화물,남,28세,상해없음,승용,여,59세,상해없음
노인사고,2021032800100129,2021년 3월 28일 11시,일요일,부산광역시 부산진구 가야동,경상사고,0,0,1,0,차대차 - 측면충돌,안전운전불이행,건조,맑음,교차로 - 교차로부근,이륜,남,32세,상해없음,승용,여,70세,경상
노인사고,2021032800100148,2021년 3월 28일 12시,일요일,부산광역시 수영구 광안동,경상사고,0,0,3,5,차대차 - 측면충돌,교차로운행방법위반,건조,맑음,교차로 - 교차로안,승용,남,38세,부상신고,승용,남,39세,경상
노인사고,2021032800100181,2021년 3월 28일 13시,일요일,부산광역시 해운대구 중동,경상사고,0,0,1,1,차대차 - 기타,기타,건조,맑음,단일로 - 기타,승용,여,70세,경상,화물,남,29세,기타불명
노인사고,2.02103E+15,2021년 3월 29일 09시,월요일,부산광역시 사상구 삼락동,중상사고,0,1,0,0,차대사람 - 기타,안전운전불이행,건조,맑음,교차로 - 교차로안,승용,남,43세,상해없음,보행자,남,65세,중상
노인사고,2021032900100247,2021년 3월 29일 12시,월요일,부산광역시 해운대구 반송동,중상사고,0,1,0,0,차대사람 - 보도통행중,중앙선침범,건조,맑음,단일로 - 기타,승용,남,75세,상해없음,보행자,여,78세,중상
노인사고,2021032900100248,2021년 3월 29일 12시,월요일,부산광역시 부산진구 부암동,경상사고,0,0,1,0,차대차 - 측면충돌,안전운전불이행,건조,맑음,교차로 - 교차로안,승용,남,71세,상해없음,자전거,남,79세,경상
노인사고,2021032900100282,2021년 3월 29일 13시,월요일,부산광역시 북구 만덕동,중상사고,0,1,1,0,차대사람 - 기타,안전운전불이행,건조,맑음,기타 - 기타,승용,남,60세,상해없음,보행자,여,66세,경상
노인사고,2021032900100318,2021년 3월 29일 14시,월요일,부산광역시 동구 초량동,중상사고,0,1,2,0,차대차 - 측면충돌,교차로운행방법위반,건조,맑음,교차로 - 교차로안,승용,남,67세,경상,승용,남,36세,중상
노인사고,2021032900100493,2021년 3월 29일 19시,월요일,부산광역시 수영구 망미동,경상사고,0,0,1,0,차대사람 - 기타,중앙선침범,건조,맑음,단일로 - 기타,승용,남,60세,상해없음,보행자,남,67세,경상
노인사고,2021033000100238,2021년 3월 30일 12시,화요일,부산광역시 부산진구 부전동,중상사고,0,1,0,0,차대사람 - 기타,보행자보호의무위반,건조,맑음,교차로 - 교차로횡단보도내,이륜,남,18세,상해없음,보행자,여,69세,중상
노인사고,2021033000100264,2021년 3월 30일 13시,화요일,부산광역시 부산진구 초읍동,중상사고,0,1,0,0,차대사람 - 차도통행중,안전운전불이행,건조,맑음,교차로 - 교차로안,화물,남,71세,상해없음,보행자,남,88세,중상
노인사고,2021033000100371,2021년 3월 30일 16시,화요일,부산광역시 남구 대연동,중상사고,0,1,0,0,차대사람 - 기타,안전운전불이행,건조,맑음,단일로 - 기타,화물,남,67세,상해없음,보행자,남,87세,중상
노인사고,2021033000100372,2021년 3월 30일 16시,화요일,부산광역시 금정구 부곡동,중상사고,0,1,2,0,차대차 - 추돌,안전운전불이행,건조,맑음,단일로 - 터널,승용,여,34세,상해없음,승용,남,52세,중상