사고부문,사고번호,사고일시,요일,시군구,사고내용,사망자수,중상자수,경상자수,부상신고자수,사고유형,법규위반,노면상태,기상상태,도로형태,가해운전자 차종,가해운전자 성별,가해운전자 연령,가해운전자 상해정도,피해운전자 차종,피해운전자 성별,피해운전자 연령,피해운전자 상해정도
노인사고,2021041800100108,2021년 4월 18일 12시,일요일,부산광역시 사상구 감전동,경상사고,0,0,6,0,차대차 - 추돌,안전운전불이행,건조,맑음,교차로 - 교차로부근,화물,남,64세,상해없음,승용,남,46세,경상
노인사고,2021041800100139,2021년 4월 18일 13시,일요일,부산광역시 동구 초량동,경상사고,0,0,1,0,차대차 - 측면충돌,안전거리미확보,건조,맑음,단일로 - 기타,승용,남,49세,기타불명,승용,남,68세,경상
노인사고,2021041900100017,2021년 4월 19일 03시,월요일,부산광역시 동래구 명륜동,중상사고,0,1,0,0,차대차 - 측면충돌,신호위반,건조,맑음,교차로 - 교차로안,이륜,남,74세,중상,화물,남,56세,상해없음
노인사고,2021041900100077,2021년 4월 19일 08시,월요일,부산광역시 부산진구 범전동,경상사고,0,0,5,0,차대차 - 기타,안전운전불이행,건조,맑음,교차로 - 교차로안,승용,남,51세,상해없음,승용,여,66세,경상
노인사고,2021041900100509,2021년 4월 19일 20시,월요일,부산광역시 중구 남포동4가,경상사고,0,0,3,0,차대차 - 기타,교차로운행방법위반,건조,맑음,교차로 - 교차로안,화물,남,44세,상해없음,승용,남,66세,상해없음
노인사고,2021041900100579,2021년 4월 19일 23시,월요일,부산광역시 수영구 광안동,중상사고,0,1,0,0,차대차 - 기타,안전운전불이행,건조,맑음,교차로 - 교차로안,승합,남,46세,상해없음,자전거,남,70세,중상
노인사고,2021042000100045,2021년 4월 20일 07시,화요일,부산광역시 동래구 온천동,중상사고,0,1,0,0,차대사람 - 횡단중,안전운전불이행,건조,맑음,교차로 - 교차로안,승용,남,47세,상해없음,보행자,남,79세,중상
노인사고,2021042000100118,2021년 4월 20일 09시,화요일,부산광역시 동구 범일동,경상사고,0,0,1,0,차대사람 - 기타,안전운전불이행,건조,맑음,단일로 - 기타,승용,여,60세,상해없음,보행자,남,68세,경상
노인사고,2021042000100124,2021년 4월 20일 09시,화요일,부산광역시 부산진구 부전동,경상사고,0,0,1,0,차대사람 - 보도통행중,안전운전불이행,건조,맑음,단일로 - 기타,승용,남,63세,상해없음,보행자,남,70세,경상
노인사고,2021042000100125,2021년 4월 20일 09시,화요일,부산광역시 사하구 신평동,중상사고,0,1,3,0,차대차 - 측면충돌,신호위반,건조,맑음,교차로 - 교차로안,승용,남,71세,상해없음,승용,남,75세,경상
노인사고,2021042000100227,2021년 4월 20일 12시,화요일,부산광역시 사하구 장림동,경상사고,0,0,1,0,차량단독 - 기타,안전운전불이행,건조,맑음,단일로 - 기타,승합,남,55세,상해없음,,,,
노인사고,2021042000100269,2021년 4월 20일 13시,화요일,부산광역시 연제구 연산동,경상사고,0,0,1,0,차대사람 - 길가장자리구역통행중,안전운전불이행,건조,맑음,단일로 - 기타,승용,남,47세,상해없음,보행자,남,66세,경상
노인사고,2.02104E+15,2021년 4월 20일 14시,화요일,부산광역시 동래구 온천동,중상사고,0,1,0,0,차대차 - 기타,기타,건조,맑음,교차로 - 교차로부근,승용,여,50세,상해없음,승합,남,61세,상해없음
노인사고,2.02104E+15,2021년 4월 20일 15시,화요일,부산광역시 중구 부평동1가,중상사고,0,1,0,0,차대사람 - 횡단중,안전운전불이행,건조,맑음,교차로 - 교차로부근,승용,남,65세,상해없음,보행자,여,78세,중상
노인사고,2021042000100341,2021년 4월 20일 15시,화요일,부산광역시 부산진구 전포동,중상사고,0,1,0,0,차대차 - 기타,안전운전불이행,기타,맑음,단일로 - 기타,승용,남,68세,상해없음,이륜,여,68세,중상
노인사고,2021042000100342,2021년 4월 20일 15시,화요일,부산광역시 사하구 다대동,중상사고,0,1,0,0,차대차 - 정면충돌,교차로운행방법위반,건조,맑음,교차로 - 교차로안,승용,남,64세,상해없음,이륜,남,77세,중상
노인사고,2.02104E+15,2021년 4월 20일 19시,화요일,부산광역시 동래구 온천동,경상사고,0,0,4,0,차대차 - 측면충돌,안전운전불이행,건조,맑음,교차로 - 교차로안,승용,여,36세,상해없음,승용,남,66세,경상
노인사고,2021042000100537,2021년 4월 20일 20시,화요일,부산광역시 금정구 부곡동,경상사고,0,0,1,0,차대사람 - 기타,교차로운행방법위반,건조,맑음,교차로 - 교차로안,이륜,남,39세,상해없음,보행자,여,67세,경상
노인사고,2.02104E+15,2021년 4월 21일 06시,수요일,부산광역시 사하구 감천동,중상사고,0,1,0,0,차대차 - 기타,안전운전불이행,건조,맑음,교차로 - 교차로부근,승용,남,45세,상해없음,자전거,남,73세,중상
노인사고,2021042100100152,2021년 4월 21일 10시,수요일,부산광역시 수영구 광안동,경상사고,0,0,1,0,차대사람 - 횡단중,안전운전불이행,건조,맑음,단일로 - 기타,승용,남,69세,상해없음,보행자,여,79세,경상
노인사고,2021042100100178,2021년 4월 21일 11시,수요일,부산광역시 연제구 거제동,중상사고,0,1,0,0,차대사람 - 기타,안전운전불이행,건조,맑음,단일로 - 기타,승용,여,38세,상해없음,보행자,남,71세,중상
노인사고,2021042100100239,2021년 4월 21일 13시,수요일,부산광역시 연제구 거제동,경상사고,0,0,1,0,차대사람 - 횡단중,보행자보호의무위반,건조,맑음,단일로 - 기타,화물,남,65세,상해없음,보행자,여,68세,경상
노인사고,2021042100100284,2021년 4월 21일 14시,수요일,부산광역시 서구 서대신동2가,경상사고,0,0,2,0,차대차 - 정면충돌,신호위반,건조,맑음,교차로 - 교차로안,화물,남,50세,경상,원동기,남,78세,경상
노인사고,2021042100100285,2021년 4월 21일 14시,수요일,부산광역시 해운대구 중동,부상신고사고,0,0,0,1,차대차 - 기타,신호위반,건조,맑음,교차로 - 교차로안,자전거,남,69세,부상신고,승용,남,61세,상해없음
노인사고,2021042100100606,2021년 4월 21일 22시,수요일,부산광역시 동래구 사직동,경상사고,0,0,2,0,차대차 - 기타,신호위반,건조,맑음,교차로 - 교차로안,승용,남,62세,상해없음,승용,남,68세,경상
노인사고,2.02104E+15,2021년 4월 22일 01시,목요일,부산광역시 부산진구 전포동,경상사고,0,0,1,0,차대차 - 기타,신호위반,건조,맑음,교차로 - 교차로안,승용,여,51세,상해없음,승용,남,68세,경상
노인사고,2021042200100114,2021년 4월 22일 09시,목요일,부산광역시 서구 서대신동3가,경상사고,0,0,2,0,차대차 - 추돌,안전운전불이행,건조,맑음,주차장 - 주차장,화물,남,57세,상해없음,승용,여,61세,경상
노인사고,2.02104E+15,2021년 4월 22일 13시,목요일,부산광역시 중구 남포동6가,중상사고,0,1,0,0,차대사람 - 차도통행중,안전운전불이행,건조,맑음,교차로 - 교차로부근,화물,남,53세,상해없음,보행자,여,71세,중상
노인사고,2021042200100352,2021년 4월 22일 16시,목요일,부산광역시 기장군 정관읍,경상사고,0,0,1,0,차대차 - 추돌,안전운전불이행,건조,맑음,단일로 - 기타,건설기계,남,35세,상해없음,승용,여,66세,경상
노인사고,2021042200100426,2021년 4월 22일 18시,목요일,부산광역시 남구 문현동,중상사고,0,2,0,0,차대차 - 측면충돌,직진우회전진행방해,건조,맑음,교차로 - 교차로안,승용,남,39세,상해없음,승용,여,50세,중상
노인사고,2021042200100532,2021년 4월 22일 21시,목요일,부산광역시 연제구 연산동,경상사고,0,0,1,0,차대사람 - 기타,신호위반,건조,맑음,교차로 - 교차로안,승용,여,31세,상해없음,보행자,남,70세,경상
노인사고,2021042300100039,2021년 4월 23일 06시,금요일,부산광역시 해운대구 우동,경상사고,0,0,2,0,차대차 - 측면충돌,안전운전불이행,건조,맑음,단일로 - 기타,승용,남,62세,상해없음,승용,남,68세,경상
노인사고,2021042300100142,2021년 4월 23일 10시,금요일,부산광역시 사상구 괘법동,중상사고,0,1,0,0,차대사람 - 길가장자리구역통행중,안전운전불이행,건조,맑음,교차로 - 교차로부근,화물,남,67세,상해없음,보행자,남,72세,중상
노인사고,2021042300100174,2021년 4월 23일 11시,금요일,부산광역시 영도구 대교동2가,경상사고,0,0,1,0,차대차 - 측면충돌,안전운전불이행,건조,맑음,단일로 - 기타,승용,남,61세,상해없음,이륜,남,71세,경상
노인사고,2021042300100306,2021년 4월 23일 14시,금요일,부산광역시 북구 구포동,중상사고,0,1,0,0,차대사람 - 기타,기타,건조,맑음,단일로 - 기타,화물,남,38세,상해없음,보행자,여,80세,중상
노인사고,2021042300100382,2021년 4월 23일 16시,금요일,부산광역시 동구 수정동,부상신고사고,0,0,0,1,차대사람 - 길가장자리구역통행중,안전운전불이행,건조,맑음,단일로 - 기타,승용,남,74세,상해없음,보행자,남,65세,부상신고
노인사고,2021042300100465,2021년 4월 23일 18시,금요일,부산광역시 사하구 괴정동,중상사고,0,1,0,0,차대차 - 측면충돌,안전운전불이행,건조,맑음,단일로 - 지하차도(도로)내,이륜,남,68세,중상,승용,남,65세,상해없음
노인사고,2021042300100513,2021년 4월 23일 19시,금요일,부산광역시 영도구 동삼동,경상사고,0,0,1,0,차대사람 - 기타,기타,건조,맑음,단일로 - 기타,승합,남,57세,상해없음,보행자,여,69세,경상
노인사고,2021042300100515,2021년 4월 23일 19시,금요일,부산광역시 사하구 신평동,경상사고,0,0,1,0,차대차 - 측면충돌,신호위반,건조,기타,교차로 - 교차로안,승용,남,39세,상해없음,이륜,남,69세,경상
노인사고,2021042400100233,2021년 4월 24일 13시,토요일,부산광역시 부산진구 양정동,중상사고,0,1,2,0,차대차 - 기타,안전운전불이행,건조,맑음,교차로 - 교차로안,이륜,남,52세,경상,승용,남,66세,경상
노인사고,2021042400100478,2021년 4월 24일 19시,토요일,부산광역시 금정구 금성동,경상사고,0,0,1,0,차대차 - 기타,중앙선침범,건조,맑음,단일로 - 기타,승용,남,68세,상해없음,승용,여,66세,경상
노인사고,2021042600100079,2021년 4월 26일 08시,월요일,부산광역시 연제구 거제동,경상사고,0,0,1,0,차대차 - 측면충돌,신호위반,건조,맑음,단일로 - 기타,원동기,남,35세,상해없음,자전거,남,75세,경상
노인사고,2.02104E+15,2021년 4월 26일 11시,월요일,부산광역시 영도구 영선동1가,경상사고,0,0,1,0,차대차 - 기타,안전운전불이행,건조,맑음,단일로 - 기타,이륜,남,65세,경상,승용,여,57세,상해없음
노인사고,2021042600100369,2021년 4월 26일 16시,월요일,부산광역시 사상구 감전동,중상사고,0,1,0,0,차대사람 - 횡단중,안전운전불이행,건조,맑음,단일로 - 기타,승용,남,71세,상해없음,보행자,여,81세,중상
노인사고,2021042600100426,2021년 4월 26일 17시,월요일,부산광역시 서구 충무동1가,경상사고,0,0,1,0,차대사람 - 기타,안전운전불이행,건조,맑음,교차로 - 교차로안,화물,남,63세,상해없음,보행자,여,86세,경상
노인사고,2021042600100504,2021년 4월 26일 19시,월요일,부산광역시 수영구 민락동,사망사고,1,0,0,0,차대사람 - 기타,안전운전불이행,건조,맑음,단일로 - 기타,이륜,남,43세,상해없음,보행자,남,83세,사망
노인사고,2021042600100592,2021년 4월 26일 22시,월요일,부산광역시 남구 대연동,중상사고,0,1,0,1,차대차 - 측면충돌,안전거리미확보,건조,맑음,단일로 - 기타,승용,남,70세,부상신고,승용,여,28세,중상
노인사고,2021042700100063,2021년 4월 27일 08시,화요일,부산광역시 동구 좌천동,중상사고,0,1,1,0,차대차 - 추돌,안전거리미확보,건조,맑음,단일로 - 고가도로위,승용,여,46세,상해없음,승용,남,68세,중상
노인사고,2021042700100162,2021년 4월 27일 11시,화요일,부산광역시 연제구 연산동,중상사고,0,1,0,0,차대사람 - 기타,안전운전불이행,건조,맑음,단일로 - 기타,원동기,남,26세,상해없음,보행자,여,79세,중상
노인사고,2021042700100326,2021년 4월 27일 16시,화요일,부산광역시 금정구 남산동,경상사고,0,0,1,0,차대사람 - 기타,안전운전불이행,건조,맑음,교차로 - 교차로부근,승용,남,74세,상해없음,보행자,여,73세,경상
노인사고,2021042700100367,2021년 4월 27일 17시,화요일,부산광역시 동래구 온천동,경상사고,0,0,1,0,차대사람 - 차도통행중,안전운전불이행,건조,맑음,교차로 - 교차로안,이륜,남,60세,상해없음,보행자,여,81세,경상
노인사고,2021042700100368,2021년 4월 27일 17시,화요일,부산광역시 사하구 다대동,중상사고,0,1,0,0,차대사람 - 기타,보행자보호의무위반,건조,맑음,교차로 - 교차로부근,승합,남,70세,상해없음,보행자,여,67세,중상
노인사고,2021042800100032,2021년 4월 28일 05시,수요일,부산광역시 사상구 학장동,경상사고,0,0,2,0,차대차 - 추돌,안전운전불이행,건조,맑음,단일로 - 기타,승용,남,41세,상해없음,승용,여,56세,경상
노인사고,2021042800100045,2021년 4월 28일 06시,수요일,부산광역시 사상구 삼락동,경상사고,0,0,1,0,차대차 - 측면충돌,신호위반,건조,맑음,교차로 - 교차로안,화물,남,56세,상해없음,승용,남,65세,경상
노인사고,2.02104E+15,2021년 4월 28일 08시,수요일,부산광역시 수영구 민락동,중상사고,0,1,2,0,차대차 - 기타,기타,건조,맑음,교차로 - 교차로안,승용,여,46세,중상,승용,남,74세,경상
노인사고,2021042800100081,2021년 4월 28일 08시,수요일,부산광역시 동래구 온천동,부상신고사고,0,0,0,1,차대차 - 측면충돌,차로위반,건조,맑음,단일로 - 기타,건설기계,남,49세,상해없음,승용,남,65세,부상신고
노인사고,2021042800100154,2021년 4월 28일 10시,수요일,부산광역시 영도구 청학동,중상사고,0,1,0,0,차대차 - 기타,신호위반,건조,맑음,교차로 - 교차로안,승합,남,58세,상해없음,자전거,남,77세,중상
노인사고,2021042800100233,2021년 4월 28일 13시,수요일,부산광역시 강서구 신호동,경상사고,0,0,1,0,차대차 - 기타,안전운전불이행,건조,맑음,교차로 - 교차로안,승용,남,48세,상해없음,자전거,남,78세,경상
노인사고,2021042800100267,2021년 4월 28일 14시,수요일,부산광역시 영도구 영선동4가,중상사고,0,1,0,0,차대차 - 기타,안전운전불이행,건조,맑음,기타 - 기타,이륜,남,74세,중상,승용,남,63세,상해없음
노인사고,2021042800100298,2021년 4월 28일 15시,수요일,부산광역시 동래구 명륜동,경상사고,0,0,4,0,차대차 - 측면충돌,안전운전불이행,건조,맑음,단일로 - 기타,승용,남,75세,상해없음,승용,여,31세,경상
노인사고,2021042800100473,2021년 4월 28일 20시,수요일,부산광역시 동래구 온천동,경상사고,0,0,2,0,차대차 - 측면충돌,신호위반,건조,맑음,교차로 - 교차로안,이륜,남,16세,상해없음,승용,남,78세,경상
노인사고,2021042900100122,2021년 4월 29일 09시,목요일,부산광역시 수영구 광안동,경상사고,0,0,1,0,차대사람 - 기타,안전운전불이행,건조,맑음,교차로 - 교차로안,승용,남,63세,상해없음,보행자,남,85세,경상
노인사고,2021042900100139,2021년 4월 29일 10시,목요일,부산광역시 강서구 명지동,중상사고,0,1,0,0,차대차 - 기타,신호위반,건조,맑음,단일로 - 기타,이륜,남,62세,상해없음,이륜,남,65세,중상
노인사고,2021042900100445,2021년 4월 29일 18시,목요일,부산광역시 강서구 강동동,중상사고,0,1,2,0,차대차 - 추돌,안전운전불이행,건조,맑음,단일로 - 기타,화물,남,53세,상해없음,승용,남,72세,중상
노인사고,2.02104E+15,2021년 4월 30일 07시,금요일,부산광역시 남구 우암동,경상사고,0,0,2,0,차대차 - 기타,안전운전불이행,건조,맑음,기타 - 기타,화물,남,42세,상해없음,승용,남,64세,경상
노인사고,2021043000100086,2021년 4월 30일 08시,금요일,부산광역시 서구 충무동1가,사망사고,1,0,0,0,차대차 - 측면충돌,안전운전불이행,건조,맑음,단일로 - 기타,화물,남,65세,상해없음,화물,남,57세,기타불명
노인사고,2021043000100218,2021년 4월 30일 12시,금요일,부산광역시 북구 덕천동,중상사고,0,2,1,0,차대차 - 기타,안전운전불이행,건조,맑음,단일로 - 기타,승용,여,61세,상해없음,화물,남,52세,경상
노인사고,2.02104E+15,2021년 4월 30일 12시,금요일,부산광역시 해운대구 우동,경상사고,0,0,1,0,차대차 - 기타,신호위반,건조,맑음,교차로 - 교차로횡단보도내,자전거,남,82세,경상,화물,남,52세,상해없음
노인사고,2021043000100221,2021년 4월 30일 12시,금요일,부산광역시 금정구 노포동,경상사고,0,0,2,0,차대차 - 기타,안전운전불이행,건조,맑음,단일로 - 기타,특수,남,66세,상해없음,승용,남,74세,경상
노인사고,2021043000100261,2021년 4월 30일 13시,금요일,부산광역시 동구 범일동,중상사고,0,1,0,0,차대차 - 측면충돌,안전거리미확보,건조,맑음,단일로 - 교량,승용,남,43세,상해없음,이륜,남,73세,중상
노인사고,2021043000100295,2021년 4월 30일 14시,금요일,부산광역시 서구 남부민동,중상사고,0,1,0,0,차대차 - 측면충돌,안전운전불이행,건조,맑음,단일로 - 기타,화물,남,68세,상해없음,이륜,남,72세,중상
노인사고,2021043000100297,2021년 4월 30일 14시,금요일,부산광역시 북구 덕천동,경상사고,0,0,1,0,차대차 - 측면충돌,안전운전불이행,건조,맑음,단일로 - 기타,승용,남,40세,상해없음,승용,남,76세,경상
노인사고,2021043000100339,2021년 4월 30일 15시,금요일,부산광역시 부산진구 범천동,중상사고,0,1,1,0,차대차 - 추돌,안전거리미확보,건조,맑음,단일로 - 기타,승용,여,61세,기타불명,승용,남,67세,중상
노인사고,2021043000100523,2021년 4월 30일 19시,금요일,부산광역시 사상구 엄궁동,경상사고,0,0,2,0,차대사람 - 기타,안전운전불이행,건조,맑음,교차로 - 교차로부근,이륜,남,47세,상해없음,보행자,여,73세,경상
노인사고,2021043000100571,2021년 4월 30일 20시,금요일,부산광역시 해운대구 재송동,경상사고,0,0,2,0,차대차 - 측면충돌,신호위반,건조,맑음,교차로 - 교차로부근,승용,남,74세,상해없음,승합,남,65세,경상
노인사고,2021043000100687,2021년 4월 30일 23시,금요일,부산광역시 부산진구 전포동,중상사고,0,1,0,0,차대사람 - 기타,안전거리미확보,젖음/습기,비,단일로 - 기타,승용,남,41세,상해없음,보행자,여,77세,중상
노인사고,2021050100100092,2021년 5월 1일 09시,토요일,부산광역시 강서구 대저2동,경상사고,0,0,1,0,차대차 - 측면충돌,안전운전불이행,건조,맑음,교차로 - 교차로안,화물,남,65세,경상,승용,여,37세,상해없음
노인사고,2021050100100169,2021년 5월 1일 12시,토요일,부산광역시 서구 남부민동,중상사고,0,1,0,0,차대사람 - 횡단중,보행자보호의무위반,건조,맑음,교차로 - 교차로횡단보도내,승용,남,76세,상해없음,보행자,여,85세,중상
노인사고,2.02105E+15,2021년 5월 1일 14시,토요일,부산광역시 중구 남포동4가,중상사고,0,1,0,0,차대차 - 측면충돌,신호위반,건조,맑음,교차로 - 교차로안,화물,남,31세,상해없음,승용,남,65세,중상
노인사고,2021050100100353,2021년 5월 1일 17시,토요일,부산광역시 사하구 하단동,중상사고,0,4,7,1,차량단독 - 공작물충돌,안전운전불이행,건조,맑음,단일로 - 기타,승합,남,71세,상해없음,,,,
노인사고,2.02105E+15,2021년 5월 1일 20시,토요일,부산광역시 금정구 부곡동,경상사고,0,0,1,0,차대사람 - 횡단중,안전운전불이행,건조,맑음,교차로 - 교차로부근,승용,여,34세,상해없음,보행자,여,71세,경상
노인사고,2021050200100044,2021년 5월 2일 05시,일요일,부산광역시 남구 대연동,경상사고,0,0,1,0,차대차 - 기타,신호위반,건조,맑음,교차로 - 교차로안,이륜,남,38세,기타불명,화물,남,74세,경상
노인사고,2021050200100059,2021년 5월 2일 08시,일요일,부산광역시 부산진구 범천동,경상사고,0,0,1,0,차대차 - 측면충돌,안전운전불이행,젖음/습기,흐림,교차로 - 교차로안,승용,남,29세,상해없음,승용,남,68세,경상
노인사고,2.02105E+15,2021년 5월 2일 10시,일요일,부산광역시 남구 대연동,중상사고,0,1,0,0,차대사람 - 기타,안전운전불이행,건조,맑음,교차로 - 교차로안,화물,남,57세,상해없음,보행자,여,68세,중상
노인사고,2021050200100184,2021년 5월 2일 13시,일요일,부산광역시 금정구 남산동,경상사고,0,0,1,0,차대차 - 측면충돌,안전운전불이행,건조,맑음,단일로 - 기타,이륜,남,24세,상해없음,이륜,남,65세,경상
노인사고,2.02105E+15,2021년 5월 2일 15시,일요일,부산광역시 수영구 민락동,경상사고,0,0,1,0,차대차 - 측면충돌,신호위반,건조,맑음,교차로 - 교차로부근,승용,여,69세,상해없음,승용,남,74세,경상
노인사고,2.02105E+15,2021년 5월 2일 20시,일요일,부산광역시 남구 대연동,중상사고,0,1,0,0,차대차 - 기타,안전운전불이행,건조,맑음,단일로 - 기타,승용,남,29세,상해없음,승용,남,70세,상해없음
노인사고,2021050300100031,2021년 5월 3일 06시,월요일,부산광역시 강서구 명지동,중상사고,0,2,1,0,차대차 - 추돌,안전운전불이행,건조,맑음,단일로 - 기타,승용,남,39세,상해없음,승용,남,51세,중상
노인사고,2021050300100085,2021년 5월 3일 08시,월요일,부산광역시 해운대구 송정동,경상사고,0,0,1,0,차대차 - 측면충돌,신호위반,건조,맑음,교차로 - 교차로안,승용,남,72세,상해없음,승용,남,66세,경상
노인사고,2021050300100194,2021년 5월 3일 11시,월요일,부산광역시 남구 감만동,경상사고,0,0,1,0,차대차 - 기타,차로위반,건조,맑음,단일로 - 기타,승용,남,66세,기타불명,자전거,남,86세,경상
노인사고,2021050300100325,2021년 5월 3일 14시,월요일,부산광역시 동래구 명륜동,중상사고,0,1,1,0,차대차 - 측면충돌,안전운전불이행,건조,맑음,교차로 - 교차로부근,승용,여,35세,중상,승용,남,75세,경상
노인사고,2021050300100538,2021년 5월 3일 19시,월요일,부산광역시 부산진구 양정동,중상사고,0,1,0,0,차대사람 - 차도통행중,안전운전불이행,건조,기타,단일로 - 기타,승용,남,80세,상해없음,보행자,여,81세,중상
노인사고,2021050300100594,2021년 5월 3일 21시,월요일,부산광역시 해운대구 반여동,경상사고,0,0,1,1,차대차 - 측면충돌,안전운전불이행,건조,맑음,단일로 - 기타,승용,여,42세,경상,승용,남,22세,상해없음
노인사고,2021050400100042,2021년 5월 4일 07시,화요일,부산광역시 서구 서대신동3가,경상사고,0,0,2,0,차대차 - 추돌,안전운전불이행,건조,맑음,단일로 - 기타,화물,남,31세,상해없음,화물,남,58세,상해없음
노인사고,2021050400100069,2021년 5월 4일 08시,화요일,부산광역시 부산진구 범천동,중상사고,0,1,1,0,차대차 - 기타,직진우회전진행방해,건조,기타,교차로 - 교차로안,승용,남,30세,상해없음,이륜,남,68세,경상
노인사고,2021050400100121,2021년 5월 4일 10시,화요일,부산광역시 해운대구 송정동,중상사고,0,1,0,0,차대차 - 기타,안전운전불이행,건조,맑음,교차로 - 교차로부근,승용,여,66세,중상,승용,남,63세,상해없음
노인사고,2021050400100248,2021년 5월 4일 14시,화요일,부산광역시 금정구 금사동,경상사고,0,0,2,0,차대차 - 측면충돌,기타,건조,맑음,교차로 - 교차로안,승용,남,46세,경상,화물,남,68세,경상
노인사고,2021050400100328,2021년 5월 4일 16시,화요일,부산광역시 중구 중앙동4가,중상사고,0,2,2,0,차대차 - 측면충돌,신호위반,건조,흐림,교차로 - 교차로안,승용,여,53세,상해없음,승용,남,71세,중상
노인사고,2021050400100592,2021년 5월 4일 21시,화요일,부산광역시 동래구 안락동,경상사고,0,0,1,0,차대차 - 추돌,안전거리미확보,젖음/습기,비,단일로 - 기타,승용,남,59세,상해없음,승용,남,70세,경상
노인사고,2021050400100593,2021년 5월 4일 21시,화요일,부산광역시 사하구 감천동,중상사고,0,1,0,0,차대사람 - 횡단중,안전운전불이행,젖음/습기,비,단일로 - 기타,승용,남,21세,상해없음,보행자,여,65세,중상
노인사고,2021050400100641,2021년 5월 4일 22시,화요일,부산광역시 연제구 연산동,경상사고,0,0,1,1,차대차 - 추돌,안전운전불이행,젖음/습기,비,단일로 - 기타,승용,남,61세,상해없음,승용,남,37세,부상신고
노인사고,2021050500100137,2021년 5월 5일 11시,수요일,부산광역시 서구 아미동1가,경상사고,0,0,1,0,차대사람 - 기타,안전운전불이행,건조,맑음,단일로 - 기타,승용,남,55세,상해없음,보행자,여,71세,경상
노인사고,2.02105E+15,2021년 5월 5일 12시,수요일,부산광역시 기장군 기장읍,경상사고,0,0,1,0,차대사람 - 횡단중,안전운전불이행,건조,맑음,교차로 - 교차로부근,승용,여,63세,상해없음,보행자,남,71세,경상
노인사고,2021050500100471,2021년 5월 5일 19시,수요일,부산광역시 동래구 온천동,중상사고,0,1,0,0,차대차 - 측면충돌,교차로운행방법위반,건조,맑음,교차로 - 교차로안,승용,남,81세,상해없음,승용,남,73세,중상
노인사고,2021050600100021,2021년 5월 6일 04시,목요일,부산광역시 수영구 남천동,경상사고,0,0,3,2,차대차 - 추돌,신호위반,건조,맑음,교차로 - 교차로안,승용,남,25세,부상신고,승용,남,68세,경상
노인사고,2021050600100028,2021년 5월 6일 06시,목요일,부산광역시 서구 암남동,경상사고,0,0,1,0,차대차 - 측면충돌,교차로운행방법위반,건조,맑음,교차로 - 교차로안,승용,여,79세,상해없음,승용,남,66세,경상
노인사고,2.02105E+15,2021년 5월 6일 06시,목요일,부산광역시 강서구 대저1동,중상사고,0,3,2,0,차대차 - 기타,기타,건조,맑음,단일로 - 기타,승용,남,69세,중상,승용,남,31세,중상
노인사고,2021050600100104,2021년 5월 6일 09시,목요일,부산광역시 서구 아미동1가,중상사고,0,1,0,0,차대사람 - 기타,기타,건조,맑음,단일로 - 기타,승용,남,74세,상해없음,보행자,여,72세,중상
노인사고,2021050600100139,2021년 5월 6일 10시,목요일,부산광역시 연제구 거제동,중상사고,0,1,0,0,차대사람 - 기타,기타,건조,맑음,단일로 - 기타,승합,남,59세,상해없음,보행자,여,71세,중상
노인사고,2.02105E+15,2021년 5월 6일 10시,목요일,부산광역시 기장군 기장읍,중상사고,0,1,0,0,차대사람 - 횡단중,보행자보호의무위반,건조,맑음,교차로 - 교차로횡단보도내,승용,여,57세,상해없음,보행자,여,67세,중상
노인사고,2021050600100206,2021년 5월 6일 12시,목요일,부산광역시 남구 대연동,경상사고,0,0,1,0,차대차 - 측면충돌,안전운전불이행,건조,맑음,교차로 - 교차로부근,승용,남,69세,상해없음,승용,여,69세,경상
노인사고,2.02105E+15,2021년 5월 6일 21시,목요일,부산광역시 사하구 감천동,경상사고,0,0,1,0,차대사람 - 차도통행중,안전운전불이행,건조,흐림,단일로 - 지하차도(도로)내,이륜,남,27세,상해없음,보행자,남,68세,경상
노인사고,2021050700100139,2021년 5월 7일 10시,금요일,부산광역시 사하구 하단동,중상사고,0,1,0,0,차대사람 - 보도통행중,기타,건조,맑음,단일로 - 기타,승용,남,66세,상해없음,보행자,여,73세,중상
노인사고,2.02105E+15,2021년 5월 7일 11시,금요일,부산광역시 사상구 덕포동,경상사고,0,0,1,0,차대차 - 측면충돌,안전거리미확보,건조,맑음,단일로 - 지하차도(도로)내,승용,남,68세,경상,승용,남,50세,상해없음
노인사고,2021050700100195,2021년 5월 7일 12시,금요일,부산광역시 사하구 괴정동,중상사고,0,2,0,0,차대차 - 기타,안전거리미확보,건조,맑음,교차로 - 교차로부근,승용,여,48세,상해없음,화물,남,66세,상해없음
노인사고,2021050700100236,2021년 5월 7일 13시,금요일,부산광역시 사하구 장림동,중상사고,0,1,0,0,차대사람 - 횡단중,신호위반,건조,맑음,단일로 - 기타,화물,남,60세,상해없음,보행자,여,71세,중상
노인사고,2021050700100237,2021년 5월 7일 13시,금요일,부산광역시 강서구 송정동,중상사고,0,1,1,0,차대차 - 측면충돌,신호위반,건조,맑음,교차로 - 교차로안,승용,남,31세,상해없음,승용,남,69세,경상
노인사고,2.02105E+15,2021년 5월 7일 14시,금요일,부산광역시 동구 초량동,경상사고,0,0,2,0,차대차 - 측면충돌,차로위반,건조,맑음,단일로 - 기타,건설기계,남,57세,상해없음,승용,남,42세,경상