사고부문,사고번호,사고일시,요일,시군구,사고내용,사망자수,중상자수,경상자수,부상신고자수,사고유형,법규위반,노면상태,기상상태,도로형태,가해운전자 차종,가해운전자 성별,가해운전자 연령,가해운전자 상해정도,피해운전자 차종,피해운전자 성별,피해운전자 연령,피해운전자 상해정도
노인사고,2021050700100348,2021년 5월 7일 16시,금요일,부산광역시 금정구 남산동,경상사고,0,0,1,0,차대차 - 측면충돌,교차로운행방법위반,건조,맑음,교차로 - 교차로안,승용,여,49세,상해없음,승용,남,71세,경상
노인사고,2021050700100384,2021년 5월 7일 17시,금요일,부산광역시 금정구 서동,경상사고,0,0,2,0,차대사람 - 기타,안전운전불이행,건조,맑음,단일로 - 기타,이륜,남,26세,경상,보행자,남,74세,경상
노인사고,2021050700100435,2021년 5월 7일 18시,금요일,부산광역시 기장군 기장읍,중상사고,0,1,0,0,차대사람 - 보도통행중,안전운전불이행,건조,맑음,교차로 - 교차로횡단보도내,이륜,남,58세,상해없음,보행자,여,73세,중상
노인사고,2021050700100616,2021년 5월 7일 23시,금요일,부산광역시 중구 남포동6가,경상사고,0,0,1,0,차대차 - 정면충돌,안전운전불이행,건조,맑음,단일로 - 기타,승용,남,32세,상해없음,승용,남,35세,기타불명
노인사고,2.02105E+15,2021년 5월 8일 08시,토요일,부산광역시 금정구 회동동,경상사고,0,0,1,0,차대차 - 측면충돌,신호위반,건조,맑음,교차로 - 교차로안,화물,남,68세,상해없음,승용,남,66세,경상
노인사고,2021050800100156,2021년 5월 8일 11시,토요일,부산광역시 남구 대연동,경상사고,0,0,1,0,차대사람 - 보도통행중,기타,건조,맑음,기타 - 기타,승용,여,55세,기타불명,보행자,여,69세,경상
노인사고,2021050800100307,2021년 5월 8일 14시,토요일,부산광역시 사하구 괴정동,중상사고,0,1,0,0,차대차 - 기타,불법유턴,건조,맑음,교차로 - 교차로부근,화물,남,56세,상해없음,승합,남,50세,상해없음
노인사고,2021050800100386,2021년 5월 8일 16시,토요일,부산광역시 해운대구 반여동,경상사고,0,0,2,0,차대차 - 추돌,안전운전불이행,건조,맑음,단일로 - 기타,승용,남,70세,상해없음,승용,여,44세,경상
노인사고,2021050800100387,2021년 5월 8일 16시,토요일,부산광역시 금정구 구서동,경상사고,0,0,1,0,차대사람 - 기타,안전운전불이행,건조,맑음,단일로 - 기타,이륜,남,80세,상해없음,보행자,여,68세,경상
노인사고,2021050800100429,2021년 5월 8일 17시,토요일,부산광역시 동구 수정동,부상신고사고,0,0,0,1,차대사람 - 기타,안전운전불이행,건조,맑음,단일로 - 기타,승용,여,32세,상해없음,보행자,남,66세,부상신고
노인사고,2021050900100053,2021년 5월 9일 08시,일요일,부산광역시 기장군 정관읍,경상사고,0,0,2,0,차대차 - 추돌,신호위반,건조,맑음,교차로 - 교차로안,승용,남,73세,경상,승용,남,30세,경상
노인사고,2021051000100103,2021년 5월 10일 09시,월요일,부산광역시 강서구 명지동,경상사고,0,0,1,0,차대차 - 측면충돌,안전운전불이행,건조,맑음,단일로 - 기타,승용,남,50세,상해없음,승용,남,69세,경상
노인사고,2021051000100243,2021년 5월 10일 14시,월요일,부산광역시 금정구 남산동,중상사고,0,1,0,0,차대사람 - 횡단중,보행자보호의무위반,건조,맑음,교차로 - 교차로횡단보도내,승용,여,58세,상해없음,보행자,남,70세,중상
노인사고,2021051000100366,2021년 5월 10일 17시,월요일,부산광역시 사상구 괘법동,경상사고,0,0,1,0,차대차 - 기타,안전운전불이행,건조,맑음,교차로 - 교차로안,이륜,남,22세,상해없음,승용,여,36세,상해없음
노인사고,2021051000100367,2021년 5월 10일 17시,월요일,부산광역시 사상구 감전동,부상신고사고,0,0,0,1,차대사람 - 기타,안전운전불이행,건조,맑음,단일로 - 기타,승용,남,43세,상해없음,보행자,여,65세,부상신고
노인사고,2021051000100435,2021년 5월 10일 19시,월요일,부산광역시 영도구 영선동1가,경상사고,0,0,1,1,차대차 - 기타,불법유턴,건조,맑음,단일로 - 기타,이륜,남,69세,부상신고,이륜,남,61세,경상
노인사고,2021051000100475,2021년 5월 10일 20시,월요일,부산광역시 영도구 영선동2가,경상사고,0,0,2,1,차대차 - 기타,신호위반,건조,맑음,단일로 - 기타,승용,남,72세,부상신고,승용,남,23세,경상
노인사고,2021051100100145,2021년 5월 11일 09시,화요일,부산광역시 중구 중앙동5가,부상신고사고,0,0,0,1,차대차 - 측면충돌,안전운전불이행,건조,맑음,교차로 - 교차로부근,화물,남,68세,부상신고,승합,남,60세,상해없음
노인사고,2021051100100284,2021년 5월 11일 13시,화요일,부산광역시 강서구 송정동,경상사고,0,0,2,0,차대차 - 추돌,안전운전불이행,건조,맑음,교차로 - 교차로부근,승용,남,30세,기타불명,승용,남,68세,경상
노인사고,2021051100100485,2021년 5월 11일 18시,화요일,부산광역시 수영구 광안동,경상사고,0,0,1,0,차대차 - 기타,안전운전불이행,건조,맑음,교차로 - 교차로안,이륜,남,45세,상해없음,승용,여,65세,경상
노인사고,2021051100100486,2021년 5월 11일 18시,화요일,부산광역시 수영구 광안동,중상사고,0,1,0,0,차대차 - 기타,안전운전불이행,건조,맑음,교차로 - 교차로안,승합,남,65세,상해없음,자전거,남,73세,중상
노인사고,2021051100100487,2021년 5월 11일 18시,화요일,부산광역시 영도구 영선동1가,중상사고,0,1,1,0,차대차 - 측면충돌,신호위반,건조,맑음,단일로 - 기타,승용,남,52세,상해없음,이륜,남,65세,경상
노인사고,2021051100100489,2021년 5월 11일 18시,화요일,부산광역시 해운대구 재송동,경상사고,0,0,2,0,차대차 - 추돌,안전운전불이행,건조,맑음,단일로 - 기타,승용,여,24세,경상,승합,남,74세,경상
노인사고,2021051100100571,2021년 5월 11일 20시,화요일,부산광역시 동구 수정동,경상사고,0,0,2,0,차대차 - 기타,차로위반,건조,맑음,단일로 - 기타,승용,여,30세,상해없음,승합,남,67세,상해없음
노인사고,2021051100100602,2021년 5월 11일 21시,화요일,부산광역시 남구 용호동,중상사고,0,1,0,0,차대사람 - 기타,안전운전불이행,건조,맑음,교차로 - 교차로안,승합,남,67세,상해없음,보행자,남,75세,중상
노인사고,2021051200100045,2021년 5월 12일 07시,수요일,부산광역시 금정구 서동,중상사고,0,1,0,0,차대사람 - 기타,안전운전불이행,건조,맑음,단일로 - 기타,화물,남,66세,상해없음,보행자,여,75세,중상
노인사고,2021051200100069,2021년 5월 12일 08시,수요일,부산광역시 연제구 거제동,경상사고,0,0,2,0,차대차 - 측면충돌,신호위반,건조,맑음,교차로 - 교차로안,승용,여,43세,상해없음,승용,여,41세,경상
노인사고,2021051200100112,2021년 5월 12일 09시,수요일,부산광역시 사하구 하단동,중상사고,0,1,0,0,차대사람 - 횡단중,안전운전불이행,건조,맑음,단일로 - 기타,승용,남,75세,상해없음,보행자,여,73세,중상
노인사고,2021051200100278,2021년 5월 12일 14시,수요일,부산광역시 부산진구 전포동,중상사고,0,1,0,0,차대차 - 기타,안전운전불이행,건조,흐림,기타 - 기타,화물,남,40세,상해없음,이륜,남,70세,중상
노인사고,2.02105E+15,2021년 5월 12일 14시,수요일,부산광역시 연제구 연산동,중상사고,0,1,0,0,차대사람 - 횡단중,보행자보호의무위반,건조,맑음,교차로 - 교차로안,건설기계,남,70세,상해없음,보행자,남,75세,중상
노인사고,2021051200100307,2021년 5월 12일 15시,수요일,부산광역시 동구 초량동,경상사고,0,0,2,0,차대차 - 추돌,안전거리미확보,건조,맑음,단일로 - 기타,승용,남,33세,상해없음,승용,남,73세,경상
노인사고,2.02105E+15,2021년 5월 12일 15시,수요일,부산광역시 부산진구 개금동,중상사고,0,1,0,0,차대사람 - 횡단중,보행자보호의무위반,건조,맑음,기타 - 기타,승용,여,44세,상해없음,보행자,여,69세,중상
노인사고,2021051200100353,2021년 5월 12일 16시,수요일,부산광역시 금정구 서동,중상사고,0,1,0,0,차대사람 - 횡단중,보행자보호의무위반,건조,맑음,단일로 - 기타,승용,남,70세,상해없음,보행자,여,78세,중상
노인사고,2021051200100354,2021년 5월 12일 16시,수요일,부산광역시 금정구 구서동,경상사고,0,0,1,0,차대차 - 측면충돌,교차로운행방법위반,건조,맑음,교차로 - 교차로안,원동기,남,68세,경상,승용,남,46세,상해없음
노인사고,2021051200100411,2021년 5월 12일 17시,수요일,부산광역시 사상구 감전동,경상사고,0,0,1,0,차대사람 - 기타,안전운전불이행,건조,맑음,단일로 - 기타,승용,남,75세,기타불명,보행자,여,73세,경상
노인사고,2021051200100462,2021년 5월 12일 18시,수요일,부산광역시 동구 범일동,경상사고,0,0,1,0,차대차 - 측면충돌,안전운전불이행,건조,맑음,단일로 - 기타,화물,남,40세,상해없음,승용,남,72세,경상
노인사고,2021051200100508,2021년 5월 12일 19시,수요일,부산광역시 중구 남포동5가,중상사고,0,1,1,0,차대차 - 측면충돌,교차로운행방법위반,건조,맑음,단일로 - 기타,승용,남,52세,상해없음,이륜,남,19세,중상
노인사고,2021051200100564,2021년 5월 12일 21시,수요일,부산광역시 해운대구 우동,경상사고,0,0,1,0,차대차 - 추돌,안전운전불이행,건조,맑음,단일로 - 기타,승용,여,36세,상해없음,승용,남,67세,경상
노인사고,2021051200100587,2021년 5월 12일 22시,수요일,부산광역시 연제구 연산동,중상사고,0,1,0,0,차대차 - 기타,차로위반,건조,맑음,단일로 - 기타,승용,여,53세,상해없음,이륜,남,65세,중상
노인사고,2021051300100219,2021년 5월 13일 12시,목요일,부산광역시 영도구 신선동1가,중상사고,0,1,0,0,차대차 - 측면충돌,안전운전불이행,건조,맑음,교차로 - 교차로안,승용,여,28세,상해없음,이륜,남,79세,중상
노인사고,2021051300100252,2021년 5월 13일 13시,목요일,부산광역시 남구 문현동,경상사고,0,0,1,0,차대차 - 기타,안전운전불이행,건조,맑음,교차로 - 교차로안,화물,남,51세,상해없음,자전거,여,65세,경상
노인사고,2021051300100295,2021년 5월 13일 14시,목요일,부산광역시 금정구 두구동,경상사고,0,0,1,0,차대차 - 측면충돌,교차로운행방법위반,건조,맑음,교차로 - 교차로안,승용,남,61세,상해없음,화물,남,66세,경상
노인사고,2021051300100471,2021년 5월 13일 18시,목요일,부산광역시 부산진구 전포동,중상사고,0,1,0,1,차대차 - 기타,중앙선침범,건조,맑음,교차로 - 교차로부근,이륜,남,73세,부상신고,이륜,남,23세,중상
노인사고,2021051300100472,2021년 5월 13일 18시,목요일,부산광역시 부산진구 당감동,경상사고,0,0,1,0,차대사람 - 기타,안전운전불이행,건조,맑음,단일로 - 기타,이륜,남,55세,상해없음,보행자,여,76세,경상
노인사고,2021051400100088,2021년 5월 14일 08시,금요일,부산광역시 사하구 다대동,사망사고,1,0,1,0,차대사람 - 횡단중,보행자보호의무위반,건조,맑음,단일로 - 기타,이륜,남,27세,경상,보행자,남,79세,사망
노인사고,2021051400100234,2021년 5월 14일 12시,금요일,부산광역시 부산진구 범천동,경상사고,0,0,2,0,차대차 - 측면충돌,차로위반,건조,맑음,단일로 - 기타,화물,남,31세,상해없음,승용,여,46세,경상
노인사고,2021051400100304,2021년 5월 14일 14시,금요일,부산광역시 동구 수정동,중상사고,0,1,0,0,차대사람 - 기타,안전운전불이행,건조,맑음,주차장 - 주차장,승용,남,34세,상해없음,보행자,여,70세,중상
노인사고,2021051400100305,2021년 5월 14일 14시,금요일,부산광역시 금정구 구서동,경상사고,0,0,1,0,차대차 - 기타,안전운전불이행,건조,맑음,기타 - 기타,승용,여,65세,상해없음,화물,남,70세,경상
노인사고,2021051400100457,2021년 5월 14일 17시,금요일,부산광역시 서구 아미동2가,중상사고,0,1,0,0,차대사람 - 차도통행중,안전운전불이행,건조,맑음,교차로 - 교차로안,승용,남,49세,상해없음,보행자,여,80세,중상
노인사고,2021051400100458,2021년 5월 14일 17시,금요일,부산광역시 북구 구포동,경상사고,0,0,1,0,차대차 - 측면충돌,차로위반,건조,맑음,단일로 - 기타,이륜,남,70세,경상,이륜,남,18세,상해없음
노인사고,2.02105E+15,2021년 5월 15일 05시,토요일,부산광역시 사상구 덕포동,경상사고,0,0,3,0,차대차 - 정면충돌,신호위반,젖음/습기,흐림,교차로 - 교차로안,승용,남,55세,상해없음,승용,남,69세,경상
노인사고,2021051500100105,2021년 5월 15일 09시,토요일,부산광역시 사하구 당리동,경상사고,0,0,1,0,차대차 - 추돌,안전운전불이행,젖음/습기,비,단일로 - 지하차도(도로)내,승용,남,35세,기타불명,승용,남,74세,경상
노인사고,2.02105E+15,2021년 5월 15일 17시,토요일,부산광역시 기장군 기장읍,경상사고,0,0,4,0,차대차 - 기타,교차로운행방법위반,건조,맑음,교차로 - 교차로안,승용,남,79세,상해없음,승용,여,42세,경상
노인사고,2021051500100466,2021년 5월 15일 19시,토요일,부산광역시 해운대구 우동,경상사고,0,0,1,0,차대차 - 추돌,안전운전불이행,젖음/습기,비,단일로 - 기타,기타불명,기타불명,미분류,기타불명,승용,여,67세,경상
노인사고,2021051700100039,2021년 5월 17일 06시,월요일,부산광역시 사상구 덕포동,중상사고,0,1,3,0,차대차 - 정면충돌,교차로운행방법위반,건조,맑음,교차로 - 교차로안,승합,남,47세,상해없음,승용,여,49세,중상
노인사고,2021051700100076,2021년 5월 17일 08시,월요일,부산광역시 남구 대연동,경상사고,0,0,3,0,차대차 - 기타,교차로운행방법위반,젖음/습기,비,교차로 - 교차로안,승용,남,72세,경상,승합,남,29세,상해없음
노인사고,2021051700100185,2021년 5월 17일 12시,월요일,부산광역시 영도구 봉래동1가,중상사고,0,1,0,0,차대사람 - 기타,안전운전불이행,건조,맑음,주차장 - 주차장,화물,남,51세,상해없음,보행자,남,74세,중상
노인사고,2021051700100186,2021년 5월 17일 12시,월요일,부산광역시 영도구 동삼동,중상사고,0,1,0,0,차대차 - 측면충돌,안전운전불이행,건조,맑음,단일로 - 기타,이륜,남,47세,상해없음,이륜,남,72세,중상
노인사고,2021051700100308,2021년 5월 17일 16시,월요일,부산광역시 북구 만덕동,경상사고,0,0,1,0,차대차 - 측면충돌,안전거리미확보,건조,맑음,단일로 - 기타,화물,남,60세,상해없음,승용,여,67세,경상
노인사고,2021051700100312,2021년 5월 17일 16시,월요일,부산광역시 강서구 신호동,경상사고,0,0,1,0,차대차 - 기타,신호위반,건조,맑음,단일로 - 기타,승용,남,70세,경상,승용,남,45세,상해없음
노인사고,2021051700100483,2021년 5월 17일 21시,월요일,부산광역시 사하구 괴정동,중상사고,0,1,0,0,차대사람 - 횡단중,신호위반,건조,맑음,단일로 - 기타,승용,남,41세,상해없음,보행자,여,69세,중상
노인사고,2021051800100025,2021년 5월 18일 04시,화요일,부산광역시 중구 광복동1가,중상사고,0,1,0,0,차대사람 - 횡단중,안전운전불이행,젖음/습기,비,교차로 - 교차로부근,승용,남,69세,상해없음,보행자,남,79세,중상
노인사고,2021051800100151,2021년 5월 18일 11시,화요일,부산광역시 부산진구 부전동,경상사고,0,0,1,0,차대차 - 기타,안전운전불이행,젖음/습기,비,단일로 - 기타,화물,남,59세,상해없음,기타불명,여,77세,경상
노인사고,2021051800100152,2021년 5월 18일 11시,화요일,부산광역시 부산진구 전포동,경상사고,0,0,1,0,차대차 - 기타,안전운전불이행,건조,맑음,단일로 - 기타,승용,여,64세,상해없음,화물,남,68세,경상
노인사고,2021051800100337,2021년 5월 18일 16시,화요일,부산광역시 연제구 연산동,경상사고,0,0,1,1,차대차 - 측면충돌,신호위반,젖음/습기,비,교차로 - 교차로안,승용,남,76세,부상신고,승용,남,55세,경상
노인사고,2021051800100545,2021년 5월 18일 21시,화요일,부산광역시 동래구 사직동,중상사고,0,1,0,0,차대사람 - 기타,안전운전불이행,건조,맑음,단일로 - 기타,이륜,남,25세,상해없음,보행자,남,70세,중상
노인사고,2021051800100576,2021년 5월 18일 22시,화요일,부산광역시 사하구 하단동,경상사고,0,0,2,0,차대차 - 추돌,안전거리미확보,건조,맑음,단일로 - 지하차도(도로)내,승용,남,28세,상해없음,승용,남,66세,경상
노인사고,2021051900100119,2021년 5월 19일 10시,수요일,부산광역시 서구 서대신동2가,경상사고,0,0,1,0,차대차 - 후진중충돌,안전운전불이행,건조,맑음,단일로 - 기타,승용,여,67세,상해없음,승용,여,68세,경상
노인사고,2.02105E+15,2021년 5월 19일 10시,수요일,부산광역시 영도구 남항동2가,경상사고,0,0,1,0,차대차 - 측면충돌,중앙선침범,건조,맑음,단일로 - 기타,승용,여,57세,상해없음,승용,남,67세,경상
노인사고,2021051900100158,2021년 5월 19일 11시,수요일,부산광역시 부산진구 가야동,경상사고,0,0,1,0,차대차 - 추돌,안전운전불이행,건조,맑음,단일로 - 기타,승용,남,71세,상해없음,승용,남,53세,상해없음
노인사고,2021051900100234,2021년 5월 19일 13시,수요일,부산광역시 부산진구 개금동,중상사고,0,1,0,0,차대사람 - 기타,안전운전불이행,건조,맑음,단일로 - 기타,승용,남,28세,상해없음,보행자,여,74세,중상
노인사고,2021051900100377,2021년 5월 19일 17시,수요일,부산광역시 금정구 부곡동,경상사고,0,0,1,0,차량단독 - 기타,안전운전불이행,건조,맑음,교차로 - 교차로안,승합,남,62세,상해없음,,,,
노인사고,2021051900100451,2021년 5월 19일 19시,수요일,부산광역시 사상구 엄궁동,중상사고,0,1,0,0,차대사람 - 차도통행중,안전운전불이행,건조,맑음,단일로 - 기타,승용,남,49세,상해없음,보행자,여,77세,중상
노인사고,2021052000100041,2021년 5월 20일 07시,목요일,부산광역시 중구 남포동4가,중상사고,0,1,0,0,차대사람 - 보도통행중,기타,젖음/습기,비,단일로 - 기타,이륜,남,55세,상해없음,보행자,남,65세,중상
노인사고,2021052000100063,2021년 5월 20일 08시,목요일,부산광역시 수영구 민락동,경상사고,0,0,1,0,차대차 - 추돌,안전운전불이행,젖음/습기,비,단일로 - 기타,승용,남,52세,상해없음,승용,남,68세,경상
노인사고,2021052000100065,2021년 5월 20일 08시,목요일,부산광역시 금정구 노포동,중상사고,0,1,1,0,차대차 - 추돌,안전운전불이행,젖음/습기,비,단일로 - 터널,승용,남,45세,상해없음,승용,남,50세,경상
노인사고,2021052000100118,2021년 5월 20일 10시,목요일,부산광역시 중구 영주동,경상사고,0,0,1,0,차대사람 - 차도통행중,안전운전불이행,젖음/습기,비,교차로 - 교차로부근,승용,남,76세,상해없음,보행자,여,76세,경상
노인사고,2021052000100171,2021년 5월 20일 12시,목요일,부산광역시 남구 문현동,중상사고,0,1,0,0,차대사람 - 기타,신호위반,젖음/습기,비,교차로 - 교차로안,승용,여,36세,상해없음,보행자,여,78세,중상
노인사고,2021052000100233,2021년 5월 20일 14시,목요일,부산광역시 북구 금곡동,경상사고,0,0,1,0,차대사람 - 기타,보행자보호의무위반,젖음/습기,비,교차로 - 교차로횡단보도내,승용,남,70세,상해없음,보행자,여,70세,경상
노인사고,2.02105E+15,2021년 5월 20일 19시,목요일,부산광역시 사하구 하단동,경상사고,0,0,2,0,차대차 - 측면충돌,안전거리미확보,건조,맑음,단일로 - 기타,승용,남,53세,상해없음,화물,남,69세,경상
노인사고,2021052000100529,2021년 5월 20일 22시,목요일,부산광역시 서구 초장동,경상사고,0,0,2,0,차대사람 - 횡단중,안전운전불이행,젖음/습기,비,교차로 - 교차로안,승용,남,59세,상해없음,보행자,여,60세,경상
노인사고,2021052100100045,2021년 5월 21일 07시,금요일,부산광역시 사상구 감전동,중상사고,0,1,0,0,차대차 - 측면충돌,중앙선침범,건조,맑음,단일로 - 기타,승용,남,41세,상해없음,이륜,남,73세,중상
노인사고,2021052100100066,2021년 5월 21일 08시,금요일,부산광역시 금정구 금사동,중상사고,0,1,0,0,차대차 - 측면충돌,직진우회전진행방해,건조,맑음,교차로 - 교차로안,승용,남,45세,상해없음,이륜,남,68세,중상
노인사고,2021052100100067,2021년 5월 21일 08시,금요일,부산광역시 강서구 송정동,중상사고,0,1,0,0,차대차 - 기타,중앙선침범,건조,맑음,단일로 - 기타,승용,남,31세,상해없음,승용,남,71세,중상
노인사고,2021052100100134,2021년 5월 21일 10시,금요일,부산광역시 해운대구 재송동,중상사고,0,1,0,0,차대사람 - 횡단중,보행자보호의무위반,건조,맑음,교차로 - 교차로횡단보도내,승용,여,45세,상해없음,보행자,남,86세,중상
노인사고,2021052100100158,2021년 5월 21일 11시,금요일,부산광역시 부산진구 부암동,경상사고,0,0,1,1,차대차 - 추돌,안전운전불이행,건조,맑음,기타 - 기타,이륜,남,48세,부상신고,승용,남,70세,경상
노인사고,2021052200100115,2021년 5월 22일 10시,토요일,부산광역시 동래구 수안동,경상사고,0,0,1,0,차대사람 - 차도통행중,안전운전불이행,건조,맑음,교차로 - 교차로부근,승용,남,61세,상해없음,보행자,남,69세,경상
노인사고,2021052200100116,2021년 5월 22일 10시,토요일,부산광역시 영도구 신선동1가,경상사고,0,0,3,0,차대차 - 기타,직진우회전진행방해,건조,맑음,교차로 - 교차로안,승용,남,71세,경상,승용,여,53세,경상
노인사고,2.02105E+15,2021년 5월 22일 14시,토요일,부산광역시 영도구 영선동1가,중상사고,0,2,0,0,차대사람 - 보도통행중,기타,건조,맑음,단일로 - 기타,승용,남,25세,상해없음,보행자,여,60세,중상
노인사고,2021052200100329,2021년 5월 22일 15시,토요일,부산광역시 남구 대연동,중상사고,0,1,0,0,차대사람 - 기타,안전운전불이행,건조,맑음,교차로 - 교차로안,특수,남,53세,상해없음,보행자,남,78세,중상
노인사고,2021052200100372,2021년 5월 22일 16시,토요일,부산광역시 해운대구 좌동,중상사고,0,1,1,0,차대차 - 기타,안전거리미확보,건조,맑음,단일로 - 기타,승용,남,51세,상해없음,승용,기타불명,미분류,기타불명
노인사고,2021052200100557,2021년 5월 22일 21시,토요일,부산광역시 해운대구 중동,경상사고,0,0,1,1,차대차 - 추돌,안전운전불이행,건조,맑음,단일로 - 기타,이륜,남,29세,부상신고,승용,남,73세,경상
노인사고,2021052300100117,2021년 5월 23일 12시,일요일,부산광역시 영도구 대교동1가,중상사고,0,1,0,0,차대사람 - 횡단중,안전운전불이행,건조,맑음,교차로 - 교차로안,화물,남,64세,상해없음,보행자,여,71세,중상
노인사고,2021052300100185,2021년 5월 23일 14시,일요일,부산광역시 북구 만덕동,경상사고,0,0,2,0,차대차 - 추돌,안전운전불이행,건조,맑음,단일로 - 지하차도(도로)내,승용,남,68세,상해없음,승용,여,57세,경상
노인사고,2021052300100216,2021년 5월 23일 15시,일요일,부산광역시 사하구 신평동,경상사고,0,0,1,0,차대차 - 기타,안전운전불이행,건조,맑음,단일로 - 기타,자전거,여,68세,경상,이륜,남,62세,상해없음
노인사고,2021052300100267,2021년 5월 23일 17시,일요일,부산광역시 금정구 금사동,중상사고,0,1,0,0,차대차 - 측면충돌,교차로운행방법위반,건조,맑음,교차로 - 교차로부근,이륜,남,78세,중상,승용,여,55세,상해없음
노인사고,2021052300100323,2021년 5월 23일 19시,일요일,부산광역시 사상구 주례동,중상사고,0,1,3,0,차대차 - 기타,신호위반,건조,맑음,교차로 - 교차로횡단보도내,승용,남,69세,상해없음,이륜,남,22세,경상
노인사고,2021052400100023,2021년 5월 24일 06시,월요일,부산광역시 강서구 강동동,사망사고,1,0,0,0,차대사람 - 기타,안전운전불이행,젖음/습기,흐림,교차로 - 교차로부근,건설기계,남,28세,상해없음,보행자,여,70세,사망
노인사고,2021052400100064,2021년 5월 24일 08시,월요일,부산광역시 수영구 광안동,중상사고,0,1,0,0,차대사람 - 보도통행중,안전운전불이행,젖음/습기,비,교차로 - 교차로안,승용,여,29세,상해없음,보행자,남,72세,중상
노인사고,2021052400100065,2021년 5월 24일 08시,월요일,부산광역시 영도구 동삼동,경상사고,0,0,4,0,차대차 - 측면충돌,기타,젖음/습기,비,교차로 - 교차로안,승용,남,74세,경상,승용,남,53세,경상
노인사고,2021052400100298,2021년 5월 24일 15시,월요일,부산광역시 북구 화명동,중상사고,0,1,0,0,차대사람 - 기타,보행자보호의무위반,건조,맑음,교차로 - 교차로안,화물,남,41세,상해없음,보행자,여,82세,중상
노인사고,2.02105E+15,2021년 5월 24일 15시,월요일,부산광역시 연제구 거제동,사망사고,1,0,0,0,차대사람 - 기타,안전운전불이행,건조,맑음,단일로 - 기타,화물,남,46세,상해없음,보행자,여,93세,사망
노인사고,2021052500100032,2021년 5월 25일 04시,화요일,부산광역시 해운대구 좌동,경상사고,0,0,1,0,차대사람 - 횡단중,보행자보호의무위반,건조,맑음,교차로 - 교차로안,승용,남,28세,상해없음,보행자,여,65세,경상
노인사고,2021052500100037,2021년 5월 25일 05시,화요일,부산광역시 부산진구 부전동,중상사고,0,1,1,0,차대차 - 측면충돌,신호위반,건조,맑음,교차로 - 교차로안,화물,남,74세,중상,화물,남,32세,경상
노인사고,2021052500100122,2021년 5월 25일 09시,화요일,부산광역시 부산진구 당감동,경상사고,0,0,1,0,차대차 - 기타,차로위반,건조,맑음,단일로 - 기타,화물,남,59세,상해없음,승용,남,69세,경상
노인사고,2021052500100193,2021년 5월 25일 11시,화요일,부산광역시 동래구 사직동,경상사고,0,0,1,0,차량단독 - 기타,안전운전불이행,건조,맑음,단일로 - 기타,승합,남,63세,상해없음,,,,
노인사고,2021052500100221,2021년 5월 25일 12시,화요일,부산광역시 부산진구 양정동,중상사고,0,1,0,0,차대사람 - 횡단중,안전운전불이행,건조,맑음,교차로 - 교차로부근,이륜,남,25세,상해없음,보행자,남,67세,중상
노인사고,2021052500100366,2021년 5월 25일 16시,화요일,부산광역시 수영구 광안동,중상사고,0,1,0,0,차대사람 - 기타,안전운전불이행,건조,맑음,단일로 - 기타,원동기,남,26세,상해없음,보행자,여,69세,중상
노인사고,2021052500100408,2021년 5월 25일 17시,화요일,부산광역시 동래구 사직동,경상사고,0,0,1,0,차대사람 - 차도통행중,안전운전불이행,건조,맑음,교차로 - 교차로안,이륜,남,58세,상해없음,보행자,여,74세,경상
노인사고,2.02105E+15,2021년 5월 25일 18시,화요일,부산광역시 기장군 기장읍,중상사고,0,1,0,0,차대사람 - 횡단중,안전운전불이행,건조,맑음,단일로 - 기타,승용,여,37세,상해없음,보행자,남,78세,중상
노인사고,2021052600100173,2021년 5월 26일 11시,수요일,부산광역시 연제구 연산동,경상사고,0,0,1,0,차대차 - 기타,안전운전불이행,건조,맑음,단일로 - 기타,이륜,남,37세,상해없음,자전거,남,68세,경상
노인사고,2021052600100256,2021년 5월 26일 14시,수요일,부산광역시 연제구 거제동,중상사고,0,1,2,0,차대차 - 추돌,안전운전불이행,건조,맑음,단일로 - 기타,건설기계,남,51세,상해없음,승용,남,67세,경상
노인사고,2021052600100318,2021년 5월 26일 16시,수요일,부산광역시 사하구 감천동,사망사고,1,0,0,0,차대사람 - 횡단중,안전운전불이행,건조,맑음,단일로 - 기타,승용,남,70세,상해없음,보행자,여,89세,사망
노인사고,2021052600100409,2021년 5월 26일 18시,수요일,부산광역시 강서구 강동동,경상사고,0,0,1,0,차대차 - 기타,안전운전불이행,건조,맑음,단일로 - 기타,자전거,남,81세,경상,승용,남,27세,상해없음
노인사고,2.02105E+15,2021년 5월 26일 19시,수요일,부산광역시 남구 감만동,부상신고사고,0,0,0,1,차대차 - 후진중충돌,안전운전불이행,건조,맑음,단일로 - 기타,승용,남,51세,상해없음,화물,남,69세,부상신고
노인사고,2021052600100499,2021년 5월 26일 21시,수요일,부산광역시 기장군 기장읍,중상사고,0,1,0,0,차대사람 - 길가장자리구역통행중,안전운전불이행,건조,맑음,교차로 - 교차로안,승합,남,26세,상해없음,보행자,남,66세,중상
노인사고,2021052600100527,2021년 5월 26일 22시,수요일,부산광역시 금정구 부곡동,중상사고,0,1,0,0,차대사람 - 횡단중,보행자보호의무위반,건조,맑음,교차로 - 교차로횡단보도내,이륜,남,25세,상해없음,보행자,남,66세,중상
노인사고,2021052700100038,2021년 5월 27일 06시,목요일,부산광역시 금정구 서동,중상사고,0,1,0,0,차대사람 - 횡단중,안전운전불이행,건조,맑음,단일로 - 기타,승용,남,49세,상해없음,보행자,여,77세,중상