사고부문,사고번호,사고일시,요일,시군구,사고내용,사망자수,중상자수,경상자수,부상신고자수,사고유형,법규위반,노면상태,기상상태,도로형태,가해운전자 차종,가해운전자 성별,가해운전자 연령,가해운전자 상해정도,피해운전자 차종,피해운전자 성별,피해운전자 연령,피해운전자 상해정도
노인사고,2021052700100235,2021년 5월 27일 13시,목요일,부산광역시 동래구 명장동,중상사고,0,1,0,0,차대차 - 기타,안전운전불이행,건조,맑음,단일로 - 기타,화물,남,48세,상해없음,자전거,남,82세,중상
노인사고,2.02105E+15,2021년 5월 27일 15시,목요일,부산광역시 서구 충무동1가,중상사고,0,1,1,0,차대차 - 측면충돌,안전운전불이행,건조,맑음,단일로 - 기타,이륜,남,33세,경상,이륜,남,67세,중상
노인사고,2021052700100415,2021년 5월 27일 18시,목요일,부산광역시 서구 서대신동2가,중상사고,0,1,0,0,차대사람 - 보도통행중,보행자보호의무위반,건조,맑음,교차로 - 교차로안,승용,남,57세,상해없음,보행자,여,70세,중상
노인사고,2021052700100416,2021년 5월 27일 18시,목요일,부산광역시 해운대구 우동,경상사고,0,0,1,0,차대사람 - 보도통행중,기타,건조,맑음,기타 - 기타,원동기,남,15세,상해없음,보행자,여,71세,경상
노인사고,2021052800100181,2021년 5월 28일 11시,금요일,부산광역시 해운대구 우동,중상사고,0,1,1,0,차대차 - 기타,교차로운행방법위반,건조,맑음,교차로 - 교차로안,승용,여,77세,상해없음,이륜,남,70세,경상
노인사고,2021052800100182,2021년 5월 28일 11시,금요일,부산광역시 사하구 장림동,경상사고,0,0,1,0,차대차 - 측면충돌,안전거리미확보,건조,맑음,교차로 - 교차로안,화물,남,56세,상해없음,승용,남,67세,경상
노인사고,2021052800100183,2021년 5월 28일 11시,금요일,부산광역시 사하구 다대동,중상사고,0,1,0,0,차대차 - 기타,안전운전불이행,건조,맑음,교차로 - 교차로부근,화물,남,53세,상해없음,승용,남,69세,중상
노인사고,2021052800100184,2021년 5월 28일 11시,금요일,부산광역시 사상구 모라동,경상사고,0,0,1,0,차대차 - 측면충돌,안전운전불이행,건조,맑음,단일로 - 기타,승용,남,66세,상해없음,이륜,남,71세,경상
노인사고,2021052800100212,2021년 5월 28일 12시,금요일,부산광역시 북구 만덕동,경상사고,0,0,3,0,차대차 - 정면충돌,교차로운행방법위반,건조,맑음,교차로 - 교차로안,원동기,남,47세,상해없음,승용,남,66세,경상
노인사고,2021052800100246,2021년 5월 28일 13시,금요일,부산광역시 남구 대연동,중상사고,0,1,0,0,차대사람 - 횡단중,보행자보호의무위반,건조,맑음,교차로 - 교차로부근,승합,남,73세,상해없음,보행자,여,76세,중상
노인사고,2021052800100288,2021년 5월 28일 14시,금요일,부산광역시 부산진구 가야동,경상사고,0,0,1,0,차대차 - 추돌,차로위반,건조,맑음,단일로 - 교량,특수,남,45세,상해없음,화물,남,68세,경상
노인사고,2021052800100538,2021년 5월 28일 20시,금요일,부산광역시 북구 금곡동,경상사고,0,0,2,0,차대차 - 측면충돌,안전거리미확보,건조,맑음,단일로 - 기타,승합,남,66세,상해없음,승합,남,41세,경상
노인사고,2021052800100565,2021년 5월 28일 21시,금요일,부산광역시 영도구 청학동,경상사고,0,0,2,0,차대차 - 추돌,안전거리미확보,건조,맑음,단일로 - 기타,이륜,남,49세,경상,승용,남,68세,경상
노인사고,2021052900100044,2021년 5월 29일 05시,토요일,부산광역시 서구 토성동5가,부상신고사고,0,0,0,1,차대사람 - 횡단중,안전운전불이행,건조,맑음,교차로 - 교차로횡단보도내,승용,남,67세,상해없음,보행자,남,70세,부상신고
노인사고,2.02105E+15,2021년 5월 29일 08시,토요일,부산광역시 북구 구포동,중상사고,0,1,0,1,차대차 - 기타,교차로운행방법위반,건조,맑음,교차로 - 교차로안,승용,남,33세,부상신고,승용,남,77세,중상
노인사고,2021052900100101,2021년 5월 29일 09시,토요일,부산광역시 중구 영주동,사망사고,1,0,0,0,차대사람 - 길가장자리구역통행중,안전운전불이행,건조,맑음,단일로 - 기타,화물,남,39세,상해없음,보행자,여,76세,사망
노인사고,2021052900100195,2021년 5월 29일 12시,토요일,부산광역시 북구 만덕동,중상사고,0,1,0,0,차대사람 - 기타,보행자보호의무위반,건조,맑음,교차로 - 교차로횡단보도내,승용,여,39세,상해없음,보행자,여,71세,중상
노인사고,2021052900100196,2021년 5월 29일 12시,토요일,부산광역시 부산진구 범천동,중상사고,0,1,1,0,차대차 - 측면충돌,안전운전불이행,건조,맑음,교차로 - 교차로부근,승용,남,70세,경상,승용,남,22세,중상
노인사고,2021052900100277,2021년 5월 29일 14시,토요일,부산광역시 금정구 노포동,부상신고사고,0,0,0,1,차대차 - 측면충돌,안전운전불이행,건조,맑음,단일로 - 기타,화물,남,48세,상해없음,화물,남,78세,상해없음
노인사고,2021053100100018,2021년 5월 31일 05시,월요일,부산광역시 북구 만덕동,중상사고,0,1,1,0,차대차 - 기타,교차로운행방법위반,건조,맑음,교차로 - 교차로안,승용,남,47세,상해없음,승용,여,68세,중상
노인사고,2.02105E+15,2021년 5월 31일 15시,월요일,부산광역시 동구 초량동,경상사고,0,0,1,0,차대사람 - 차도통행중,보행자보호의무위반,건조,맑음,단일로 - 기타,화물,남,54세,상해없음,보행자,남,89세,경상
노인사고,2021053100100286,2021년 5월 31일 15시,월요일,부산광역시 금정구 부곡동,경상사고,0,0,1,0,차대차 - 기타,직진우회전진행방해,건조,맑음,교차로 - 교차로안,승용,남,66세,경상,특수,남,45세,상해없음
노인사고,2021053100100288,2021년 5월 31일 15시,월요일,부산광역시 기장군 철마면,경상사고,0,0,1,0,차대차 - 측면충돌,안전운전불이행,건조,맑음,교차로 - 교차로부근,화물,남,68세,상해없음,자전거,남,70세,경상
노인사고,2021053100100323,2021년 5월 31일 16시,월요일,부산광역시 사상구 감전동,부상신고사고,0,0,0,2,차대차 - 측면충돌,안전운전불이행,건조,맑음,단일로 - 기타,승용,여,54세,상해없음,승용,남,59세,상해없음
노인사고,2021060100100182,2021년 6월 1일 11시,화요일,부산광역시 기장군 정관읍,중상사고,0,1,0,0,차대사람 - 횡단중,보행자보호의무위반,건조,맑음,교차로 - 교차로횡단보도내,승합,남,61세,상해없음,보행자,여,82세,중상
노인사고,2021060100100214,2021년 6월 1일 12시,화요일,부산광역시 해운대구 중동,중상사고,0,1,0,0,차대사람 - 차도통행중,안전운전불이행,건조,맑음,단일로 - 기타,승용,남,54세,상해없음,보행자,여,76세,중상
노인사고,2021060100100246,2021년 6월 1일 13시,화요일,부산광역시 북구 구포동,경상사고,0,0,5,0,차대차 - 기타,안전운전불이행,건조,맑음,교차로 - 교차로안,승용,남,67세,경상,승용,남,18세,경상
노인사고,2021060100100247,2021년 6월 1일 13시,화요일,부산광역시 영도구 봉래동3가,경상사고,0,0,1,0,차대차 - 기타,신호위반,건조,맑음,단일로 - 기타,이륜,남,40세,상해없음,승합,남,59세,상해없음
노인사고,2.02106E+15,2021년 6월 1일 13시,화요일,부산광역시 기장군 일광면,중상사고,0,1,0,0,차대사람 - 횡단중,보행자보호의무위반,건조,맑음,교차로 - 교차로부근,승용,남,38세,상해없음,보행자,남,79세,중상
노인사고,2021060100100251,2021년 6월 1일 13시,화요일,부산광역시 기장군 정관읍,중상사고,0,1,0,0,차대사람 - 길가장자리구역통행중,안전운전불이행,건조,맑음,교차로 - 교차로부근,화물,남,64세,상해없음,보행자,여,78세,중상
노인사고,2021060100100329,2021년 6월 1일 15시,화요일,부산광역시 서구 충무동1가,중상사고,0,1,0,0,차대차 - 측면충돌,안전거리미확보,건조,맑음,단일로 - 기타,이륜,남,65세,중상,승용,남,33세,상해없음
노인사고,2021060100100465,2021년 6월 1일 18시,화요일,부산광역시 부산진구 당감동,경상사고,0,0,3,0,차대차 - 추돌,안전운전불이행,건조,맑음,단일로 - 터널,화물,남,27세,상해없음,승용,남,70세,경상
노인사고,2021060100100467,2021년 6월 1일 18시,화요일,부산광역시 강서구 대저1동,경상사고,0,0,2,0,차대차 - 측면충돌,신호위반,건조,맑음,교차로 - 교차로안,승용,남,73세,경상,승용,여,50세,상해없음
노인사고,2021060200100111,2021년 6월 2일 09시,수요일,부산광역시 금정구 부곡동,경상사고,0,0,1,0,차대사람 - 기타,안전운전불이행,건조,맑음,단일로 - 기타,승용,여,64세,상해없음,보행자,여,85세,경상
노인사고,2021060200100146,2021년 6월 2일 10시,수요일,부산광역시 남구 대연동,경상사고,0,0,1,0,차대차 - 기타,안전거리미확보,건조,맑음,단일로 - 기타,승용,남,36세,상해없음,승합,남,50세,상해없음
노인사고,2021060200100216,2021년 6월 2일 12시,수요일,부산광역시 북구 구포동,경상사고,0,0,3,0,차대차 - 기타,안전운전불이행,건조,맑음,교차로 - 교차로안,승용,여,35세,경상,승용,남,66세,경상
노인사고,2021060200100319,2021년 6월 2일 15시,수요일,부산광역시 수영구 광안동,부상신고사고,0,0,0,1,차대차 - 추돌,안전운전불이행,건조,맑음,단일로 - 기타,이륜,남,84세,부상신고,승용,남,52세,상해없음
노인사고,2021060200100321,2021년 6월 2일 15시,수요일,부산광역시 금정구 부곡동,경상사고,0,0,3,0,차대차 - 측면충돌,교차로운행방법위반,건조,맑음,교차로 - 교차로안,승용,남,24세,상해없음,승용,남,46세,경상
노인사고,2.02106E+15,2021년 6월 2일 16시,수요일,부산광역시 부산진구 부전동,경상사고,0,0,1,0,차대차 - 측면충돌,안전운전불이행,건조,맑음,교차로 - 교차로안,화물,남,65세,상해없음,자전거,남,68세,경상
노인사고,2021060200100506,2021년 6월 2일 19시,수요일,부산광역시 동래구 낙민동,중상사고,0,1,0,0,차량단독 - 기타,안전운전불이행,건조,맑음,단일로 - 기타,승합,남,46세,상해없음,,,,
노인사고,2021060300100057,2021년 6월 3일 07시,목요일,부산광역시 부산진구 부암동,중상사고,0,1,0,0,차대차 - 기타,안전운전불이행,건조,맑음,교차로 - 교차로부근,이륜,남,66세,중상,화물,남,52세,상해없음
노인사고,2021060300100121,2021년 6월 3일 09시,목요일,부산광역시 영도구 청학동,경상사고,0,0,2,0,차대차 - 추돌,안전운전불이행,젖음/습기,비,단일로 - 기타,승용,남,63세,상해없음,승용,남,68세,경상
노인사고,2021060300100147,2021년 6월 3일 10시,목요일,부산광역시 서구 동대신동3가,중상사고,0,2,0,0,차대차 - 추돌,안전운전불이행,젖음/습기,비,단일로 - 기타,승용,여,51세,상해없음,승용,여,45세,중상
노인사고,2021060300100235,2021년 6월 3일 13시,목요일,부산광역시 강서구 명지동,경상사고,0,0,1,0,차대차 - 추돌,안전운전불이행,젖음/습기,비,교차로 - 교차로부근,화물,여,67세,경상,특수,남,65세,상해없음
노인사고,2021060300100268,2021년 6월 3일 14시,목요일,부산광역시 금정구 금사동,중상사고,0,1,1,1,차대차 - 측면충돌,교차로운행방법위반,젖음/습기,비,교차로 - 교차로안,승용,여,45세,중상,승용,남,58세,상해없음
노인사고,2021060400100122,2021년 6월 4일 09시,금요일,부산광역시 금정구 금사동,경상사고,0,0,1,0,차대차 - 기타,교차로운행방법위반,건조,맑음,교차로 - 교차로안,승용,남,68세,경상,승합,남,50세,상해없음
노인사고,2021060400100216,2021년 6월 4일 12시,금요일,부산광역시 사상구 주례동,중상사고,0,2,1,0,차대차 - 추돌,안전운전불이행,건조,맑음,단일로 - 기타,승용,남,31세,상해없음,승용,여,50세,중상
노인사고,2021060400100296,2021년 6월 4일 14시,금요일,부산광역시 부산진구 초읍동,중상사고,0,1,0,0,차량단독 - 기타,기타,건조,맑음,단일로 - 기타,승합,남,59세,상해없음,,,,
노인사고,2021060400100344,2021년 6월 4일 15시,금요일,부산광역시 해운대구 우동,경상사고,0,0,2,0,차대차 - 추돌,안전운전불이행,건조,맑음,교차로 - 교차로부근,승용,남,26세,상해없음,승용,남,54세,경상
노인사고,2021060400100345,2021년 6월 4일 15시,금요일,부산광역시 사상구 학장동,중상사고,0,1,0,0,차대사람 - 횡단중,보행자보호의무위반,건조,맑음,단일로 - 지하차도(도로)내,특수,남,64세,상해없음,보행자,남,67세,중상
노인사고,2021060400100553,2021년 6월 4일 19시,금요일,부산광역시 사하구 하단동,경상사고,0,0,1,0,차대사람 - 횡단중,보행자보호의무위반,건조,맑음,교차로 - 교차로횡단보도내,승용,남,70세,상해없음,보행자,남,81세,경상
노인사고,2021060500100125,2021년 6월 5일 10시,토요일,부산광역시 영도구 대교동1가,경상사고,0,0,2,0,차대차 - 기타,안전거리미확보,건조,맑음,단일로 - 기타,승용,남,62세,상해없음,승합,남,43세,상해없음
노인사고,2021060500100216,2021년 6월 5일 12시,토요일,부산광역시 해운대구 반여동,경상사고,0,0,1,0,차대사람 - 기타,보행자보호의무위반,건조,맑음,단일로 - 기타,승용,남,49세,상해없음,보행자,남,72세,경상
노인사고,2021060500100218,2021년 6월 5일 12시,토요일,부산광역시 기장군 철마면,경상사고,0,0,6,0,차대차 - 추돌,안전운전불이행,건조,맑음,단일로 - 기타,승합,남,50세,상해없음,승용,남,69세,경상
노인사고,2021060600100035,2021년 6월 6일 04시,일요일,부산광역시 수영구 광안동,경상사고,0,0,1,0,차대사람 - 길가장자리구역통행중,안전운전불이행,건조,맑음,교차로 - 교차로안,승용,남,32세,상해없음,보행자,여,79세,경상
노인사고,2021060600100292,2021년 6월 6일 17시,일요일,부산광역시 금정구 회동동,경상사고,0,0,6,3,차대차 - 추돌,안전거리미확보,건조,맑음,단일로 - 기타,승용,여,30세,상해없음,승용,남,35세,상해없음
노인사고,2021060700100018,2021년 6월 7일 06시,월요일,부산광역시 동래구 안락동,중상사고,0,1,0,0,차대차 - 추돌,교차로운행방법위반,건조,맑음,교차로 - 교차로안,화물,남,40세,상해없음,자전거,남,84세,중상
노인사고,2021060700100019,2021년 6월 7일 06시,월요일,부산광역시 연제구 연산동,중상사고,0,1,0,0,차대차 - 기타,안전운전불이행,건조,맑음,교차로 - 교차로부근,건설기계,남,49세,상해없음,기타불명,남,82세,중상
노인사고,2021060700100096,2021년 6월 7일 09시,월요일,부산광역시 수영구 남천동,경상사고,0,0,1,0,차대사람 - 보도통행중,안전운전불이행,건조,맑음,교차로 - 교차로안,승용,남,64세,상해없음,보행자,여,67세,경상
노인사고,2021060700100126,2021년 6월 7일 10시,월요일,부산광역시 부산진구 부암동,경상사고,0,0,2,0,차대차 - 기타,안전운전불이행,건조,맑음,단일로 - 기타,승용,여,45세,경상,건설기계,남,58세,상해없음
노인사고,2021060700100127,2021년 6월 7일 10시,월요일,부산광역시 사하구 하단동,중상사고,0,1,0,0,차대차 - 기타,안전운전불이행,건조,맑음,단일로 - 기타,승용,남,61세,상해없음,이륜,남,66세,중상
노인사고,2021060700100164,2021년 6월 7일 11시,월요일,부산광역시 사하구 구평동,중상사고,0,3,0,0,차대차 - 정면충돌,안전운전불이행,건조,맑음,단일로 - 기타,승용,여,26세,중상,승용,여,72세,중상
노인사고,2021060700100235,2021년 6월 7일 13시,월요일,부산광역시 강서구 대저2동,중상사고,0,1,3,0,차대차 - 추돌,안전운전불이행,건조,맑음,단일로 - 기타,화물,남,60세,상해없음,승용,남,58세,경상
노인사고,2021060700100399,2021년 6월 7일 17시,월요일,부산광역시 사상구 삼락동,경상사고,0,0,1,0,차대차 - 측면충돌,안전거리미확보,건조,맑음,단일로 - 기타,승용,남,22세,상해없음,화물,남,69세,경상
노인사고,2021060700100452,2021년 6월 7일 18시,월요일,부산광역시 사하구 장림동,경상사고,0,0,1,0,차대사람 - 기타,안전운전불이행,건조,맑음,기타 - 기타,승용,여,50세,상해없음,보행자,여,72세,경상
노인사고,2021060800100106,2021년 6월 8일 09시,화요일,부산광역시 북구 구포동,경상사고,0,0,1,0,차대사람 - 기타,보행자보호의무위반,건조,맑음,단일로 - 기타,화물,남,41세,상해없음,보행자,남,74세,경상
노인사고,2021060800100142,2021년 6월 8일 10시,화요일,부산광역시 남구 용당동,경상사고,0,0,1,0,차대차 - 정면충돌,안전운전불이행,건조,맑음,교차로 - 교차로안,승용,남,21세,상해없음,승용,남,66세,경상
노인사고,2021060800100277,2021년 6월 8일 14시,화요일,부산광역시 연제구 거제동,중상사고,0,1,0,0,차대사람 - 기타,안전운전불이행,건조,맑음,교차로 - 교차로안,승용,남,33세,상해없음,보행자,여,75세,중상
노인사고,2021060800100315,2021년 6월 8일 15시,화요일,부산광역시 사상구 괘법동,경상사고,0,0,1,0,차대사람 - 기타,안전운전불이행,건조,맑음,단일로 - 기타,승용,남,39세,기타불명,보행자,남,66세,경상
노인사고,2021060800100481,2021년 6월 8일 19시,화요일,부산광역시 금정구 두구동,중상사고,0,1,0,0,차대사람 - 횡단중,안전운전불이행,건조,맑음,단일로 - 기타,승용,남,43세,상해없음,보행자,여,70세,중상
노인사고,2021060800100587,2021년 6월 8일 23시,화요일,부산광역시 해운대구 우동,경상사고,0,0,1,0,차대차 - 기타,안전운전불이행,건조,맑음,단일로 - 기타,승용,남,42세,상해없음,승용,남,68세,경상
노인사고,2021060900100008,2021년 6월 9일 01시,수요일,부산광역시 부산진구 개금동,경상사고,0,0,1,1,차대차 - 추돌,기타,건조,맑음,단일로 - 기타,승용,남,34세,부상신고,승용,남,70세,경상
노인사고,2.02106E+15,2021년 6월 9일 10시,수요일,부산광역시 영도구 청학동,경상사고,0,0,1,0,차대사람 - 기타,안전운전불이행,건조,맑음,단일로 - 기타,승용,남,70세,상해없음,보행자,남,84세,경상
노인사고,2021060900100166,2021년 6월 9일 11시,수요일,부산광역시 부산진구 부전동,경상사고,0,0,3,0,차대차 - 추돌,안전운전불이행,건조,맑음,단일로 - 기타,승합,남,31세,상해없음,승합,남,60세,상해없음
노인사고,2021060900100167,2021년 6월 9일 11시,수요일,부산광역시 연제구 연산동,중상사고,0,3,1,0,차대차 - 측면충돌,교차로운행방법위반,건조,맑음,교차로 - 교차로안,승용,남,64세,상해없음,승용,여,74세,중상
노인사고,2021060900100395,2021년 6월 9일 17시,수요일,부산광역시 연제구 연산동,경상사고,0,0,3,0,차대차 - 측면충돌,교차로운행방법위반,건조,맑음,교차로 - 교차로안,승용,남,24세,기타불명,승용,남,22세,경상
노인사고,2021060900100606,2021년 6월 9일 22시,수요일,부산광역시 부산진구 부전동,경상사고,0,0,1,0,차대사람 - 기타,안전운전불이행,건조,기타,기타 - 기타,승용,남,50세,상해없음,보행자,남,66세,경상
노인사고,2.02106E+15,2021년 6월 10일 06시,목요일,부산광역시 남구 용호동,중상사고,0,1,0,0,차대사람 - 기타,안전운전불이행,건조,맑음,교차로 - 교차로안,승용,남,43세,상해없음,보행자,여,68세,중상
노인사고,2021061000100053,2021년 6월 10일 07시,목요일,부산광역시 부산진구 부암동,경상사고,0,0,2,0,차대차 - 측면충돌,안전거리미확보,건조,맑음,단일로 - 기타,승용,남,70세,경상,승용,남,57세,상해없음
노인사고,2.02106E+15,2021년 6월 10일 09시,목요일,부산광역시 금정구 부곡동,경상사고,0,0,1,0,차대사람 - 기타,안전운전불이행,건조,맑음,단일로 - 기타,자전거,남,60세,상해없음,보행자,여,81세,경상
노인사고,2021061000100159,2021년 6월 10일 10시,목요일,부산광역시 동래구 안락동,경상사고,0,0,1,0,차대차 - 측면충돌,신호위반,건조,맑음,교차로 - 교차로안,승용,여,58세,상해없음,승용,남,69세,경상
노인사고,2021061000100333,2021년 6월 10일 15시,목요일,부산광역시 사하구 신평동,경상사고,0,0,2,0,차대차 - 기타,신호위반,건조,맑음,교차로 - 교차로안,화물,여,18세,경상,승용,남,68세,경상
노인사고,2021061000100459,2021년 6월 10일 18시,목요일,부산광역시 해운대구 중동,경상사고,0,0,1,0,차대차 - 정면충돌,기타,건조,맑음,교차로 - 교차로안,승용,남,25세,상해없음,승용,남,72세,경상
노인사고,2021061000100639,2021년 6월 10일 23시,목요일,부산광역시 사하구 신평동,사망사고,1,0,0,0,차대사람 - 횡단중,안전운전불이행,젖음/습기,비,교차로 - 교차로안,승용,남,22세,상해없음,보행자,남,76세,사망
노인사고,2021061100100282,2021년 6월 11일 14시,금요일,부산광역시 해운대구 우동,중상사고,0,1,0,0,차대차 - 추돌,안전운전불이행,젖음/습기,비,교차로 - 교차로부근,화물,남,53세,상해없음,승용,여,75세,중상
노인사고,2021061100100324,2021년 6월 11일 15시,금요일,부산광역시 강서구 명지동,경상사고,0,0,1,0,차대차 - 추돌,안전운전불이행,젖음/습기,비,단일로 - 기타,이륜,남,30세,기타불명,승용,남,65세,경상
노인사고,2021061100100326,2021년 6월 11일 15시,금요일,부산광역시 기장군 기장읍,중상사고,0,1,0,0,차대사람 - 횡단중,보행자보호의무위반,건조,맑음,기타 - 기타,승용,여,59세,상해없음,보행자,여,74세,중상
노인사고,2021061100100365,2021년 6월 11일 16시,금요일,부산광역시 금정구 부곡동,경상사고,0,0,5,1,차대차 - 추돌,안전운전불이행,젖음/습기,맑음,단일로 - 기타,승용,여,25세,상해없음,승용,여,39세,경상
노인사고,2021061100100594,2021년 6월 11일 22시,금요일,부산광역시 기장군 일광면,경상사고,0,0,1,0,차대사람 - 기타,안전운전불이행,젖음/습기,비,단일로 - 기타,승용,남,60세,상해없음,보행자,남,85세,경상
노인사고,2021061200100033,2021년 6월 12일 05시,토요일,부산광역시 북구 화명동,중상사고,0,1,0,0,차대사람 - 횡단중,신호위반,젖음/습기,흐림,교차로 - 교차로횡단보도내,이륜,남,23세,상해없음,보행자,여,70세,중상
노인사고,2021061200100091,2021년 6월 12일 09시,토요일,부산광역시 남구 대연동,경상사고,0,0,1,0,차대차 - 측면충돌,교차로운행방법위반,젖음/습기,비,교차로 - 교차로안,승용,남,48세,기타불명,승용,남,69세,경상
노인사고,2021061200100092,2021년 6월 12일 09시,토요일,부산광역시 사상구 모라동,부상신고사고,0,0,0,1,차대사람 - 횡단중,안전운전불이행,젖음/습기,비,교차로 - 교차로안,승용,여,39세,상해없음,보행자,남,79세,부상신고
노인사고,2021061200100506,2021년 6월 12일 19시,토요일,부산광역시 동구 초량동,경상사고,0,0,1,0,차대사람 - 횡단중,안전운전불이행,젖음/습기,비,단일로 - 기타,이륜,남,18세,상해없음,보행자,여,67세,경상
노인사고,2021061200100535,2021년 6월 12일 20시,토요일,부산광역시 사하구 하단동,경상사고,0,0,1,0,차대사람 - 횡단중,중앙선침범,젖음/습기,비,교차로 - 교차로부근,화물,남,40세,상해없음,보행자,남,65세,경상
노인사고,2021061200100588,2021년 6월 12일 22시,토요일,부산광역시 동구 좌천동,경상사고,0,0,1,0,차대차 - 추돌,안전거리미확보,건조,맑음,단일로 - 고가도로위,승용,남,68세,상해없음,승용,남,67세,경상
노인사고,2021061200100614,2021년 6월 12일 23시,토요일,부산광역시 부산진구 당감동,중상사고,0,1,1,0,차대차 - 추돌,안전운전불이행,젖음/습기,비,단일로 - 고가도로위,승용,남,60세,상해없음,승용,남,65세,중상
노인사고,2021061300100061,2021년 6월 13일 09시,일요일,부산광역시 연제구 연산동,경상사고,0,0,1,0,차대차 - 측면충돌,안전운전불이행,건조,맑음,교차로 - 교차로부근,승용,남,33세,상해없음,자전거,남,67세,경상
노인사고,2021061300100099,2021년 6월 13일 11시,일요일,부산광역시 사상구 엄궁동,경상사고,0,0,1,0,차대차 - 정면충돌,신호위반,건조,흐림,교차로 - 교차로안,승용,여,39세,상해없음,이륜,남,68세,경상
노인사고,2021061300100347,2021년 6월 13일 18시,일요일,부산광역시 동구 초량동,부상신고사고,0,0,0,1,차대사람 - 기타,안전운전불이행,건조,맑음,교차로 - 교차로안,승용,남,38세,상해없음,보행자,여,81세,부상신고
노인사고,2021061300100434,2021년 6월 13일 21시,일요일,부산광역시 연제구 연산동,경상사고,0,0,1,0,차대차 - 측면충돌,안전거리미확보,젖음/습기,비,교차로 - 교차로부근,승용,여,57세,상해없음,승용,남,65세,경상
노인사고,2021061400100156,2021년 6월 14일 10시,월요일,부산광역시 중구 중앙동4가,중상사고,0,1,0,0,차대사람 - 기타,기타,건조,맑음,단일로 - 기타,승용,남,52세,상해없음,보행자,여,73세,중상
노인사고,2021061400100188,2021년 6월 14일 11시,월요일,부산광역시 해운대구 송정동,중상사고,0,1,4,0,차대차 - 추돌,안전운전불이행,건조,맑음,단일로 - 기타,화물,남,56세,기타불명,승용,남,50세,중상
노인사고,2021061400100228,2021년 6월 14일 12시,월요일,부산광역시 사하구 다대동,경상사고,0,0,1,0,차대차 - 기타,안전운전불이행,건조,맑음,교차로 - 교차로안,이륜,남,82세,경상,승용,남,59세,상해없음
노인사고,2021061400100257,2021년 6월 14일 13시,월요일,부산광역시 해운대구 재송동,경상사고,0,0,1,0,차대사람 - 횡단중,중앙선침범,건조,맑음,단일로 - 기타,승용,여,41세,상해없음,보행자,여,72세,경상
노인사고,2021061400100342,2021년 6월 14일 15시,월요일,부산광역시 북구 만덕동,중상사고,0,1,0,0,차대사람 - 횡단중,안전운전불이행,건조,맑음,교차로 - 교차로부근,승용,남,58세,상해없음,보행자,여,80세,중상
노인사고,2021061400100369,2021년 6월 14일 16시,월요일,부산광역시 금정구 장전동,경상사고,0,0,1,0,차대차 - 측면충돌,안전거리미확보,건조,맑음,단일로 - 기타,건설기계,남,40세,상해없음,승용,남,74세,경상
노인사고,2021061500100128,2021년 6월 15일 10시,화요일,부산광역시 동구 범일동,중상사고,0,1,0,0,차대사람 - 횡단중,보행자보호의무위반,건조,흐림,교차로 - 교차로부근,승합,남,59세,상해없음,보행자,남,77세,중상
노인사고,2021061500100165,2021년 6월 15일 11시,화요일,부산광역시 사상구 주례동,경상사고,0,0,1,0,차대사람 - 보도통행중,안전운전불이행,건조,맑음,단일로 - 기타,승용,남,31세,상해없음,보행자,남,75세,경상
노인사고,2.02106E+15,2021년 6월 15일 12시,화요일,부산광역시 부산진구 부전동,중상사고,0,1,0,0,차량단독 - 기타,안전운전불이행,건조,맑음,단일로 - 기타,승합,남,24세,상해없음,,,,
노인사고,2021061500100563,2021년 6월 15일 22시,화요일,부산광역시 서구 아미동1가,경상사고,0,0,1,0,차대차 - 추돌,안전운전불이행,젖음/습기,비,교차로 - 교차로부근,승용,남,37세,상해없음,승용,남,74세,경상
노인사고,2021061600100026,2021년 6월 16일 04시,수요일,부산광역시 서구 동대신동2가,경상사고,0,0,1,0,차대차 - 추돌,안전운전불이행,젖음/습기,흐림,단일로 - 기타,화물,남,71세,기타불명,승용,남,66세,경상
노인사고,2021061600100219,2021년 6월 16일 12시,수요일,부산광역시 수영구 수영동,중상사고,0,1,0,0,차대사람 - 기타,안전운전불이행,건조,맑음,교차로 - 교차로안,화물,남,42세,상해없음,보행자,여,78세,중상
노인사고,2021061600100286,2021년 6월 16일 14시,수요일,부산광역시 남구 용호동,경상사고,0,0,1,0,차대사람 - 기타,안전운전불이행,건조,맑음,단일로 - 기타,화물,남,60세,상해없음,보행자,남,73세,경상
노인사고,2021061600100399,2021년 6월 16일 17시,수요일,부산광역시 동구 초량동,경상사고,0,0,3,0,차대차 - 기타,안전거리미확보,젖음/습기,흐림,단일로 - 기타,화물,남,54세,상해없음,승용,남,83세,경상
노인사고,2.02106E+15,2021년 6월 16일 20시,수요일,부산광역시 서구 서대신동1가,경상사고,0,0,3,0,차대차 - 기타,신호위반,젖음/습기,비,교차로 - 교차로안,승용,남,62세,기타불명,승용,남,58세,경상
노인사고,2021061700100209,2021년 6월 17일 12시,목요일,부산광역시 동래구 온천동,중상사고,0,1,0,0,차대사람 - 횡단중,신호위반,건조,맑음,단일로 - 기타,화물,남,63세,상해없음,보행자,여,78세,중상
노인사고,2.02106E+15,2021년 6월 17일 12시,목요일,부산광역시 금정구 서동,부상신고사고,0,0,0,1,차대차 - 기타,안전운전불이행,건조,흐림,단일로 - 기타,이륜,남,67세,부상신고,화물,남,64세,기타불명