사고부문,사고번호,사고일시,요일,시군구,사고내용,사망자수,중상자수,경상자수,부상신고자수,사고유형,법규위반,노면상태,기상상태,도로형태,가해운전자 차종,가해운전자 성별,가해운전자 연령,가해운전자 상해정도,피해운전자 차종,피해운전자 성별,피해운전자 연령,피해운전자 상해정도
노인사고,2021061700100346,2021년 6월 17일 16시,목요일,부산광역시 중구 신창동1가,경상사고,0,0,1,0,차대사람 - 차도통행중,안전운전불이행,건조,맑음,교차로 - 교차로부근,이륜,여,44세,상해없음,보행자,남,69세,경상
노인사고,2021061700100506,2021년 6월 17일 21시,목요일,부산광역시 영도구 남항동1가,경상사고,0,0,2,0,차대차 - 기타,안전운전불이행,건조,맑음,단일로 - 기타,승용,남,56세,상해없음,승용,남,65세,경상
노인사고,2021061800100047,2021년 6월 18일 07시,금요일,부산광역시 부산진구 범천동,중상사고,0,1,1,0,차대차 - 측면충돌,신호위반,건조,기타,교차로 - 교차로안,승용,여,46세,기타불명,승용,남,80세,경상
노인사고,2021061800100095,2021년 6월 18일 09시,금요일,부산광역시 부산진구 개금동,중상사고,0,3,2,0,차대차 - 기타,신호위반,건조,맑음,교차로 - 교차로부근,승용,남,70세,상해없음,승용,남,71세,경상
노인사고,2021061800100191,2021년 6월 18일 12시,금요일,부산광역시 동래구 명장동,경상사고,0,0,1,0,차량단독 - 기타,안전운전불이행,건조,맑음,단일로 - 기타,승합,남,51세,상해없음,,,,
노인사고,2021061800100273,2021년 6월 18일 15시,금요일,부산광역시 연제구 연산동,중상사고,0,1,0,0,차대차 - 기타,안전운전불이행,건조,맑음,단일로 - 기타,승용,남,56세,상해없음,자전거,남,67세,중상
노인사고,2021061800100451,2021년 6월 18일 19시,금요일,부산광역시 금정구 남산동,경상사고,0,0,1,0,차대사람 - 기타,안전운전불이행,건조,맑음,교차로 - 교차로안,승용,남,29세,상해없음,보행자,여,79세,경상
노인사고,2021061800100452,2021년 6월 18일 19시,금요일,부산광역시 강서구 봉림동,경상사고,0,0,1,0,차대차 - 기타,안전운전불이행,건조,맑음,단일로 - 기타,승용,남,67세,상해없음,승용,남,70세,경상
노인사고,2021061800100481,2021년 6월 18일 20시,금요일,부산광역시 동구 범일동,경상사고,0,0,1,0,차대차 - 추돌,안전거리미확보,건조,맑음,단일로 - 기타,승용,남,65세,상해없음,승용,남,70세,경상
노인사고,2021061800100483,2021년 6월 18일 20시,금요일,부산광역시 해운대구 우동,경상사고,0,0,1,0,차대차 - 측면충돌,신호위반,건조,맑음,교차로 - 교차로안,승용,여,30세,상해없음,승용,남,73세,경상
노인사고,2021061800100545,2021년 6월 18일 22시,금요일,부산광역시 사상구 괘법동,경상사고,0,0,1,0,차대차 - 추돌,안전운전불이행,건조,맑음,교차로 - 교차로부근,승용,남,65세,상해없음,승용,남,66세,경상
노인사고,2021061900100051,2021년 6월 19일 05시,토요일,부산광역시 부산진구 부전동,경상사고,0,0,2,0,차대차 - 측면충돌,신호위반,건조,맑음,교차로 - 교차로안,승용,남,41세,상해없음,승용,남,75세,경상
노인사고,2021061900100053,2021년 6월 19일 05시,토요일,부산광역시 사상구 엄궁동,경상사고,0,0,1,0,차대차 - 측면충돌,안전운전불이행,건조,맑음,교차로 - 교차로안,화물,남,28세,상해없음,이륜,여,72세,경상
노인사고,2021061900100088,2021년 6월 19일 08시,토요일,부산광역시 강서구 송정동,중상사고,0,1,0,0,차대차 - 기타,안전운전불이행,건조,맑음,교차로 - 교차로안,승용,남,57세,상해없음,화물,남,70세,중상
노인사고,2021061900100386,2021년 6월 19일 16시,토요일,부산광역시 동래구 안락동,경상사고,0,0,1,0,차대차 - 측면충돌,안전거리미확보,건조,맑음,단일로 - 기타,승용,남,31세,상해없음,승용,남,65세,경상
노인사고,2021062000100263,2021년 6월 20일 15시,일요일,부산광역시 수영구 광안동,중상사고,0,1,2,0,차대차 - 측면충돌,교차로운행방법위반,건조,맑음,교차로 - 교차로안,승용,남,57세,상해없음,승용,여,46세,경상
노인사고,2021062100100128,2021년 6월 21일 09시,월요일,부산광역시 연제구 연산동,경상사고,0,0,1,0,차대사람 - 횡단중,보행자보호의무위반,건조,맑음,교차로 - 교차로안,승용,여,47세,상해없음,보행자,여,71세,경상
노인사고,2021062100100199,2021년 6월 21일 11시,월요일,부산광역시 금정구 부곡동,부상신고사고,0,0,0,1,차대차 - 기타,안전운전불이행,건조,맑음,기타 - 기타,승용,남,74세,상해없음,승용,남,65세,부상신고
노인사고,2021062100100389,2021년 6월 21일 16시,월요일,부산광역시 동래구 복천동,중상사고,0,1,0,0,차대사람 - 기타,안전운전불이행,건조,맑음,단일로 - 기타,승합,남,62세,상해없음,보행자,여,68세,중상
노인사고,2021062100100491,2021년 6월 21일 18시,월요일,부산광역시 연제구 연산동,경상사고,0,0,2,0,차대차 - 측면충돌,신호위반,건조,맑음,교차로 - 교차로안,승용,남,28세,상해없음,화물,남,71세,경상
노인사고,2021062200100023,2021년 6월 22일 04시,화요일,부산광역시 해운대구 중동,경상사고,0,0,1,0,차대차 - 측면충돌,안전운전불이행,건조,맑음,단일로 - 기타,자전거,여,65세,경상,승용,남,54세,상해없음
노인사고,2021062200100186,2021년 6월 22일 11시,화요일,부산광역시 부산진구 부암동,사망사고,1,0,0,0,차대사람 - 차도통행중,안전운전불이행,건조,맑음,교차로 - 교차로부근,건설기계,남,73세,상해없음,보행자,여,84세,사망
노인사고,2021062200100187,2021년 6월 22일 11시,화요일,부산광역시 강서구 구랑동,중상사고,0,4,0,0,차량단독 - 공작물충돌,안전운전불이행,건조,맑음,교차로 - 교차로부근,승합,남,71세,상해없음,,,,
노인사고,2021062200100261,2021년 6월 22일 13시,화요일,부산광역시 부산진구 부암동,경상사고,0,0,1,0,차대사람 - 차도통행중,안전운전불이행,건조,맑음,교차로 - 교차로부근,승용,남,55세,상해없음,보행자,남,72세,경상
노인사고,2021062200100364,2021년 6월 22일 16시,화요일,부산광역시 부산진구 범천동,중상사고,0,1,0,0,차대사람 - 보도통행중,안전운전불이행,건조,맑음,단일로 - 기타,이륜,남,70세,기타불명,보행자,여,65세,중상
노인사고,2021062200100401,2021년 6월 22일 17시,화요일,부산광역시 사상구 괘법동,경상사고,0,0,1,0,차대차 - 추돌,안전거리미확보,건조,맑음,교차로 - 교차로부근,승용,남,30세,상해없음,승용,남,68세,경상
노인사고,2021062300100047,2021년 6월 23일 07시,수요일,부산광역시 금정구 오륜동,중상사고,0,1,1,0,차대차 - 측면충돌,안전운전불이행,건조,맑음,단일로 - 기타,화물,남,70세,상해없음,승용,남,65세,경상
노인사고,2021062300100216,2021년 6월 23일 13시,수요일,부산광역시 금정구 구서동,경상사고,0,0,1,0,차대차 - 기타,교차로운행방법위반,건조,맑음,교차로 - 교차로안,승용,여,45세,상해없음,승용,남,73세,경상
노인사고,2021062300100217,2021년 6월 23일 13시,수요일,부산광역시 금정구 구서동,경상사고,0,0,2,0,차대차 - 기타,직진우회전진행방해,건조,맑음,교차로 - 교차로안,건설기계,남,39세,상해없음,승용,남,80세,경상
노인사고,2021062300100243,2021년 6월 23일 14시,수요일,부산광역시 북구 구포동,중상사고,0,1,0,0,차대사람 - 횡단중,보행자보호의무위반,건조,맑음,교차로 - 교차로횡단보도내,승용,남,62세,상해없음,보행자,여,67세,중상
노인사고,2021062300100485,2021년 6월 23일 21시,수요일,부산광역시 서구 서대신동1가,경상사고,0,0,1,0,차대차 - 측면충돌,안전운전불이행,건조,맑음,교차로 - 교차로부근,승용,여,26세,상해없음,승용,남,43세,상해없음
노인사고,2021062400100061,2021년 6월 24일 07시,목요일,부산광역시 동구 좌천동,사망사고,1,0,0,0,차량단독 - 전도전복 - 전복,안전운전불이행,건조,맑음,교차로 - 교차로부근,이륜,남,66세,사망,,,,
노인사고,2021062400100165,2021년 6월 24일 10시,목요일,부산광역시 연제구 거제동,중상사고,0,1,0,0,차대차 - 측면충돌,안전운전불이행,건조,맑음,단일로 - 기타,이륜,남,19세,상해없음,자전거,남,80세,중상
노인사고,2021062400100166,2021년 6월 24일 10시,목요일,부산광역시 강서구 명지동,경상사고,0,0,4,0,차대차 - 기타,신호위반,건조,맑음,교차로 - 교차로안,화물,남,74세,상해없음,승용,남,39세,경상
노인사고,2021062400100167,2021년 6월 24일 10시,목요일,부산광역시 사상구 학장동,경상사고,0,0,2,0,차대차 - 추돌,안전운전불이행,건조,맑음,단일로 - 지하차도(도로)내,특수,남,67세,상해없음,승용,남,66세,경상
노인사고,2021062400100276,2021년 6월 24일 13시,목요일,부산광역시 사상구 괘법동,경상사고,0,0,1,0,차대차 - 측면충돌,신호위반,건조,맑음,교차로 - 교차로안,승용,여,34세,상해없음,화물,남,65세,경상
노인사고,2021062400100349,2021년 6월 24일 15시,목요일,부산광역시 금정구 부곡동,경상사고,0,0,1,0,차대차 - 기타,안전운전불이행,건조,맑음,단일로 - 기타,승용,남,33세,상해없음,화물,남,66세,경상
노인사고,2021062400100351,2021년 6월 24일 15시,목요일,부산광역시 기장군 정관읍,중상사고,0,1,0,0,차대차 - 추돌,안전운전불이행,건조,맑음,단일로 - 기타,승용,여,40세,상해없음,이륜,남,84세,중상
노인사고,2021062500100051,2021년 6월 25일 07시,금요일,부산광역시 남구 감만동,중상사고,0,1,0,0,차대차 - 기타,안전운전불이행,건조,맑음,기타 - 기타,자전거,남,82세,중상,이륜,남,56세,상해없음
노인사고,2021062500100496,2021년 6월 25일 18시,금요일,부산광역시 기장군 기장읍,경상사고,0,0,1,0,차대사람 - 기타,안전운전불이행,건조,맑음,단일로 - 기타,승용,여,57세,상해없음,보행자,여,78세,경상
노인사고,2021062500100622,2021년 6월 25일 21시,금요일,부산광역시 부산진구 개금동,부상신고사고,0,0,0,1,차대차 - 기타,안전운전불이행,건조,맑음,교차로 - 교차로안,승용,남,23세,상해없음,승용,남,69세,부상신고
노인사고,2021062500100664,2021년 6월 25일 22시,금요일,부산광역시 영도구 영선동2가,경상사고,0,0,1,0,차대사람 - 기타,안전운전불이행,건조,맑음,단일로 - 기타,승용,남,52세,상해없음,보행자,여,72세,경상
노인사고,2021062600100218,2021년 6월 26일 12시,토요일,부산광역시 남구 문현동,중상사고,0,1,0,0,차대차 - 추돌,기타,건조,맑음,교차로 - 교차로안,승용,남,60세,상해없음,자전거,남,70세,중상
노인사고,2021062700100169,2021년 6월 27일 12시,일요일,부산광역시 사하구 신평동,경상사고,0,0,5,1,차대차 - 기타,교차로운행방법위반,건조,맑음,교차로 - 교차로안,승합,남,61세,경상,승용,여,62세,경상
노인사고,2.02106E+15,2021년 6월 27일 13시,일요일,부산광역시 남구 우암동,중상사고,0,1,0,0,차대사람 - 기타,안전운전불이행,건조,맑음,단일로 - 기타,승합,남,58세,상해없음,보행자,여,82세,중상
노인사고,2021062700100293,2021년 6월 27일 16시,일요일,부산광역시 동래구 온천동,사망사고,1,2,0,0,차대차 - 기타,중앙선침범,건조,맑음,단일로 - 기타,승용,남,54세,중상,화물,남,65세,사망
노인사고,2021062700100319,2021년 6월 27일 17시,일요일,부산광역시 해운대구 반여동,경상사고,0,0,1,0,차대차 - 추돌,안전거리미확보,건조,맑음,단일로 - 기타,승용,남,29세,상해없음,승용,남,69세,경상
노인사고,2021062700100361,2021년 6월 27일 18시,일요일,부산광역시 해운대구 반여동,중상사고,0,1,0,0,차대사람 - 횡단중,보행자보호의무위반,건조,맑음,교차로 - 교차로횡단보도내,이륜,남,16세,상해없음,보행자,남,85세,중상
노인사고,2021062700100423,2021년 6월 27일 20시,일요일,부산광역시 해운대구 우동,중상사고,0,1,0,0,차대차 - 기타,안전거리미확보,건조,맑음,단일로 - 교량,승용,남,51세,상해없음,승용,남,75세,상해없음
노인사고,2021062700100449,2021년 6월 27일 21시,일요일,부산광역시 금정구 남산동,중상사고,0,1,0,0,차대사람 - 횡단중,보행자보호의무위반,건조,맑음,교차로 - 교차로부근,승합,여,71세,상해없음,보행자,여,68세,중상
노인사고,2021062800100049,2021년 6월 28일 07시,월요일,부산광역시 부산진구 초읍동,중상사고,0,1,0,0,차량단독 - 기타,안전운전불이행,건조,맑음,단일로 - 기타,승합,남,46세,상해없음,,,,
노인사고,2.02106E+15,2021년 6월 28일 07시,월요일,부산광역시 사상구 모라동,경상사고,0,0,1,0,차대차 - 기타,안전운전불이행,건조,맑음,교차로 - 교차로부근,승용,여,49세,상해없음,개인형이동수단(PM),남,67세,경상
노인사고,2021062800100124,2021년 6월 28일 09시,월요일,부산광역시 동래구 명장동,중상사고,0,9,4,0,차량단독 - 공작물충돌,안전운전불이행,건조,맑음,단일로 - 기타,승합,남,29세,상해없음,,,,
노인사고,2021062800100161,2021년 6월 28일 10시,월요일,부산광역시 동구 좌천동,중상사고,0,1,0,0,차대차 - 측면충돌,안전운전불이행,건조,맑음,단일로 - 기타,승용,남,69세,상해없음,이륜,남,67세,중상
노인사고,2021062800100162,2021년 6월 28일 10시,월요일,부산광역시 동래구 온천동,중상사고,0,1,0,0,차대차 - 기타,안전운전불이행,건조,맑음,교차로 - 교차로안,화물,남,44세,상해없음,자전거,남,72세,중상
노인사고,2021062800100163,2021년 6월 28일 10시,월요일,부산광역시 영도구 봉래동5가,경상사고,0,0,1,0,차대차 - 측면충돌,안전운전불이행,건조,맑음,단일로 - 기타,승합,남,63세,상해없음,이륜,남,66세,경상
노인사고,2021062800100199,2021년 6월 28일 11시,월요일,부산광역시 중구 중앙동4가,중상사고,0,1,0,0,차대차 - 측면충돌,안전운전불이행,건조,맑음,교차로 - 교차로안,승용,여,73세,상해없음,이륜,남,66세,중상
노인사고,2021062800100231,2021년 6월 28일 12시,월요일,부산광역시 수영구 광안동,경상사고,0,0,1,0,차대사람 - 기타,보행자보호의무위반,건조,맑음,교차로 - 교차로안,승용,남,69세,상해없음,보행자,남,81세,경상
노인사고,2021062800100312,2021년 6월 28일 14시,월요일,부산광역시 중구 중앙동4가,경상사고,0,0,1,0,차대차 - 측면충돌,안전운전불이행,건조,맑음,단일로 - 지하차도(도로)내,화물,남,64세,상해없음,승용,여,67세,경상
노인사고,2021062800100389,2021년 6월 28일 16시,월요일,부산광역시 동래구 낙민동,경상사고,0,0,1,0,차대사람 - 횡단중,보행자보호의무위반,건조,맑음,단일로 - 기타,개인형이동수단(PM),남,18세,상해없음,보행자,여,78세,경상
노인사고,2.02106E+15,2021년 6월 28일 17시,월요일,부산광역시 영도구 남항동3가,경상사고,0,0,1,0,차대차 - 측면충돌,안전운전불이행,건조,맑음,단일로 - 기타,승용,남,44세,상해없음,자전거,남,76세,경상
노인사고,2021062800100492,2021년 6월 28일 18시,월요일,부산광역시 중구 중앙동4가,경상사고,0,0,3,0,차대차 - 측면충돌,신호위반,건조,맑음,교차로 - 교차로부근,승용,남,71세,경상,승용,남,20세,경상
노인사고,2021062800100494,2021년 6월 28일 18시,월요일,부산광역시 부산진구 당감동,중상사고,0,1,0,0,차대차 - 측면충돌,안전거리미확보,건조,맑음,기타 - 기타,이륜,남,40세,상해없음,이륜,남,73세,중상
노인사고,2.02106E+15,2021년 6월 28일 19시,월요일,부산광역시 북구 만덕동,경상사고,0,0,1,0,차대차 - 기타,안전운전불이행,건조,맑음,교차로 - 교차로안,승용,남,50세,상해없음,승용,남,66세,경상
노인사고,2021062900100118,2021년 6월 29일 09시,화요일,부산광역시 해운대구 재송동,경상사고,0,0,1,0,차대차 - 기타,기타,건조,맑음,단일로 - 기타,승용,남,64세,상해없음,자전거,여,70세,경상
노인사고,2.02106E+15,2021년 6월 29일 10시,화요일,부산광역시 수영구 수영동,경상사고,0,0,1,0,차대사람 - 기타,안전운전불이행,건조,맑음,단일로 - 기타,화물,남,50세,상해없음,보행자,남,78세,경상
노인사고,2021062900100212,2021년 6월 29일 12시,화요일,부산광역시 서구 동대신동3가,중상사고,0,1,0,0,차대사람 - 횡단중,중앙선침범,건조,맑음,단일로 - 기타,승용,여,29세,상해없음,보행자,여,75세,중상
노인사고,2021062900100326,2021년 6월 29일 15시,화요일,부산광역시 해운대구 재송동,경상사고,0,0,1,0,차대사람 - 길가장자리구역통행중,안전운전불이행,건조,맑음,교차로 - 교차로부근,화물,남,53세,상해없음,보행자,여,81세,경상
노인사고,2021062900100327,2021년 6월 29일 15시,화요일,부산광역시 수영구 수영동,경상사고,0,0,1,0,차대사람 - 기타,안전운전불이행,건조,맑음,단일로 - 기타,승용,남,39세,상해없음,보행자,남,85세,경상
노인사고,2021062900100562,2021년 6월 29일 20시,화요일,부산광역시 해운대구 반송동,중상사고,0,1,0,0,차대사람 - 길가장자리구역통행중,안전운전불이행,건조,맑음,단일로 - 기타,화물,남,44세,상해없음,보행자,여,79세,중상
노인사고,2021062900100639,2021년 6월 29일 23시,화요일,부산광역시 연제구 거제동,경상사고,0,0,1,0,차량단독 - 기타,안전거리미확보,건조,맑음,단일로 - 기타,승합,남,52세,상해없음,,,,
노인사고,2021063000100079,2021년 6월 30일 08시,수요일,부산광역시 동래구 수안동,중상사고,0,1,0,0,차대차 - 측면충돌,기타,건조,맑음,단일로 - 기타,승용,남,62세,상해없음,자전거,남,65세,중상
노인사고,2021063000100158,2021년 6월 30일 10시,수요일,부산광역시 북구 덕천동,중상사고,0,1,0,0,차량단독 - 기타,기타,건조,맑음,교차로 - 교차로안,승합,남,59세,상해없음,,,,
노인사고,2021063000100159,2021년 6월 30일 10시,수요일,부산광역시 해운대구 재송동,중상사고,0,1,0,0,차대사람 - 기타,보행자보호의무위반,건조,맑음,교차로 - 교차로안,화물,남,57세,상해없음,보행자,여,76세,중상
노인사고,2.02106E+15,2021년 6월 30일 10시,수요일,부산광역시 부산진구 초읍동,경상사고,0,0,1,0,차대사람 - 횡단중,보행자보호의무위반,건조,맑음,기타 - 기타,승용,남,62세,상해없음,보행자,여,80세,경상
노인사고,2021063000100263,2021년 6월 30일 13시,수요일,부산광역시 북구 덕천동,경상사고,0,0,1,1,차대차 - 측면충돌,신호위반,건조,맑음,교차로 - 교차로안,승용,남,68세,부상신고,승용,남,40세,경상
노인사고,2021063000100336,2021년 6월 30일 15시,수요일,부산광역시 사하구 장림동,중상사고,0,2,0,0,차대차 - 기타,신호위반,건조,맑음,교차로 - 교차로부근,이륜,남,79세,중상,승합,남,69세,상해없음
노인사고,2021063000100475,2021년 6월 30일 18시,수요일,부산광역시 북구 금곡동,중상사고,0,1,0,0,차대차 - 측면충돌,안전운전불이행,건조,맑음,기타 - 기타,원동기,남,28세,상해없음,자전거,남,67세,중상
노인사고,2021063000100477,2021년 6월 30일 18시,수요일,부산광역시 사상구 삼락동,중상사고,0,1,0,0,차대차 - 기타,안전운전불이행,건조,맑음,기타 - 기타,자전거,남,16세,상해없음,자전거,남,65세,중상
노인사고,2021070100100024,2021년 7월 1일 05시,목요일,부산광역시 영도구 영선동1가,중상사고,0,1,0,0,차대사람 - 횡단중,보행자보호의무위반,건조,맑음,교차로 - 교차로안,승합,남,62세,상해없음,보행자,여,78세,중상
노인사고,2021070100100156,2021년 7월 1일 10시,목요일,부산광역시 금정구 남산동,사망사고,1,0,0,0,차대차 - 추돌,안전운전불이행,건조,맑음,교차로 - 교차로부근,건설기계,남,50세,상해없음,이륜,남,78세,사망
노인사고,2021070100100294,2021년 7월 1일 14시,목요일,부산광역시 연제구 거제동,부상신고사고,0,0,0,1,차대차 - 측면충돌,안전운전불이행,건조,맑음,단일로 - 기타,이륜,남,34세,상해없음,자전거,남,66세,부상신고
노인사고,2.02107E+15,2021년 7월 1일 21시,목요일,부산광역시 북구 만덕동,중상사고,0,1,1,0,차대사람 - 기타,안전운전불이행,건조,맑음,교차로 - 교차로부근,승용,남,46세,상해없음,보행자,여,68세,중상
노인사고,2021070200100078,2021년 7월 2일 08시,금요일,부산광역시 남구 대연동,중상사고,0,1,0,0,차대사람 - 횡단중,안전운전불이행,건조,맑음,교차로 - 교차로안,승합,남,63세,상해없음,보행자,여,74세,중상
노인사고,2021070200100079,2021년 7월 2일 08시,금요일,부산광역시 동래구 온천동,부상신고사고,0,0,0,1,차대차 - 측면충돌,신호위반,건조,맑음,교차로 - 교차로안,자전거,남,79세,부상신고,승용,남,29세,상해없음
노인사고,2021070200100125,2021년 7월 2일 09시,금요일,부산광역시 중구 대창동1가,경상사고,0,0,1,0,차대차 - 후진중충돌,안전운전불이행,건조,맑음,단일로 - 기타,승용,여,52세,상해없음,승용,남,71세,경상
노인사고,2021070200100226,2021년 7월 2일 12시,금요일,부산광역시 금정구 남산동,중상사고,0,1,0,0,차대사람 - 횡단중,보행자보호의무위반,건조,흐림,교차로 - 교차로안,승용,남,79세,상해없음,보행자,여,68세,중상
노인사고,2021070200100335,2021년 7월 2일 15시,금요일,부산광역시 연제구 거제동,중상사고,0,5,0,0,차대차 - 기타,교차로운행방법위반,건조,맑음,교차로 - 교차로안,승용,남,49세,상해없음,승용,여,39세,중상
노인사고,2.02107E+15,2021년 7월 2일 17시,금요일,부산광역시 동래구 낙민동,중상사고,0,1,0,0,차대차 - 기타,안전운전불이행,건조,맑음,교차로 - 교차로안,승용,남,45세,상해없음,이륜,남,66세,중상
노인사고,2021070200100646,2021년 7월 2일 21시,금요일,부산광역시 북구 구포동,중상사고,0,1,0,0,차량단독 - 기타,안전운전불이행,건조,맑음,기타 - 기타,승합,남,60세,상해없음,,,,
노인사고,2021070300100031,2021년 7월 3일 03시,토요일,부산광역시 서구 충무동3가,경상사고,0,0,2,1,차대차 - 정면충돌,중앙선침범,건조,맑음,교차로 - 교차로부근,승용,남,28세,상해없음,승용,남,68세,경상
노인사고,2021070300100032,2021년 7월 3일 03시,토요일,부산광역시 동래구 안락동,중상사고,0,1,1,0,차대차 - 측면충돌,신호위반,건조,맑음,교차로 - 교차로안,승용,남,63세,상해없음,승용,남,65세,중상
노인사고,2021070300100056,2021년 7월 3일 07시,토요일,부산광역시 부산진구 가야동,중상사고,0,1,0,0,차대사람 - 횡단중,보행자보호의무위반,건조,맑음,교차로 - 교차로횡단보도내,승용,남,33세,상해없음,보행자,여,70세,중상
노인사고,2.02107E+15,2021년 7월 3일 10시,토요일,부산광역시 강서구 대저2동,사망사고,1,0,0,0,차대차 - 측면충돌,신호위반,젖음/습기,비,교차로 - 교차로안,자전거,남,87세,사망,승합,남,59세,상해없음
노인사고,2021070300100145,2021년 7월 3일 11시,토요일,부산광역시 동구 범일동,경상사고,0,0,1,0,차대차 - 추돌,안전거리미확보,건조,맑음,교차로 - 교차로부근,승용,남,64세,상해없음,화물,남,73세,경상
노인사고,2021070300100306,2021년 7월 3일 15시,토요일,부산광역시 동구 범일동,경상사고,0,0,3,0,차대차 - 기타,신호위반,젖음/습기,비,교차로 - 교차로안,승용,여,54세,경상,승용,남,69세,경상
노인사고,2021070300100308,2021년 7월 3일 15시,토요일,부산광역시 해운대구 우동,경상사고,0,0,1,0,차대차 - 추돌,안전운전불이행,젖음/습기,비,교차로 - 교차로부근,승용,남,69세,경상,승용,남,71세,상해없음
노인사고,2021070300100385,2021년 7월 3일 17시,토요일,부산광역시 해운대구 우동,경상사고,0,0,2,1,차대차 - 측면충돌,교차로운행방법위반,젖음/습기,비,교차로 - 교차로안,승용,남,56세,상해없음,승용,남,72세,경상
노인사고,2.02107E+15,2021년 7월 3일 18시,토요일,부산광역시 북구 덕천동,경상사고,0,0,2,0,차대차 - 기타,안전운전불이행,건조,맑음,교차로 - 교차로안,화물,남,62세,상해없음,승용,여,49세,경상
노인사고,2021070300100422,2021년 7월 3일 18시,토요일,부산광역시 금정구 금사동,경상사고,0,0,1,0,차대차 - 기타,안전운전불이행,젖음/습기,비,기타 - 기타,승합,남,46세,기타불명,승용,남,67세,경상
노인사고,2021070400100076,2021년 7월 4일 06시,일요일,부산광역시 금정구 구서동,경상사고,0,0,2,0,차량단독 - 공작물충돌,기타,젖음/습기,비,단일로 - 기타,승합,남,73세,경상,,,,
노인사고,2021070400100238,2021년 7월 4일 15시,일요일,부산광역시 남구 대연동,경상사고,0,0,1,0,차대사람 - 차도통행중,안전운전불이행,건조,맑음,단일로 - 기타,이륜,남,17세,상해없음,보행자,여,74세,경상
노인사고,2.02107E+15,2021년 7월 4일 16시,일요일,부산광역시 금정구 장전동,중상사고,0,2,0,0,차대차 - 기타,안전운전불이행,건조,맑음,단일로 - 기타,자전거,남,67세,중상,자전거,남,54세,중상
노인사고,2021070400100388,2021년 7월 4일 20시,일요일,부산광역시 동구 범일동,부상신고사고,0,0,0,1,차대차 - 측면충돌,안전운전불이행,젖음/습기,비,단일로 - 기타,승용,남,31세,상해없음,자전거,남,69세,부상신고
노인사고,2021070500100052,2021년 7월 5일 07시,월요일,부산광역시 부산진구 연지동,경상사고,0,0,3,0,차대차 - 측면충돌,안전운전불이행,건조,맑음,단일로 - 기타,승용,남,68세,경상,승용,남,61세,경상
노인사고,2021070500100116,2021년 7월 5일 09시,월요일,부산광역시 금정구 부곡동,중상사고,0,1,0,0,차대사람 - 횡단중,안전운전불이행,젖음/습기,비,단일로 - 기타,승용,여,34세,상해없음,보행자,여,67세,중상
노인사고,2021070500100117,2021년 7월 5일 09시,월요일,부산광역시 금정구 구서동,중상사고,0,1,0,0,차대사람 - 횡단중,보행자보호의무위반,젖음/습기,비,교차로 - 교차로횡단보도내,승용,남,70세,상해없음,보행자,여,65세,중상
노인사고,2021070500100187,2021년 7월 5일 11시,월요일,부산광역시 부산진구 부전동,중상사고,0,1,0,0,차대사람 - 기타,안전운전불이행,건조,기타,교차로 - 교차로안,화물,남,69세,상해없음,보행자,여,69세,중상
노인사고,2021070600100466,2021년 7월 6일 19시,화요일,부산광역시 해운대구 중동,중상사고,0,1,0,0,차대사람 - 횡단중,안전운전불이행,젖음/습기,비,단일로 - 기타,승용,남,69세,상해없음,보행자,남,74세,중상
노인사고,2.02107E+15,2021년 7월 6일 20시,화요일,부산광역시 강서구 송정동,중상사고,0,1,0,0,차대차 - 기타,안전운전불이행,젖음/습기,비,교차로 - 교차로안,건설기계,남,47세,상해없음,승용,남,65세,중상
노인사고,2021070700100231,2021년 7월 7일 12시,수요일,부산광역시 사상구 감전동,경상사고,0,0,1,0,차대차 - 측면충돌,교차로운행방법위반,젖음/습기,비,교차로 - 교차로부근,승용,남,24세,상해없음,이륜,남,66세,경상
노인사고,2021070700100357,2021년 7월 7일 16시,수요일,부산광역시 서구 서대신동2가,경상사고,0,0,1,0,차대사람 - 길가장자리구역통행중,안전운전불이행,젖음/습기,비,단일로 - 기타,승용,남,64세,상해없음,보행자,남,78세,경상
노인사고,2021070700100404,2021년 7월 7일 17시,수요일,부산광역시 기장군 일광면,경상사고,0,0,1,0,차대차 - 기타,신호위반,젖음/습기,비,교차로 - 교차로안,승용,남,41세,상해없음,승용,남,66세,경상
노인사고,2021070700100639,2021년 7월 7일 23시,수요일,부산광역시 금정구 장전동,경상사고,0,0,1,0,차대사람 - 기타,안전운전불이행,건조,맑음,기타 - 기타,기타불명,기타불명,미분류,기타불명,보행자,남,69세,경상
노인사고,2.02107E+15,2021년 7월 8일 07시,목요일,부산광역시 중구 남포동6가,부상신고사고,0,0,0,1,차대차 - 측면충돌,안전운전불이행,건조,맑음,단일로 - 기타,이륜,남,70세,부상신고,승합,남,51세,상해없음
노인사고,2021070800100077,2021년 7월 8일 08시,목요일,부산광역시 서구 동대신동2가,중상사고,0,1,0,0,차량단독 - 기타,기타,건조,맑음,단일로 - 기타,승용,남,70세,상해없음,,,,
노인사고,2021070800100078,2021년 7월 8일 08시,목요일,부산광역시 남구 대연동,중상사고,0,1,0,0,차대사람 - 차도통행중,안전운전불이행,건조,흐림,단일로 - 기타,승용,남,71세,상해없음,보행자,여,84세,중상
노인사고,2021070800100124,2021년 7월 8일 09시,목요일,부산광역시 서구 토성동1가,중상사고,0,1,0,0,차대차 - 기타,안전운전불이행,건조,맑음,단일로 - 기타,승용,남,48세,상해없음,자전거,여,65세,중상