사고부문,사고번호,사고일시,요일,시군구,사고내용,사망자수,중상자수,경상자수,부상신고자수,사고유형,법규위반,노면상태,기상상태,도로형태,가해운전자 차종,가해운전자 성별,가해운전자 연령,가해운전자 상해정도,피해운전자 차종,피해운전자 성별,피해운전자 연령,피해운전자 상해정도
노인사고,2021070800100125,2021년 7월 8일 09시,목요일,부산광역시 중구 중앙동6가,중상사고,0,1,0,0,차대사람 - 기타,안전운전불이행,건조,맑음,단일로 - 기타,화물,남,60세,상해없음,보행자,남,78세,중상
노인사고,2021070800100126,2021년 7월 8일 09시,목요일,부산광역시 수영구 광안동,경상사고,0,0,1,0,차대사람 - 기타,안전운전불이행,건조,맑음,단일로 - 기타,승용,여,56세,상해없음,보행자,여,66세,경상
노인사고,2021070800100166,2021년 7월 8일 10시,목요일,부산광역시 사하구 괴정동,중상사고,0,1,0,0,차대사람 - 횡단중,보행자보호의무위반,건조,맑음,교차로 - 교차로안,승용,남,63세,상해없음,보행자,남,85세,중상
노인사고,2021070800100168,2021년 7월 8일 10시,목요일,부산광역시 강서구 대저2동,경상사고,0,0,1,0,차대사람 - 횡단중,보행자보호의무위반,건조,맑음,교차로 - 교차로횡단보도내,화물,남,40세,상해없음,보행자,여,81세,경상
노인사고,2021070800100259,2021년 7월 8일 13시,목요일,부산광역시 동구 범일동,중상사고,0,1,0,0,차량단독 - 기타,안전운전불이행,젖음/습기,비,단일로 - 기타,승합,남,33세,상해없음,,,,
노인사고,2021070800100323,2021년 7월 8일 15시,목요일,부산광역시 수영구 남천동,경상사고,0,0,1,0,차대사람 - 기타,안전운전불이행,건조,맑음,단일로 - 기타,승용,여,36세,상해없음,보행자,남,73세,경상
노인사고,2021070800100438,2021년 7월 8일 18시,목요일,부산광역시 금정구 구서동,경상사고,0,0,3,0,차대차 - 측면충돌,안전운전불이행,젖음/습기,비,교차로 - 교차로부근,승용,남,67세,경상,승용,여,38세,경상
노인사고,2021070800100476,2021년 7월 8일 19시,목요일,부산광역시 부산진구 연지동,중상사고,0,1,0,0,차대차 - 측면충돌,직진우회전진행방해,젖음/습기,비,교차로 - 교차로안,자전거,여,66세,중상,승용,남,22세,상해없음
노인사고,2021070900100034,2021년 7월 9일 05시,금요일,부산광역시 부산진구 양정동,중상사고,0,6,6,0,차대차 - 측면충돌,신호위반,젖음/습기,흐림,교차로 - 교차로부근,승용,남,71세,중상,승합,남,48세,중상
노인사고,2021070900100072,2021년 7월 9일 08시,금요일,부산광역시 서구 동대신동1가,경상사고,0,0,1,0,차대사람 - 보도통행중,기타,젖음/습기,비,교차로 - 교차로부근,화물,남,22세,상해없음,보행자,여,72세,경상
노인사고,2021070900100173,2021년 7월 9일 11시,금요일,부산광역시 금정구 부곡동,경상사고,0,0,1,0,차대사람 - 횡단중,안전운전불이행,젖음/습기,흐림,단일로 - 기타,화물,남,63세,상해없음,보행자,여,93세,경상
노인사고,2021070900100394,2021년 7월 9일 17시,금요일,부산광역시 사하구 하단동,경상사고,0,0,2,0,차대차 - 추돌,안전거리미확보,건조,맑음,단일로 - 교량,이륜,남,42세,기타불명,승용,남,31세,경상
노인사고,2021070900100626,2021년 7월 9일 23시,금요일,부산광역시 수영구 남천동,경상사고,0,0,1,0,차대차 - 추돌,안전운전불이행,건조,맑음,단일로 - 기타,승용,남,23세,상해없음,승용,남,65세,경상
노인사고,2021071000100055,2021년 7월 10일 03시,토요일,부산광역시 금정구 남산동,중상사고,0,1,0,0,차대차 - 추돌,안전운전불이행,건조,맑음,단일로 - 기타,승용,남,22세,상해없음,승용,남,72세,중상
노인사고,2021071000100121,2021년 7월 10일 09시,토요일,부산광역시 강서구 대저1동,중상사고,0,1,0,0,차대차 - 측면충돌,신호위반,건조,맑음,기타 - 기타,승용,남,21세,상해없음,화물,남,70세,중상
노인사고,2021071000100194,2021년 7월 10일 11시,토요일,부산광역시 강서구 송정동,경상사고,0,0,1,0,차대차 - 기타,안전운전불이행,건조,맑음,교차로 - 교차로부근,화물,남,26세,상해없음,승용,남,70세,경상
노인사고,2021071000100245,2021년 7월 10일 12시,토요일,부산광역시 금정구 장전동,경상사고,0,0,3,0,차대차 - 측면충돌,안전운전불이행,건조,맑음,단일로 - 기타,승용,남,47세,상해없음,승용,여,41세,경상
노인사고,2021071000100321,2021년 7월 10일 14시,토요일,부산광역시 사상구 주례동,부상신고사고,0,0,0,1,차대차 - 측면충돌,안전운전불이행,건조,맑음,주차장 - 주차장,이륜,남,65세,부상신고,승용,남,58세,상해없음
노인사고,2021071000100395,2021년 7월 10일 16시,토요일,부산광역시 수영구 수영동,중상사고,0,1,0,0,차대차 - 측면충돌,안전운전불이행,건조,맑음,교차로 - 교차로안,승용,남,45세,상해없음,이륜,남,67세,중상
노인사고,2021071000100556,2021년 7월 10일 21시,토요일,부산광역시 부산진구 전포동,중상사고,0,1,1,0,차대차 - 기타,안전거리미확보,건조,맑음,단일로 - 기타,승용,남,29세,기타불명,승용,남,76세,경상
노인사고,2021071100100025,2021년 7월 11일 03시,일요일,부산광역시 강서구 명지동,경상사고,0,0,2,0,차대차 - 기타,신호위반,건조,맑음,교차로 - 교차로안,승용,남,38세,상해없음,승용,남,70세,경상
노인사고,2021071100100192,2021년 7월 11일 15시,일요일,부산광역시 기장군 일광면,중상사고,0,1,0,0,차대차 - 추돌,안전운전불이행,건조,맑음,단일로 - 기타,승용,남,53세,상해없음,자전거,남,78세,중상
노인사고,2021071100100287,2021년 7월 11일 18시,일요일,부산광역시 동래구 안락동,중상사고,0,1,0,0,차대사람 - 기타,안전운전불이행,건조,맑음,단일로 - 기타,이륜,남,31세,상해없음,보행자,여,77세,중상
노인사고,2.02107E+15,2021년 7월 11일 21시,일요일,부산광역시 수영구 광안동,중상사고,0,1,0,0,차대사람 - 차도통행중,안전운전불이행,건조,맑음,교차로 - 교차로안,화물,남,56세,상해없음,보행자,여,72세,중상
노인사고,2021071100100389,2021년 7월 11일 22시,일요일,부산광역시 금정구 구서동,부상신고사고,0,0,0,1,차대사람 - 기타,기타,건조,맑음,단일로 - 기타,승합,남,44세,상해없음,보행자,여,67세,부상신고
노인사고,2.02107E+15,2021년 7월 12일 08시,월요일,부산광역시 사상구 감전동,중상사고,0,1,0,0,차대차 - 측면충돌,신호위반,건조,맑음,교차로 - 교차로횡단보도내,승용,남,39세,상해없음,원동기,남,67세,중상
노인사고,2021071200100248,2021년 7월 12일 14시,월요일,부산광역시 부산진구 부전동,경상사고,0,0,1,0,차대사람 - 보도통행중,기타,건조,맑음,기타 - 기타,승용,남,72세,상해없음,보행자,여,69세,경상
노인사고,2021071200100332,2021년 7월 12일 16시,월요일,부산광역시 수영구 남천동,중상사고,0,1,0,0,차대사람 - 횡단중,안전운전불이행,건조,맑음,교차로 - 교차로안,승용,여,39세,상해없음,보행자,여,74세,중상
노인사고,2021071200100388,2021년 7월 12일 17시,월요일,부산광역시 부산진구 초읍동,경상사고,0,0,2,0,차대차 - 측면충돌,안전운전불이행,건조,맑음,교차로 - 교차로안,승용,여,72세,상해없음,승용,여,46세,경상
노인사고,2021071300100041,2021년 7월 13일 06시,화요일,부산광역시 영도구 청학동,중상사고,0,1,0,0,차대사람 - 횡단중,신호위반,건조,맑음,교차로 - 교차로횡단보도내,승용,남,50세,상해없음,보행자,남,76세,중상
노인사고,2021071300100085,2021년 7월 13일 08시,화요일,부산광역시 서구 동대신동3가,중상사고,0,1,0,0,차대사람 - 횡단중,안전운전불이행,건조,맑음,교차로 - 교차로부근,승용,남,62세,상해없음,보행자,남,80세,중상
노인사고,2021071300100086,2021년 7월 13일 08시,화요일,부산광역시 동래구 안락동,중상사고,0,1,0,0,차대차 - 기타,안전운전불이행,건조,맑음,단일로 - 기타,기타불명,기타불명,미분류,기타불명,자전거,남,79세,중상
노인사고,2021071300100088,2021년 7월 13일 08시,화요일,부산광역시 연제구 연산동,경상사고,0,0,2,0,차대차 - 기타,신호위반,건조,맑음,교차로 - 교차로안,승용,여,46세,경상,승용,남,70세,경상
노인사고,2.02107E+15,2021년 7월 13일 08시,화요일,부산광역시 사상구 학장동,중상사고,0,1,0,0,차대사람 - 기타,보행자보호의무위반,건조,맑음,교차로 - 교차로부근,승용,여,48세,상해없음,보행자,남,83세,중상
노인사고,2021071300100138,2021년 7월 13일 09시,화요일,부산광역시 영도구 대교동2가,경상사고,0,0,2,0,차대차 - 기타,기타,건조,맑음,교차로 - 교차로안,승용,남,64세,상해없음,이륜,남,67세,경상
노인사고,2.02107E+15,2021년 7월 13일 10시,화요일,부산광역시 서구 동대신동3가,중상사고,0,1,0,0,차대사람 - 기타,안전운전불이행,건조,맑음,교차로 - 교차로부근,승용,여,48세,상해없음,보행자,여,70세,중상
노인사고,2021071300100193,2021년 7월 13일 11시,화요일,부산광역시 부산진구 개금동,사망사고,1,0,0,0,차대차 - 측면충돌,신호위반,건조,맑음,교차로 - 교차로안,이륜,남,74세,사망,승합,남,47세,상해없음
노인사고,2021071300100196,2021년 7월 13일 11시,화요일,부산광역시 강서구 구랑동,경상사고,0,0,1,0,차대차 - 기타,안전운전불이행,건조,맑음,교차로 - 교차로안,화물,남,70세,상해없음,화물,여,73세,경상
노인사고,2021071300100197,2021년 7월 13일 11시,화요일,부산광역시 사상구 주례동,경상사고,0,0,1,0,차대사람 - 기타,안전운전불이행,건조,맑음,단일로 - 기타,승합,남,63세,상해없음,보행자,여,65세,경상
노인사고,2021071300100229,2021년 7월 13일 12시,화요일,부산광역시 서구 충무동1가,중상사고,0,1,0,0,차대차 - 기타,안전운전불이행,건조,맑음,단일로 - 기타,기타불명,남,70세,중상,승용,남,66세,상해없음
노인사고,2.02107E+15,2021년 7월 13일 12시,화요일,부산광역시 남구 대연동,사망사고,1,0,0,0,차대차 - 기타,신호위반,건조,맑음,교차로 - 교차로안,승용,여,78세,상해없음,이륜,남,65세,사망
노인사고,2021071300100341,2021년 7월 13일 15시,화요일,부산광역시 금정구 서동,경상사고,0,0,1,0,차대사람 - 기타,안전운전불이행,건조,맑음,기타 - 기타,승용,남,48세,상해없음,보행자,남,66세,경상
노인사고,2021071300100434,2021년 7월 13일 17시,화요일,부산광역시 영도구 청학동,사망사고,1,0,0,0,차대사람 - 기타,안전운전불이행,건조,맑음,교차로 - 교차로안,승합,남,60세,상해없음,보행자,여,71세,사망
노인사고,2021071300100485,2021년 7월 13일 18시,화요일,부산광역시 해운대구 우동,경상사고,0,0,1,0,차대사람 - 횡단중,보행자보호의무위반,건조,맑음,단일로 - 기타,승용,남,66세,상해없음,보행자,여,78세,경상
노인사고,2021071300100486,2021년 7월 13일 18시,화요일,부산광역시 부산진구 범천동,중상사고,0,1,0,0,차대사람 - 횡단중,신호위반,건조,맑음,교차로 - 교차로횡단보도내,승용,여,56세,상해없음,보행자,여,77세,중상
노인사고,2021071300100488,2021년 7월 13일 18시,화요일,부산광역시 강서구 대저1동,경상사고,0,0,4,1,차대차 - 측면충돌,안전운전불이행,건조,맑음,단일로 - 기타,화물,남,44세,상해없음,화물,남,56세,경상
노인사고,2021071300100529,2021년 7월 13일 19시,화요일,부산광역시 남구 문현동,경상사고,0,0,1,0,차대차 - 측면충돌,신호위반,건조,맑음,단일로 - 기타,승용,남,63세,상해없음,승용,남,68세,경상
노인사고,2021071300100556,2021년 7월 13일 20시,화요일,부산광역시 서구 남부민동,중상사고,0,1,0,0,차대사람 - 횡단중,보행자보호의무위반,건조,맑음,교차로 - 교차로부근,승용,여,61세,상해없음,보행자,남,66세,중상
노인사고,2021071300100558,2021년 7월 13일 20시,화요일,부산광역시 부산진구 당감동,경상사고,0,0,1,0,차대차 - 추돌,차로위반,건조,맑음,단일로 - 기타,승용,남,59세,상해없음,승용,남,70세,경상
노인사고,2021071400100041,2021년 7월 14일 05시,수요일,부산광역시 부산진구 양정동,경상사고,0,0,1,0,차대차 - 기타,안전거리미확보,건조,맑음,교차로 - 교차로부근,이륜,남,81세,경상,승용,남,43세,상해없음
노인사고,2021071400100143,2021년 7월 14일 10시,수요일,부산광역시 북구 화명동,중상사고,0,1,0,0,차대사람 - 기타,안전운전불이행,건조,맑음,단일로 - 기타,승용,남,58세,상해없음,보행자,남,72세,중상
노인사고,2.02107E+15,2021년 7월 14일 14시,수요일,부산광역시 동래구 온천동,경상사고,0,0,1,0,차대차 - 측면충돌,안전운전불이행,건조,맑음,교차로 - 교차로안,승용,남,45세,상해없음,승용,남,73세,경상
노인사고,2021071400100306,2021년 7월 14일 15시,수요일,부산광역시 동래구 안락동,부상신고사고,0,0,0,1,차대차 - 측면충돌,기타,건조,맑음,단일로 - 기타,승용,남,57세,상해없음,이륜,남,75세,부상신고
노인사고,2021071400100392,2021년 7월 14일 17시,수요일,부산광역시 동래구 온천동,경상사고,0,0,1,0,차대차 - 측면충돌,신호위반,건조,맑음,교차로 - 교차로안,승용,남,50세,상해없음,승용,남,73세,경상
노인사고,2021071400100441,2021년 7월 14일 18시,수요일,부산광역시 중구 중앙동4가,부상신고사고,0,0,0,1,차대차 - 정면충돌,신호위반,건조,맑음,교차로 - 교차로안,이륜,남,71세,부상신고,승용,남,56세,상해없음
노인사고,2021071500100125,2021년 7월 15일 09시,목요일,부산광역시 북구 구포동,중상사고,0,1,0,0,차대사람 - 차도통행중,안전운전불이행,건조,맑음,교차로 - 교차로안,승용,여,55세,상해없음,보행자,여,66세,중상
노인사고,2021071500100218,2021년 7월 15일 12시,목요일,부산광역시 해운대구 좌동,경상사고,0,0,1,0,차대차 - 기타,안전운전불이행,건조,맑음,교차로 - 교차로부근,승용,여,61세,상해없음,자전거,남,85세,경상
노인사고,2.02107E+15,2021년 7월 15일 12시,목요일,부산광역시 기장군 일광면,경상사고,0,0,2,0,차대차 - 측면충돌,안전운전불이행,건조,맑음,교차로 - 교차로안,이륜,남,35세,상해없음,승용,여,45세,경상
노인사고,2021071500100533,2021년 7월 15일 20시,목요일,부산광역시 연제구 연산동,중상사고,0,2,0,0,차대사람 - 기타,안전운전불이행,건조,맑음,단일로 - 기타,승용,남,62세,상해없음,보행자,여,67세,중상
노인사고,2.02107E+15,2021년 7월 16일 08시,금요일,부산광역시 부산진구 가야동,경상사고,0,0,2,0,차대차 - 기타,안전거리미확보,건조,맑음,단일로 - 기타,승용,여,35세,상해없음,승용,남,69세,경상
노인사고,2021071600100148,2021년 7월 16일 10시,금요일,부산광역시 영도구 영선동4가,경상사고,0,0,1,0,차대사람 - 차도통행중,안전운전불이행,건조,맑음,교차로 - 교차로안,승용,여,24세,상해없음,보행자,여,79세,경상
노인사고,2021071600100261,2021년 7월 16일 13시,금요일,부산광역시 북구 덕천동,중상사고,0,1,0,0,차대차 - 측면충돌,안전거리미확보,건조,맑음,단일로 - 지하차도(도로)내,이륜,남,17세,상해없음,승합,남,58세,상해없음
노인사고,2021071600100363,2021년 7월 16일 16시,금요일,부산광역시 남구 대연동,중상사고,0,1,0,0,차대차 - 측면충돌,안전운전불이행,건조,맑음,단일로 - 기타,자전거,남,78세,중상,승용,남,27세,상해없음
노인사고,2021071600100456,2021년 7월 16일 18시,금요일,부산광역시 사하구 감천동,중상사고,0,1,2,0,차대차 - 측면충돌,중앙선침범,건조,맑음,교차로 - 교차로부근,승용,여,48세,경상,승용,남,68세,경상
노인사고,2021071600100521,2021년 7월 16일 19시,금요일,부산광역시 북구 구포동,중상사고,0,1,0,0,차대차 - 기타,안전운전불이행,건조,맑음,단일로 - 지하차도(도로)내,승용,남,78세,상해없음,승합,남,40세,상해없음
노인사고,2021071600100608,2021년 7월 16일 21시,금요일,부산광역시 동래구 온천동,경상사고,0,0,1,0,차대차 - 추돌,안전운전불이행,건조,맑음,단일로 - 기타,이륜,남,46세,상해없음,승용,남,65세,경상
노인사고,2021071700100041,2021년 7월 17일 05시,토요일,부산광역시 사상구 주례동,부상신고사고,0,0,0,1,차대사람 - 기타,안전운전불이행,건조,맑음,기타 - 기타,승용,남,30세,상해없음,보행자,여,77세,부상신고
노인사고,2021071700100175,2021년 7월 17일 11시,토요일,부산광역시 사상구 감전동,경상사고,0,0,2,0,차대차 - 정면충돌,안전운전불이행,젖음/습기,비,기타 - 기타,승용,남,58세,상해없음,승용,남,78세,경상
노인사고,2.02107E+15,2021년 7월 17일 12시,토요일,부산광역시 수영구 망미동,중상사고,0,1,0,0,차대차 - 기타,안전운전불이행,건조,맑음,교차로 - 교차로부근,자전거,남,75세,중상,승용,남,58세,상해없음
노인사고,2021071700100409,2021년 7월 17일 17시,토요일,부산광역시 부산진구 양정동,경상사고,0,0,1,0,차대차 - 정면충돌,기타,건조,맑음,교차로 - 교차로부근,기타불명,기타불명,미분류,기타불명,승용,여,68세,경상
노인사고,2021071800100025,2021년 7월 18일 02시,일요일,부산광역시 부산진구 부전동,중상사고,0,1,5,0,차대차 - 기타,신호위반,건조,맑음,교차로 - 교차로안,승용,남,35세,상해없음,승용,남,55세,경상
노인사고,2021071800100281,2021년 7월 18일 17시,일요일,부산광역시 강서구 신호동,중상사고,0,2,0,0,차대차 - 추돌,안전운전불이행,건조,맑음,단일로 - 기타,승용,여,47세,상해없음,승용,남,73세,중상
노인사고,2021071900100035,2021년 7월 19일 06시,월요일,부산광역시 수영구 민락동,경상사고,0,0,3,0,차대차 - 기타,안전운전불이행,건조,맑음,교차로 - 교차로부근,승용,남,50세,상해없음,승용,남,70세,경상
노인사고,2021071900100158,2021년 7월 19일 10시,월요일,부산광역시 금정구 남산동,중상사고,0,1,0,0,차대사람 - 기타,안전운전불이행,건조,맑음,교차로 - 교차로안,승용,남,60세,상해없음,보행자,여,71세,중상
노인사고,2021071900100189,2021년 7월 19일 11시,월요일,부산광역시 사상구 모라동,경상사고,0,0,1,0,차대차 - 추돌,안전운전불이행,건조,맑음,교차로 - 교차로부근,승용,남,42세,상해없음,승용,남,70세,경상
노인사고,2021071900100295,2021년 7월 19일 14시,월요일,부산광역시 동구 범일동,중상사고,0,1,0,0,차량단독 - 기타,안전운전불이행,건조,맑음,단일로 - 기타,승합,남,56세,상해없음,,,,
노인사고,2021071900100412,2021년 7월 19일 17시,월요일,부산광역시 금정구 구서동,부상신고사고,0,0,0,1,차대사람 - 기타,안전운전불이행,건조,맑음,단일로 - 기타,자전거,남,60세,상해없음,보행자,여,66세,부상신고
노인사고,2021071900100574,2021년 7월 19일 22시,월요일,부산광역시 부산진구 개금동,중상사고,0,1,0,0,차대사람 - 기타,안전운전불이행,건조,맑음,단일로 - 기타,승용,여,49세,상해없음,보행자,남,66세,중상
노인사고,2021072000100025,2021년 7월 20일 05시,화요일,부산광역시 부산진구 부암동,경상사고,0,0,1,0,차대차 - 정면충돌,중앙선침범,건조,맑음,단일로 - 기타,승용,남,74세,상해없음,승합,남,66세,경상
노인사고,2021072000100036,2021년 7월 20일 06시,화요일,부산광역시 부산진구 개금동,경상사고,0,0,1,0,차량단독 - 기타,기타,건조,맑음,단일로 - 기타,승합,남,43세,상해없음,,,,
노인사고,2021072000100126,2021년 7월 20일 10시,화요일,부산광역시 서구 암남동,중상사고,0,1,0,0,차량단독 - 기타,안전운전불이행,건조,맑음,교차로 - 교차로안,승합,남,47세,상해없음,,,,
노인사고,2.02107E+15,2021년 7월 20일 11시,화요일,부산광역시 북구 만덕동,경상사고,0,0,3,0,차대차 - 측면충돌,교차로운행방법위반,건조,맑음,교차로 - 교차로안,승용,남,72세,경상,승용,여,59세,경상
노인사고,2021072000100161,2021년 7월 20일 11시,화요일,부산광역시 영도구 신선동1가,중상사고,0,1,0,0,차대사람 - 횡단중,안전운전불이행,건조,맑음,단일로 - 기타,이륜,남,69세,상해없음,보행자,남,76세,중상
노인사고,2021072000100162,2021년 7월 20일 11시,화요일,부산광역시 부산진구 가야동,중상사고,0,1,0,1,차대차 - 측면충돌,교차로운행방법위반,건조,맑음,교차로 - 교차로안,승용,남,57세,상해없음,승합,남,50세,상해없음
노인사고,2021072000100194,2021년 7월 20일 12시,화요일,부산광역시 수영구 민락동,중상사고,0,1,0,0,차대차 - 측면충돌,신호위반,건조,맑음,교차로 - 교차로안,이륜,남,74세,중상,승용,여,66세,상해없음
노인사고,2021072000100376,2021년 7월 20일 17시,화요일,부산광역시 연제구 연산동,중상사고,0,1,0,0,차대사람 - 기타,보행자보호의무위반,건조,맑음,교차로 - 교차로횡단보도내,승용,여,70세,상해없음,보행자,여,75세,중상
노인사고,2021072100100031,2021년 7월 21일 05시,수요일,부산광역시 강서구 녹산동,중상사고,0,1,0,0,차대차 - 측면충돌,안전운전불이행,건조,맑음,단일로 - 기타,승용,남,78세,상해없음,자전거,남,66세,중상
노인사고,2021072100100121,2021년 7월 21일 09시,수요일,부산광역시 연제구 연산동,경상사고,0,0,3,0,차대차 - 기타,안전운전불이행,건조,맑음,교차로 - 교차로부근,승용,남,69세,경상,승용,남,25세,경상
노인사고,2.02107E+15,2021년 7월 21일 10시,수요일,부산광역시 동구 수정동,중상사고,0,1,0,0,차대사람 - 차도통행중,안전운전불이행,건조,맑음,단일로 - 기타,승용,남,40세,상해없음,보행자,여,83세,중상
노인사고,2021072100100161,2021년 7월 21일 10시,수요일,부산광역시 부산진구 부전동,경상사고,0,0,1,0,차대차 - 측면충돌,안전운전불이행,건조,맑음,교차로 - 교차로부근,화물,남,23세,상해없음,승용,남,68세,경상
노인사고,2021072100100324,2021년 7월 21일 14시,수요일,부산광역시 동구 범일동,중상사고,0,1,2,0,차대차 - 측면충돌,안전거리미확보,건조,맑음,단일로 - 기타,승용,남,47세,상해없음,승용,남,67세,중상
노인사고,2021072100100359,2021년 7월 21일 15시,수요일,부산광역시 해운대구 좌동,중상사고,0,1,0,0,차대사람 - 기타,기타,건조,맑음,단일로 - 기타,승용,여,55세,상해없음,보행자,남,81세,중상
노인사고,2.02107E+15,2021년 7월 21일 15시,수요일,부산광역시 해운대구 우동,경상사고,0,0,2,0,차대차 - 추돌,안전운전불이행,건조,맑음,단일로 - 기타,승용,남,68세,상해없음,승용,남,42세,경상
노인사고,2021072100100558,2021년 7월 21일 19시,수요일,부산광역시 사하구 하단동,중상사고,0,1,0,0,차대차 - 기타,불법유턴,건조,맑음,교차로 - 교차로횡단보도내,자전거,남,81세,중상,승용,여,61세,상해없음
노인사고,2021072100100589,2021년 7월 21일 20시,수요일,부산광역시 동구 범일동,경상사고,0,0,1,0,차대사람 - 차도통행중,안전운전불이행,건조,맑음,단일로 - 기타,승용,남,56세,상해없음,보행자,여,84세,경상
노인사고,2021072200100186,2021년 7월 22일 11시,목요일,부산광역시 부산진구 범천동,중상사고,0,1,0,0,차량단독 - 기타,안전운전불이행,건조,맑음,단일로 - 기타,승합,남,47세,상해없음,,,,
노인사고,2021072200100187,2021년 7월 22일 11시,목요일,부산광역시 해운대구 반송동,중상사고,0,1,0,0,차대차 - 기타,안전운전불이행,건조,맑음,단일로 - 기타,승용,남,28세,상해없음,자전거,남,69세,중상
노인사고,2021072200100188,2021년 7월 22일 11시,목요일,부산광역시 부산진구 개금동,중상사고,0,1,0,0,차량단독 - 기타,기타,건조,맑음,단일로 - 기타,승합,남,62세,상해없음,,,,
노인사고,2.02107E+15,2021년 7월 22일 13시,목요일,부산광역시 기장군 기장읍,경상사고,0,0,1,1,차대차 - 측면충돌,안전운전불이행,건조,맑음,교차로 - 교차로안,승용,여,52세,경상,승용,남,66세,부상신고
노인사고,2021072200100343,2021년 7월 22일 15시,목요일,부산광역시 강서구 강동동,경상사고,0,0,1,0,차대차 - 측면충돌,안전운전불이행,건조,맑음,단일로 - 기타,자전거,남,72세,경상,화물,남,64세,상해없음
노인사고,2021072200100478,2021년 7월 22일 18시,목요일,부산광역시 연제구 연산동,중상사고,0,1,2,0,차대차 - 기타,교차로운행방법위반,건조,맑음,교차로 - 교차로안,승용,여,58세,상해없음,승용,여,70세,중상
노인사고,2.02107E+15,2021년 7월 23일 07시,금요일,부산광역시 강서구 대저2동,중상사고,0,1,0,0,차량단독 - 기타,안전운전불이행,건조,맑음,단일로 - 기타,승합,남,33세,상해없음,,,,
노인사고,2021072300100145,2021년 7월 23일 10시,금요일,부산광역시 연제구 거제동,중상사고,0,2,0,0,차대차 - 측면충돌,기타,건조,맑음,단일로 - 기타,승용,여,56세,상해없음,이륜,남,75세,중상
노인사고,2021072300100427,2021년 7월 23일 17시,금요일,부산광역시 동래구 낙민동,중상사고,0,1,0,0,차대차 - 기타,신호위반,건조,맑음,교차로 - 교차로안,승용,남,68세,상해없음,이륜,남,68세,중상
노인사고,2.02107E+15,2021년 7월 24일 09시,토요일,부산광역시 기장군 정관읍,경상사고,0,0,2,0,차대차 - 측면충돌,안전운전불이행,건조,맑음,교차로 - 교차로안,승용,남,20세,상해없음,승용,남,67세,경상
노인사고,2.02107E+15,2021년 7월 24일 11시,토요일,부산광역시 동래구 안락동,경상사고,0,0,1,0,차대사람 - 횡단중,보행자보호의무위반,건조,맑음,교차로 - 교차로안,화물,남,40세,상해없음,보행자,남,76세,경상
노인사고,2021072400100151,2021년 7월 24일 11시,토요일,부산광역시 금정구 부곡동,중상사고,0,1,0,0,차대사람 - 기타,보행자보호의무위반,건조,맑음,교차로 - 교차로횡단보도내,승합,남,47세,기타불명,보행자,여,83세,중상
노인사고,2021072400100348,2021년 7월 24일 16시,토요일,부산광역시 서구 동대신동1가,경상사고,0,0,2,0,차대차 - 측면충돌,안전운전불이행,건조,맑음,단일로 - 기타,승용,여,34세,상해없음,승용,여,70세,경상
노인사고,2021072400100429,2021년 7월 24일 18시,토요일,부산광역시 사하구 구평동,경상사고,0,0,2,0,차대차 - 추돌,안전거리미확보,건조,맑음,단일로 - 기타,승용,남,37세,상해없음,승용,남,75세,경상
노인사고,2021072400100489,2021년 7월 24일 20시,토요일,부산광역시 동래구 사직동,경상사고,0,0,1,0,차대차 - 측면충돌,기타,건조,맑음,교차로 - 교차로안,승용,남,66세,기타불명,승용,남,61세,상해없음
노인사고,2021072400100561,2021년 7월 24일 22시,토요일,부산광역시 연제구 연산동,경상사고,0,0,2,0,차대차 - 기타,신호위반,건조,맑음,교차로 - 교차로안,승용,여,33세,상해없음,승용,남,66세,경상
노인사고,2021072500100216,2021년 7월 25일 15시,일요일,부산광역시 금정구 부곡동,경상사고,0,0,1,0,차대사람 - 횡단중,안전운전불이행,건조,맑음,교차로 - 교차로안,승용,남,51세,상해없음,보행자,여,72세,경상
노인사고,2.02107E+15,2021년 7월 25일 16시,일요일,부산광역시 금정구 장전동,중상사고,0,1,0,0,차대차 - 측면충돌,안전운전불이행,건조,맑음,교차로 - 교차로횡단보도내,자전거,남,70세,중상,승용,남,35세,상해없음
노인사고,2021072500100251,2021년 7월 25일 16시,일요일,부산광역시 금정구 구서동,중상사고,0,1,1,0,차대차 - 기타,안전운전불이행,건조,맑음,단일로 - 기타,승용,여,25세,상해없음,승용,여,67세,중상
노인사고,2021072500100252,2021년 7월 25일 16시,일요일,부산광역시 금정구 금사동,경상사고,0,0,2,1,차대차 - 측면충돌,안전거리미확보,건조,맑음,교차로 - 교차로안,승용,남,62세,부상신고,승용,남,72세,경상
노인사고,2021072500100379,2021년 7월 25일 20시,일요일,부산광역시 동래구 명장동,경상사고,0,0,1,0,차대사람 - 보도통행중,안전운전불이행,건조,맑음,단일로 - 기타,승용,남,27세,상해없음,보행자,남,69세,경상
노인사고,2.02107E+15,2021년 7월 26일 11시,월요일,부산광역시 부산진구 부전동,중상사고,0,1,0,0,차대사람 - 횡단중,보행자보호의무위반,건조,맑음,교차로 - 교차로횡단보도내,승용,남,72세,기타불명,보행자,남,83세,중상
노인사고,2021072600100246,2021년 7월 26일 12시,월요일,부산광역시 연제구 연산동,경상사고,0,0,1,0,차대차 - 측면충돌,안전거리미확보,건조,맑음,단일로 - 기타,승용,남,68세,상해없음,승용,여,73세,경상