사고부문,사고번호,사고일시,요일,시군구,사고내용,사망자수,중상자수,경상자수,부상신고자수,사고유형,법규위반,노면상태,기상상태,도로형태,가해운전자 차종,가해운전자 성별,가해운전자 연령,가해운전자 상해정도,피해운전자 차종,피해운전자 성별,피해운전자 연령,피해운전자 상해정도
노인사고,2021072600100471,2021년 7월 26일 18시,월요일,부산광역시 북구 만덕동,중상사고,0,1,0,0,차대사람 - 기타,신호위반,건조,맑음,단일로 - 기타,승용,남,36세,상해없음,보행자,여,72세,중상
노인사고,2021072700100036,2021년 7월 27일 06시,화요일,부산광역시 사하구 괴정동,중상사고,0,1,0,0,차대사람 - 횡단중,안전운전불이행,건조,맑음,단일로 - 기타,승용,남,66세,상해없음,보행자,여,71세,중상
노인사고,2021072700100565,2021년 7월 27일 21시,화요일,부산광역시 부산진구 전포동,중상사고,0,1,0,0,차대사람 - 횡단중,보행자보호의무위반,건조,맑음,교차로 - 교차로횡단보도내,승용,남,71세,상해없음,보행자,여,76세,중상
노인사고,2021072700100593,2021년 7월 27일 22시,화요일,부산광역시 금정구 장전동,경상사고,0,0,1,0,차대사람 - 기타,안전운전불이행,건조,맑음,단일로 - 기타,개인형이동수단(PM),여,22세,상해없음,보행자,남,66세,경상
노인사고,2021072800100039,2021년 7월 28일 06시,수요일,부산광역시 사하구 하단동,중상사고,0,1,1,0,차대차 - 기타,신호위반,건조,맑음,교차로 - 교차로안,승용,남,66세,중상,승용,남,62세,경상
노인사고,2.02107E+15,2021년 7월 28일 06시,수요일,부산광역시 연제구 거제동,중상사고,0,1,0,0,차대사람 - 기타,보행자보호의무위반,건조,맑음,교차로 - 교차로부근,화물,남,59세,상해없음,보행자,남,74세,중상
노인사고,2021072800100082,2021년 7월 28일 08시,수요일,부산광역시 서구 충무동1가,중상사고,0,1,0,0,차대차 - 추돌,안전운전불이행,건조,맑음,교차로 - 교차로부근,승용,남,39세,상해없음,자전거,남,69세,중상
노인사고,2021072800100281,2021년 7월 28일 14시,수요일,부산광역시 중구 부평동4가,경상사고,0,0,2,1,차대차 - 측면충돌,교차로운행방법위반,건조,맑음,교차로 - 교차로안,승용,여,55세,경상,승합,남,72세,경상
노인사고,2021072800100389,2021년 7월 28일 17시,수요일,부산광역시 중구 대청동1가,중상사고,0,1,0,0,차대사람 - 차도통행중,안전운전불이행,건조,맑음,교차로 - 교차로안,이륜,남,76세,상해없음,보행자,여,67세,중상
노인사고,2.02107E+15,2021년 7월 28일 18시,수요일,부산광역시 연제구 거제동,경상사고,0,0,1,0,차대차 - 측면충돌,중앙선침범,건조,맑음,단일로 - 기타,이륜,남,17세,상해없음,승용,남,68세,경상
노인사고,2.02107E+15,2021년 7월 29일 01시,목요일,부산광역시 수영구 수영동,경상사고,0,0,2,0,차대차 - 추돌,안전운전불이행,건조,맑음,단일로 - 기타,이륜,남,20세,경상,승용,남,65세,경상
노인사고,2021072900100018,2021년 7월 29일 02시,목요일,부산광역시 부산진구 당감동,경상사고,0,0,1,0,차대차 - 추돌,안전거리미확보,건조,맑음,단일로 - 기타,승용,남,38세,상해없음,승용,남,67세,경상
노인사고,2.02107E+15,2021년 7월 30일 05시,금요일,부산광역시 북구 구포동,경상사고,0,0,1,0,차대차 - 기타,안전운전불이행,건조,맑음,교차로 - 교차로횡단보도내,자전거,남,79세,경상,승합,남,58세,상해없음
노인사고,2021073000100071,2021년 7월 30일 08시,금요일,부산광역시 해운대구 좌동,중상사고,0,1,0,0,차대사람 - 기타,보행자보호의무위반,건조,맑음,단일로 - 기타,승용,여,37세,상해없음,보행자,여,70세,중상
노인사고,2021073000100101,2021년 7월 30일 09시,금요일,부산광역시 영도구 영선동2가,경상사고,0,0,3,0,차대차 - 측면충돌,교차로운행방법위반,건조,맑음,교차로 - 교차로안,승용,남,77세,경상,화물,남,41세,경상
노인사고,2021073000100102,2021년 7월 30일 09시,금요일,부산광역시 부산진구 범천동,중상사고,0,1,0,0,차대사람 - 기타,보행자보호의무위반,건조,맑음,교차로 - 교차로안,승용,남,39세,상해없음,보행자,남,72세,중상
노인사고,2021073000100126,2021년 7월 30일 10시,금요일,부산광역시 동구 초량동,중상사고,0,1,0,0,차대차 - 기타,중앙선침범,건조,맑음,단일로 - 기타,승용,남,60세,상해없음,이륜,남,65세,중상
노인사고,2021073000100156,2021년 7월 30일 11시,금요일,부산광역시 남구 문현동,중상사고,0,1,0,0,차대사람 - 횡단중,안전운전불이행,건조,맑음,기타 - 기타,승용,남,43세,상해없음,보행자,여,66세,중상
노인사고,2021073000100204,2021년 7월 30일 12시,금요일,부산광역시 연제구 연산동,부상신고사고,0,0,0,1,차대차 - 기타,교차로운행방법위반,건조,맑음,교차로 - 교차로안,이륜,남,73세,부상신고,승용,여,67세,상해없음
노인사고,2021073000100245,2021년 7월 30일 13시,금요일,부산광역시 동래구 온천동,경상사고,0,0,1,0,차대차 - 추돌,안전운전불이행,건조,맑음,단일로 - 기타,승용,남,19세,상해없음,승용,남,71세,경상
노인사고,2021073000100319,2021년 7월 30일 15시,금요일,부산광역시 동래구 안락동,부상신고사고,0,0,0,1,차대차 - 기타,안전운전불이행,건조,맑음,단일로 - 기타,이륜,남,67세,부상신고,승용,여,59세,상해없음
노인사고,2.02107E+15,2021년 7월 30일 15시,금요일,부산광역시 사상구 삼락동,중상사고,0,1,0,0,차대차 - 측면충돌,안전운전불이행,건조,맑음,단일로 - 기타,승용,남,66세,상해없음,자전거,남,77세,중상
노인사고,2021073000100444,2021년 7월 30일 18시,금요일,부산광역시 수영구 광안동,중상사고,0,1,0,0,차량단독 - 기타,안전운전불이행,건조,맑음,단일로 - 기타,승합,남,52세,상해없음,,,,
노인사고,2021073100100038,2021년 7월 31일 04시,토요일,부산광역시 사상구 덕포동,경상사고,0,0,2,0,차대차 - 추돌,안전운전불이행,건조,맑음,교차로 - 교차로부근,승용,남,40세,상해없음,승용,남,66세,경상
노인사고,2021073100100134,2021년 7월 31일 11시,토요일,부산광역시 연제구 연산동,경상사고,0,0,2,0,차대차 - 기타,신호위반,건조,맑음,단일로 - 기타,원동기,남,26세,경상,승용,남,65세,경상
노인사고,2021073100100173,2021년 7월 31일 12시,토요일,부산광역시 동구 좌천동,중상사고,0,1,0,0,차대사람 - 기타,안전운전불이행,건조,맑음,단일로 - 기타,승용,남,73세,상해없음,보행자,여,80세,중상
노인사고,2021073100100479,2021년 7월 31일 20시,토요일,부산광역시 동래구 온천동,중상사고,0,1,0,0,차대사람 - 횡단중,보행자보호의무위반,건조,맑음,교차로 - 교차로안,승용,남,37세,상해없음,보행자,여,73세,중상
노인사고,2021073100100533,2021년 7월 31일 22시,토요일,부산광역시 수영구 남천동,중상사고,0,1,1,0,차대차 - 기타,안전거리미확보,건조,맑음,단일로 - 교량,승용,남,28세,상해없음,승용,남,67세,경상
노인사고,2021080100100045,2021년 8월 1일 08시,일요일,부산광역시 남구 우암동,중상사고,0,1,6,1,차대차 - 추돌,안전운전불이행,건조,맑음,단일로 - 기타,특수,남,64세,기타불명,승합,남,55세,부상신고
노인사고,2.02108E+15,2021년 8월 1일 11시,일요일,부산광역시 부산진구 부전동,부상신고사고,0,0,0,1,차대차 - 측면충돌,신호위반,건조,맑음,교차로 - 교차로안,자전거,남,82세,부상신고,승용,남,33세,상해없음
노인사고,2021080100100255,2021년 8월 1일 17시,일요일,부산광역시 서구 충무동1가,경상사고,0,0,2,0,차대차 - 추돌,안전운전불이행,건조,맑음,교차로 - 교차로안,승용,여,47세,상해없음,이륜,남,44세,경상
노인사고,2021080100100357,2021년 8월 1일 20시,일요일,부산광역시 금정구 부곡동,중상사고,0,1,0,0,차대차 - 측면충돌,불법유턴,젖음/습기,비,교차로 - 교차로안,자전거,남,72세,중상,승용,남,62세,상해없음
노인사고,2021080200100036,2021년 8월 2일 06시,월요일,부산광역시 연제구 연산동,경상사고,0,0,1,0,차대차 - 기타,신호위반,건조,맑음,교차로 - 교차로안,화물,남,55세,상해없음,승용,남,67세,경상
노인사고,2021080200100092,2021년 8월 2일 09시,월요일,부산광역시 사하구 하단동,중상사고,0,1,0,0,차대차 - 측면충돌,안전운전불이행,건조,맑음,기타 - 기타,승용,남,67세,상해없음,자전거,남,85세,중상
노인사고,2021080200100123,2021년 8월 2일 10시,월요일,부산광역시 부산진구 전포동,중상사고,0,1,0,0,차대차 - 기타,중앙선침범,건조,맑음,기타 - 기타,자전거,남,73세,중상,승용,남,23세,상해없음
노인사고,2021080200100148,2021년 8월 2일 11시,월요일,부산광역시 강서구 명지동,중상사고,0,1,0,0,차량단독 - 기타,안전운전불이행,건조,맑음,단일로 - 기타,승합,남,48세,상해없음,,,,
노인사고,2021080200100375,2021년 8월 2일 17시,월요일,부산광역시 금정구 부곡동,중상사고,0,1,1,0,차대사람 - 횡단중,안전운전불이행,건조,맑음,교차로 - 교차로횡단보도내,승용,여,33세,상해없음,보행자,여,41세,중상
노인사고,2021080200100412,2021년 8월 2일 18시,월요일,부산광역시 영도구 봉래동1가,경상사고,0,0,2,0,차대차 - 추돌,안전운전불이행,건조,맑음,단일로 - 교량,이륜,남,16세,상해없음,승용,남,33세,상해없음
노인사고,2021080200100462,2021년 8월 2일 19시,월요일,부산광역시 동래구 사직동,중상사고,0,1,1,0,차대차 - 측면충돌,안전운전불이행,건조,맑음,교차로 - 교차로안,승용,남,64세,상해없음,화물,남,64세,중상
노인사고,2021080200100463,2021년 8월 2일 19시,월요일,부산광역시 기장군 기장읍,경상사고,0,0,4,0,차대차 - 추돌,안전운전불이행,건조,맑음,교차로 - 교차로부근,승용,여,30세,상해없음,승용,남,73세,경상
노인사고,2021080300100025,2021년 8월 3일 05시,화요일,부산광역시 부산진구 초읍동,중상사고,0,1,0,0,차대사람 - 기타,안전운전불이행,건조,맑음,기타 - 기타,화물,남,55세,상해없음,보행자,여,76세,중상
노인사고,2021080300100226,2021년 8월 3일 14시,화요일,부산광역시 해운대구 반여동,경상사고,0,0,1,0,차대사람 - 기타,안전운전불이행,젖음/습기,맑음,단일로 - 기타,승용,여,63세,상해없음,보행자,남,71세,경상
노인사고,2021080300100301,2021년 8월 3일 16시,화요일,부산광역시 동구 초량동,경상사고,0,0,1,0,차대사람 - 차도통행중,보행자보호의무위반,건조,맑음,단일로 - 기타,이륜,남,21세,상해없음,보행자,여,73세,경상
노인사고,2021080300100304,2021년 8월 3일 16시,화요일,부산광역시 연제구 연산동,경상사고,0,0,6,1,차대차 - 추돌,안전운전불이행,건조,맑음,단일로 - 기타,승용,남,49세,부상신고,승용,남,45세,경상
노인사고,2021080400100042,2021년 8월 4일 07시,수요일,부산광역시 서구 동대신동3가,경상사고,0,0,1,0,차대차 - 추돌,안전거리미확보,건조,맑음,단일로 - 기타,화물,남,64세,상해없음,승용,남,68세,경상
노인사고,2021080400100098,2021년 8월 4일 09시,수요일,부산광역시 금정구 오륜동,중상사고,0,1,1,0,차대차 - 추돌,안전운전불이행,건조,맑음,단일로 - 기타,승용,남,62세,상해없음,승용,여,62세,경상
노인사고,2021080400100233,2021년 8월 4일 13시,수요일,부산광역시 사하구 장림동,중상사고,0,1,0,0,차대사람 - 기타,신호위반,건조,맑음,단일로 - 기타,이륜,여,54세,상해없음,보행자,여,68세,중상
노인사고,2021080400100307,2021년 8월 4일 15시,수요일,부산광역시 영도구 청학동,경상사고,0,0,1,0,차대사람 - 횡단중,안전운전불이행,건조,맑음,단일로 - 기타,승용,남,61세,상해없음,보행자,여,76세,경상
노인사고,2021080500100106,2021년 8월 5일 09시,목요일,부산광역시 남구 대연동,중상사고,0,1,0,0,차대사람 - 길가장자리구역통행중,안전운전불이행,건조,맑음,단일로 - 기타,승용,여,29세,상해없음,보행자,여,76세,중상
노인사고,2021080500100108,2021년 8월 5일 09시,목요일,부산광역시 남구 대연동,중상사고,0,1,0,0,차대차 - 측면충돌,안전운전불이행,건조,맑음,단일로 - 기타,승용,남,48세,기타불명,승용,남,65세,중상
노인사고,2021080500100131,2021년 8월 5일 10시,목요일,부산광역시 기장군 기장읍,중상사고,0,1,0,0,차대사람 - 기타,안전운전불이행,건조,맑음,단일로 - 기타,승용,남,66세,상해없음,보행자,남,73세,중상
노인사고,2021080500100322,2021년 8월 5일 15시,목요일,부산광역시 사하구 감천동,중상사고,0,1,0,0,차대사람 - 횡단중,보행자보호의무위반,건조,맑음,교차로 - 교차로횡단보도내,승용,남,60세,상해없음,보행자,여,68세,중상
노인사고,2.02108E+15,2021년 8월 6일 06시,금요일,부산광역시 사상구 주례동,경상사고,0,0,1,0,차대차 - 추돌,안전운전불이행,건조,맑음,단일로 - 기타,농기계,남,77세,경상,승용,남,61세,상해없음
노인사고,2021080600100047,2021년 8월 6일 07시,금요일,부산광역시 강서구 신호동,중상사고,0,1,0,0,차대차 - 기타,안전운전불이행,건조,맑음,교차로 - 교차로횡단보도내,승용,여,57세,상해없음,자전거,남,76세,중상
노인사고,2021080600100196,2021년 8월 6일 12시,금요일,부산광역시 연제구 거제동,경상사고,0,0,1,0,차대사람 - 보도통행중,기타,건조,맑음,단일로 - 기타,이륜,남,44세,상해없음,보행자,여,69세,경상
노인사고,2021080600100234,2021년 8월 6일 13시,금요일,부산광역시 해운대구 좌동,경상사고,0,0,1,0,차대사람 - 횡단중,안전운전불이행,건조,맑음,단일로 - 기타,기타불명,기타불명,미분류,기타불명,보행자,여,78세,경상
노인사고,2.02108E+15,2021년 8월 6일 14시,금요일,부산광역시 연제구 거제동,경상사고,0,0,1,0,차대차 - 추돌,안전운전불이행,건조,맑음,교차로 - 교차로부근,이륜,남,68세,경상,화물,남,67세,상해없음
노인사고,2021080600100409,2021년 8월 6일 17시,금요일,부산광역시 강서구 강동동,중상사고,0,1,0,0,차대차 - 기타,안전운전불이행,건조,맑음,교차로 - 교차로안,승용,남,57세,상해없음,이륜,남,72세,중상
노인사고,2021080600100605,2021년 8월 6일 22시,금요일,부산광역시 연제구 연산동,경상사고,0,0,1,1,차대차 - 기타,기타,건조,맑음,단일로 - 기타,승용,남,65세,경상,원동기,남,22세,부상신고
노인사고,2021080700100034,2021년 8월 7일 06시,토요일,부산광역시 남구 대연동,중상사고,0,1,0,0,차대사람 - 보도통행중,기타,건조,맑음,단일로 - 기타,승용,여,45세,상해없음,보행자,여,79세,중상
노인사고,2021080700100063,2021년 8월 7일 08시,토요일,부산광역시 동구 초량동,경상사고,0,0,1,0,차대차 - 측면충돌,중앙선침범,건조,맑음,단일로 - 기타,승용,남,81세,상해없음,승용,남,71세,경상
노인사고,2021080700100138,2021년 8월 7일 11시,토요일,부산광역시 중구 중앙동4가,경상사고,0,0,7,0,차대차 - 측면충돌,교차로운행방법위반,건조,맑음,교차로 - 교차로부근,승용,여,52세,상해없음,승용,남,64세,경상
노인사고,2021080700100351,2021년 8월 7일 17시,토요일,부산광역시 동구 범일동,중상사고,0,1,0,0,차대사람 - 차도통행중,보행자보호의무위반,건조,맑음,단일로 - 기타,이륜,남,25세,상해없음,보행자,남,71세,중상
노인사고,2021080700100463,2021년 8월 7일 20시,토요일,부산광역시 부산진구 양정동,중상사고,0,1,0,0,차대사람 - 기타,안전운전불이행,건조,맑음,교차로 - 교차로부근,승용,남,68세,상해없음,보행자,남,84세,중상
노인사고,2021080700100498,2021년 8월 7일 21시,토요일,부산광역시 금정구 장전동,경상사고,0,0,1,0,차대차 - 측면충돌,안전운전불이행,건조,맑음,교차로 - 교차로안,승용,남,42세,상해없음,승용,여,66세,경상
노인사고,2021080800100288,2021년 8월 8일 18시,일요일,부산광역시 해운대구 반송동,중상사고,0,1,1,0,차대차 - 기타,안전운전불이행,건조,맑음,교차로 - 교차로안,이륜,남,30세,상해없음,이륜,남,52세,상해없음
노인사고,2021080800100329,2021년 8월 8일 19시,일요일,부산광역시 연제구 거제동,경상사고,0,0,4,0,차대차 - 후진중충돌,안전운전불이행,건조,맑음,단일로 - 기타,승용,남,61세,상해없음,화물,남,78세,경상
노인사고,2021080800100407,2021년 8월 8일 22시,일요일,부산광역시 금정구 금사동,경상사고,0,0,1,0,차대차 - 측면충돌,신호위반,건조,맑음,교차로 - 교차로안,승용,남,64세,상해없음,승용,여,69세,경상
노인사고,2021080900100014,2021년 8월 9일 04시,월요일,부산광역시 강서구 송정동,중상사고,0,1,0,0,차대차 - 정면충돌,중앙선침범,건조,맑음,교차로 - 교차로안,승용,남,28세,상해없음,승용,남,77세,중상
노인사고,2021080900100188,2021년 8월 9일 11시,월요일,부산광역시 남구 대연동,중상사고,0,1,0,0,차대사람 - 횡단중,안전운전불이행,건조,맑음,교차로 - 교차로안,승용,남,55세,상해없음,보행자,여,72세,중상
노인사고,2021080900100297,2021년 8월 9일 14시,월요일,부산광역시 동래구 사직동,경상사고,0,0,2,0,차대차 - 기타,안전운전불이행,건조,맑음,교차로 - 교차로안,이륜,남,44세,경상,승용,여,66세,경상
노인사고,2021080900100371,2021년 8월 9일 16시,월요일,부산광역시 강서구 강동동,경상사고,0,0,1,0,차대차 - 기타,안전운전불이행,건조,맑음,교차로 - 교차로안,승용,남,64세,상해없음,승용,남,74세,경상
노인사고,2021080900100415,2021년 8월 9일 17시,월요일,부산광역시 수영구 망미동,중상사고,0,1,0,0,차대차 - 측면충돌,안전운전불이행,젖음/습기,흐림,교차로 - 교차로부근,승용,남,62세,상해없음,승용,남,64세,상해없음
노인사고,2021081000100042,2021년 8월 10일 07시,화요일,부산광역시 해운대구 재송동,중상사고,0,1,0,0,차대사람 - 횡단중,안전운전불이행,건조,맑음,교차로 - 교차로안,승용,여,55세,상해없음,보행자,여,82세,중상
노인사고,2.02108E+15,2021년 8월 10일 09시,화요일,부산광역시 기장군 기장읍,중상사고,0,1,0,0,차대사람 - 기타,안전운전불이행,건조,맑음,기타 - 기타,승용,남,68세,상해없음,보행자,여,83세,중상
노인사고,2021081000100385,2021년 8월 10일 18시,화요일,부산광역시 수영구 광안동,부상신고사고,0,0,0,1,차대차 - 측면충돌,안전운전불이행,건조,맑음,단일로 - 기타,자전거,남,46세,상해없음,자전거,남,74세,부상신고
노인사고,2021081000100431,2021년 8월 10일 19시,화요일,부산광역시 동래구 사직동,중상사고,0,1,0,0,차대사람 - 차도통행중,안전운전불이행,건조,맑음,단일로 - 기타,승용,남,54세,상해없음,보행자,여,69세,중상
노인사고,2021081100100126,2021년 8월 11일 10시,수요일,부산광역시 부산진구 전포동,중상사고,0,1,0,0,차대차 - 기타,중앙선침범,건조,맑음,단일로 - 기타,기타불명,여,81세,중상,화물,남,57세,상해없음
노인사고,2021081100100192,2021년 8월 11일 12시,수요일,부산광역시 동구 범일동,중상사고,0,1,0,0,차대사람 - 기타,안전운전불이행,건조,맑음,단일로 - 기타,화물,남,35세,상해없음,보행자,여,76세,중상
노인사고,2021081100100196,2021년 8월 11일 12시,수요일,부산광역시 금정구 서동,중상사고,0,1,0,0,차대사람 - 횡단중,안전운전불이행,건조,맑음,단일로 - 기타,승용,여,64세,상해없음,보행자,여,76세,중상
노인사고,2021081100100348,2021년 8월 11일 17시,수요일,부산광역시 강서구 명지동,경상사고,0,0,1,0,차대차 - 추돌,안전거리미확보,건조,맑음,단일로 - 기타,승용,남,24세,기타불명,승용,남,66세,경상
노인사고,2021081100100384,2021년 8월 11일 18시,수요일,부산광역시 금정구 장전동,부상신고사고,0,0,0,1,차대사람 - 차도통행중,교차로운행방법위반,건조,맑음,단일로 - 기타,승용,남,72세,상해없음,보행자,여,79세,부상신고
노인사고,2021081100100454,2021년 8월 11일 20시,수요일,부산광역시 영도구 동삼동,중상사고,0,1,0,0,차대사람 - 횡단중,안전운전불이행,건조,맑음,단일로 - 기타,승용,여,46세,상해없음,보행자,여,69세,중상
노인사고,2021081100100455,2021년 8월 11일 20시,수요일,부산광역시 영도구 동삼동,중상사고,0,1,0,0,차대사람 - 횡단중,안전운전불이행,건조,맑음,교차로 - 교차로안,승용,남,20세,상해없음,보행자,여,80세,중상
노인사고,2021081200100016,2021년 8월 12일 04시,목요일,부산광역시 사상구 엄궁동,경상사고,0,0,1,0,차대사람 - 횡단중,안전운전불이행,건조,맑음,기타 - 기타,이륜,남,21세,상해없음,보행자,여,72세,경상
노인사고,2021081200100021,2021년 8월 12일 05시,목요일,부산광역시 사하구 감천동,중상사고,0,1,0,0,차대사람 - 횡단중,기타,건조,맑음,단일로 - 기타,승용,남,58세,상해없음,보행자,여,70세,중상
노인사고,2021081200100335,2021년 8월 12일 16시,목요일,부산광역시 동구 초량동,경상사고,0,0,1,0,차대차 - 측면충돌,안전운전불이행,건조,맑음,교차로 - 교차로안,특수,남,37세,상해없음,자전거,남,74세,경상
노인사고,2021081200100512,2021년 8월 12일 21시,목요일,부산광역시 금정구 장전동,사망사고,1,0,0,0,차대사람 - 횡단중,안전운전불이행,젖음/습기,비,교차로 - 교차로안,승용,남,69세,상해없음,보행자,남,72세,사망
노인사고,2021081300100092,2021년 8월 13일 09시,금요일,부산광역시 동구 수정동,경상사고,0,0,1,0,차량단독 - 기타,안전운전불이행,건조,흐림,단일로 - 기타,승합,남,45세,상해없음,,,,
노인사고,2.02108E+15,2021년 8월 13일 12시,금요일,부산광역시 부산진구 가야동,경상사고,0,0,2,0,차대차 - 추돌,안전운전불이행,젖음/습기,비,단일로 - 기타,이륜,남,21세,상해없음,승용,남,62세,상해없음
노인사고,2021081300100181,2021년 8월 13일 12시,금요일,부산광역시 연제구 연산동,중상사고,0,1,1,0,차대차 - 추돌,교차로운행방법위반,건조,맑음,교차로 - 교차로안,승용,남,69세,중상,승용,남,63세,경상
노인사고,2021081300100473,2021년 8월 13일 19시,금요일,부산광역시 연제구 연산동,경상사고,0,0,1,0,차대사람 - 기타,안전운전불이행,건조,맑음,교차로 - 교차로부근,승용,여,63세,상해없음,보행자,여,70세,경상
노인사고,2021081300100498,2021년 8월 13일 20시,금요일,부산광역시 사하구 감천동,중상사고,0,1,0,0,차대사람 - 기타,안전운전불이행,건조,맑음,기타 - 기타,승용,남,35세,상해없음,보행자,남,75세,중상
노인사고,2021081300100521,2021년 8월 13일 21시,금요일,부산광역시 남구 대연동,중상사고,0,1,1,0,차대차 - 추돌,안전운전불이행,건조,맑음,단일로 - 기타,승용,남,54세,상해없음,승용,여,66세,경상
노인사고,2021081400100123,2021년 8월 14일 11시,토요일,부산광역시 부산진구 연지동,경상사고,0,0,1,0,차량단독 - 기타,기타,젖음/습기,비,단일로 - 기타,승합,남,55세,상해없음,,,,
노인사고,2021081400100355,2021년 8월 14일 18시,토요일,부산광역시 사하구 괴정동,중상사고,0,1,0,0,차대사람 - 횡단중,신호위반,건조,맑음,교차로 - 교차로횡단보도내,이륜,남,18세,상해없음,보행자,여,82세,중상
노인사고,2021081500100056,2021년 8월 15일 08시,일요일,부산광역시 금정구 남산동,중상사고,0,1,1,0,차대차 - 후진중충돌,안전운전불이행,건조,맑음,교차로 - 교차로부근,승용,여,60세,상해없음,승용,남,61세,경상
노인사고,2021081500100395,2021년 8월 15일 22시,일요일,부산광역시 북구 구포동,경상사고,0,0,1,0,차대차 - 측면충돌,안전운전불이행,건조,맑음,교차로 - 교차로안,승용,남,51세,상해없음,승용,남,67세,경상
노인사고,2021081600100028,2021년 8월 16일 07시,월요일,부산광역시 사하구 장림동,경상사고,0,0,2,0,차대차 - 기타,안전거리미확보,건조,맑음,교차로 - 교차로부근,승용,남,27세,기타불명,승용,남,66세,경상
노인사고,2021081600100157,2021년 8월 16일 13시,월요일,부산광역시 동래구 낙민동,중상사고,0,1,0,0,차대사람 - 횡단중,안전운전불이행,건조,맑음,단일로 - 기타,승용,남,52세,상해없음,보행자,여,77세,중상
노인사고,2.02108E+15,2021년 8월 16일 13시,월요일,부산광역시 기장군 일광면,경상사고,0,0,2,0,차대차 - 측면충돌,안전거리미확보,건조,맑음,단일로 - 기타,승용,남,66세,상해없음,화물,남,65세,경상
노인사고,2021081600100197,2021년 8월 16일 14시,월요일,부산광역시 해운대구 반여동,중상사고,0,1,0,0,차대차 - 측면충돌,신호위반,건조,맑음,교차로 - 교차로부근,이륜,남,74세,중상,승합,남,47세,상해없음
노인사고,2021081600100303,2021년 8월 16일 17시,월요일,부산광역시 수영구 민락동,경상사고,0,0,1,0,차대사람 - 기타,안전운전불이행,건조,맑음,단일로 - 기타,승용,남,46세,상해없음,보행자,남,78세,경상
노인사고,2021081700100166,2021년 8월 17일 11시,화요일,부산광역시 부산진구 개금동,중상사고,0,1,0,0,차대사람 - 횡단중,보행자보호의무위반,젖음/습기,비,교차로 - 교차로횡단보도내,승용,여,50세,상해없음,보행자,남,86세,중상
노인사고,2021081700100237,2021년 8월 17일 13시,화요일,부산광역시 부산진구 범천동,경상사고,0,0,3,0,차대차 - 추돌,안전운전불이행,건조,맑음,기타 - 기타,화물,남,39세,상해없음,승용,남,69세,경상
노인사고,2.02108E+15,2021년 8월 17일 17시,화요일,부산광역시 서구 충무동2가,중상사고,0,1,0,0,차대사람 - 보도통행중,안전운전불이행,건조,맑음,단일로 - 기타,승용,남,58세,상해없음,보행자,여,81세,중상
노인사고,2021081700100434,2021년 8월 17일 18시,화요일,부산광역시 서구 토성동3가,경상사고,0,0,1,0,차대차 - 측면충돌,신호위반,건조,맑음,교차로 - 교차로안,원동기,남,35세,상해없음,승용,남,66세,경상
노인사고,2021081800100149,2021년 8월 18일 11시,수요일,부산광역시 서구 충무동1가,중상사고,0,1,0,0,차대사람 - 기타,안전운전불이행,젖음/습기,비,단일로 - 기타,승용,남,55세,상해없음,보행자,여,72세,중상
노인사고,2.02108E+15,2021년 8월 18일 11시,수요일,부산광역시 북구 덕천동,경상사고,0,0,1,0,차대사람 - 차도통행중,안전운전불이행,건조,맑음,기타 - 기타,원동기,남,29세,상해없음,보행자,여,72세,경상
노인사고,2021081800100255,2021년 8월 18일 14시,수요일,부산광역시 강서구 대저1동,경상사고,0,0,1,0,차대차 - 측면충돌,신호위반,건조,맑음,교차로 - 교차로안,자전거,남,82세,경상,승용,남,47세,상해없음
노인사고,2021081800100315,2021년 8월 18일 16시,수요일,부산광역시 부산진구 양정동,중상사고,0,1,0,0,차대사람 - 횡단중,보행자보호의무위반,건조,맑음,교차로 - 교차로횡단보도내,화물,남,32세,상해없음,보행자,남,74세,중상
노인사고,2021081800100357,2021년 8월 18일 17시,수요일,부산광역시 부산진구 개금동,중상사고,0,1,0,0,차대사람 - 횡단중,안전운전불이행,건조,맑음,교차로 - 교차로안,승용,여,39세,상해없음,보행자,여,83세,중상
노인사고,2021081900100056,2021년 8월 19일 08시,목요일,부산광역시 동래구 낙민동,경상사고,0,0,1,0,차대사람 - 횡단중,보행자보호의무위반,건조,맑음,단일로 - 기타,화물,남,32세,상해없음,보행자,여,69세,경상
노인사고,2021081900100058,2021년 8월 19일 08시,목요일,부산광역시 해운대구 좌동,중상사고,0,1,0,0,차대사람 - 기타,보행자보호의무위반,건조,맑음,단일로 - 기타,승용,남,28세,상해없음,보행자,남,90세,중상
노인사고,2021081900100094,2021년 8월 19일 09시,목요일,부산광역시 동구 초량동,경상사고,0,0,2,0,차대차 - 측면충돌,안전거리미확보,건조,맑음,단일로 - 기타,승용,남,75세,상해없음,승용,남,39세,경상
노인사고,2021081900100351,2021년 8월 19일 16시,목요일,부산광역시 해운대구 반송동,중상사고,0,1,0,0,차대차 - 정면충돌,안전운전불이행,건조,맑음,교차로 - 교차로안,승용,남,26세,상해없음,자전거,남,72세,중상
노인사고,2021082000100062,2021년 8월 20일 08시,금요일,부산광역시 사상구 감전동,중상사고,0,1,0,0,차대차 - 측면충돌,안전운전불이행,건조,맑음,교차로 - 교차로횡단보도내,승합,남,46세,상해없음,자전거,남,71세,중상