사고부문,사고번호,사고일시,요일,시군구,사고내용,사망자수,중상자수,경상자수,부상신고자수,사고유형,법규위반,노면상태,기상상태,도로형태,가해운전자 차종,가해운전자 성별,가해운전자 연령,가해운전자 상해정도,피해운전자 차종,피해운전자 성별,피해운전자 연령,피해운전자 상해정도
노인사고,2021091200100068,2021년 9월 12일 10시,일요일,부산광역시 부산진구 초읍동,경상사고,0,0,2,0,차대사람 - 기타,보행자보호의무위반,건조,맑음,기타 - 기타,승용,여,74세,상해없음,보행자,여,66세,경상
노인사고,2.02109E+15,2021년 9월 12일 14시,일요일,부산광역시 부산진구 양정동,경상사고,0,0,3,0,차대차 - 추돌,안전운전불이행,건조,맑음,단일로 - 기타,승용,남,56세,상해없음,승용,남,70세,경상
노인사고,2021091300100234,2021년 9월 13일 12시,월요일,부산광역시 기장군 기장읍,부상신고사고,0,0,0,2,차대차 - 측면충돌,안전운전불이행,건조,맑음,교차로 - 교차로안,승용,여,44세,상해없음,승용,남,83세,부상신고
노인사고,2021091300100275,2021년 9월 13일 13시,월요일,부산광역시 북구 금곡동,중상사고,0,1,3,1,차대차 - 추돌,안전운전불이행,건조,맑음,단일로 - 교량,화물,남,53세,상해없음,화물,남,30세,중상
노인사고,2021091300100276,2021년 9월 13일 13시,월요일,부산광역시 영도구 동삼동,중상사고,0,1,0,0,차량단독 - 기타,안전운전불이행,건조,맑음,단일로 - 기타,승합,남,44세,상해없음,,,,
노인사고,2021091300100277,2021년 9월 13일 13시,월요일,부산광역시 부산진구 전포동,경상사고,0,0,1,0,차량단독 - 기타,안전운전불이행,건조,맑음,단일로 - 기타,승용,남,77세,상해없음,,,,
노인사고,2021091300100327,2021년 9월 13일 14시,월요일,부산광역시 해운대구 우동,경상사고,0,0,1,0,차량단독 - 기타,안전운전불이행,건조,맑음,교차로 - 교차로안,승용,여,77세,경상,,,,
노인사고,2021091300100442,2021년 9월 13일 17시,월요일,부산광역시 사상구 삼락동,경상사고,0,0,1,0,차대차 - 측면충돌,신호위반,건조,맑음,교차로 - 교차로안,승용,남,34세,기타불명,승용,남,65세,경상
노인사고,2021091400100025,2021년 9월 14일 04시,화요일,부산광역시 기장군 정관읍,중상사고,0,1,0,0,차대차 - 기타,신호위반,젖음/습기,비,교차로 - 교차로부근,화물,남,64세,상해없음,승용,여,70세,중상
노인사고,2021091400100055,2021년 9월 14일 07시,화요일,부산광역시 수영구 광안동,경상사고,0,0,1,0,차대차 - 기타,안전운전불이행,건조,맑음,교차로 - 교차로안,이륜,남,80세,경상,승용,남,28세,상해없음
노인사고,2021091400100094,2021년 9월 14일 08시,화요일,부산광역시 동구 범일동,경상사고,0,0,1,0,차대사람 - 기타,안전운전불이행,건조,맑음,단일로 - 기타,승용,여,61세,상해없음,보행자,남,89세,경상
노인사고,2021091400100183,2021년 9월 14일 10시,화요일,부산광역시 북구 만덕동,경상사고,0,0,2,0,차대차 - 추돌,안전거리미확보,건조,맑음,단일로 - 터널,승용,남,49세,상해없음,승용,남,80세,경상
노인사고,2021091400100185,2021년 9월 14일 10시,화요일,부산광역시 기장군 기장읍,경상사고,0,0,2,0,차대차 - 기타,신호위반,젖음/습기,비,교차로 - 교차로안,승용,여,49세,상해없음,승용,여,57세,경상
노인사고,2021091400100216,2021년 9월 14일 11시,화요일,부산광역시 서구 암남동,중상사고,0,1,2,0,차대차 - 측면충돌,안전운전불이행,젖음/습기,비,단일로 - 기타,승용,남,34세,경상,승합,남,55세,경상
노인사고,2021091400100268,2021년 9월 14일 12시,화요일,부산광역시 기장군 일광면,중상사고,0,1,0,0,차대차 - 측면충돌,교차로운행방법위반,젖음/습기,흐림,교차로 - 교차로안,화물,남,63세,상해없음,승용,남,83세,중상
노인사고,2021091400100391,2021년 9월 14일 15시,화요일,부산광역시 부산진구 부전동,중상사고,0,1,0,0,차대사람 - 차도통행중,안전운전불이행,젖음/습기,비,단일로 - 기타,승용,남,64세,상해없음,보행자,여,65세,중상
노인사고,2021091400100498,2021년 9월 14일 17시,화요일,부산광역시 부산진구 범천동,경상사고,0,0,2,0,차대차 - 기타,안전운전불이행,젖음/습기,비,단일로 - 기타,승용,남,66세,경상,승용,남,39세,경상
노인사고,2021091400100589,2021년 9월 14일 19시,화요일,부산광역시 금정구 부곡동,경상사고,0,0,2,1,차대차 - 추돌,안전운전불이행,젖음/습기,비,단일로 - 터널,승용,남,25세,부상신고,승용,남,65세,경상
노인사고,2021091400100722,2021년 9월 14일 23시,화요일,부산광역시 동구 초량동,경상사고,0,0,1,0,차대차 - 추돌,안전운전불이행,건조,맑음,단일로 - 기타,이륜,남,18세,상해없음,승용,남,65세,경상
노인사고,2021091500100188,2021년 9월 15일 10시,수요일,부산광역시 동구 범일동,중상사고,0,1,0,0,차대차 - 기타,안전운전불이행,건조,맑음,단일로 - 기타,승용,남,45세,상해없음,승합,남,51세,상해없음
노인사고,2021091500100302,2021년 9월 15일 13시,수요일,부산광역시 해운대구 재송동,경상사고,0,0,1,0,차대사람 - 횡단중,안전운전불이행,건조,맑음,단일로 - 기타,승용,여,23세,상해없음,보행자,여,66세,경상
노인사고,2021091500100395,2021년 9월 15일 15시,수요일,부산광역시 동래구 명륜동,중상사고,0,1,0,0,차대사람 - 기타,안전운전불이행,건조,맑음,단일로 - 기타,특수,남,47세,상해없음,보행자,여,86세,중상
노인사고,2021091500100396,2021년 9월 15일 15시,수요일,부산광역시 부산진구 전포동,경상사고,0,0,1,0,차대사람 - 횡단중,보행자보호의무위반,건조,맑음,교차로 - 교차로안,화물,남,32세,상해없음,보행자,여,76세,경상
노인사고,2021091500100615,2021년 9월 15일 19시,수요일,부산광역시 서구 부민동3가,중상사고,0,2,0,0,차대차 - 측면충돌,안전운전불이행,건조,맑음,단일로 - 기타,승용,남,63세,상해없음,이륜,남,67세,중상
노인사고,2021091600100042,2021년 9월 16일 07시,목요일,부산광역시 해운대구 우동,중상사고,0,1,0,0,차대차 - 측면충돌,안전운전불이행,건조,맑음,단일로 - 기타,승용,여,38세,상해없음,자전거,남,66세,중상
노인사고,2021091600100078,2021년 9월 16일 08시,목요일,부산광역시 수영구 남천동,중상사고,0,1,1,0,차대차 - 측면충돌,교차로운행방법위반,건조,맑음,교차로 - 교차로안,승용,여,59세,경상,승용,여,66세,중상
노인사고,2021091600100079,2021년 9월 16일 08시,목요일,부산광역시 연제구 연산동,경상사고,0,0,1,0,차대차 - 기타,교차로운행방법위반,건조,맑음,교차로 - 교차로안,승용,남,60세,상해없음,승용,여,65세,경상
노인사고,2021091600100081,2021년 9월 16일 08시,목요일,부산광역시 기장군 정관읍,중상사고,0,1,0,0,차대사람 - 기타,기타,건조,맑음,단일로 - 기타,화물,남,57세,상해없음,보행자,남,67세,중상
노인사고,2021091600100129,2021년 9월 16일 09시,목요일,부산광역시 기장군 기장읍,경상사고,0,0,1,0,차대사람 - 횡단중,안전운전불이행,건조,맑음,교차로 - 교차로부근,승용,여,67세,상해없음,보행자,여,69세,경상
노인사고,2021091600100231,2021년 9월 16일 12시,목요일,부산광역시 금정구 노포동,부상신고사고,0,0,0,1,차대사람 - 기타,안전운전불이행,건조,맑음,기타 - 기타,기타불명,기타불명,미분류,기타불명,보행자,여,76세,부상신고
노인사고,2021091600100275,2021년 9월 16일 13시,목요일,부산광역시 남구 대연동,경상사고,0,0,1,0,차대사람 - 길가장자리구역통행중,안전운전불이행,건조,맑음,단일로 - 기타,화물,남,68세,상해없음,보행자,여,66세,경상
노인사고,2021091600100276,2021년 9월 16일 13시,목요일,부산광역시 영도구 청학동,경상사고,0,0,1,0,차대차 - 기타,차로위반,건조,맑음,교차로 - 교차로안,화물,남,42세,상해없음,승합,남,64세,상해없음
노인사고,2021091600100316,2021년 9월 16일 14시,목요일,부산광역시 부산진구 전포동,경상사고,0,0,1,0,차대차 - 측면충돌,안전운전불이행,건조,맑음,단일로 - 기타,화물,남,59세,상해없음,승용,남,67세,경상
노인사고,2021091600100318,2021년 9월 16일 14시,목요일,부산광역시 연제구 연산동,중상사고,0,1,0,0,차대사람 - 기타,불법유턴,젖음/습기,흐림,주차장 - 주차장,승용,남,71세,상해없음,보행자,여,78세,중상
노인사고,2021091600100364,2021년 9월 16일 15시,목요일,부산광역시 북구 금곡동,중상사고,0,1,3,0,차대차 - 추돌,안전거리미확보,건조,맑음,단일로 - 기타,승용,남,65세,상해없음,승용,여,55세,경상
노인사고,2021091600100412,2021년 9월 16일 16시,목요일,부산광역시 수영구 수영동,경상사고,0,0,1,0,차대차 - 기타,안전운전불이행,건조,흐림,단일로 - 기타,승용,남,27세,상해없음,승용,남,66세,경상
노인사고,2021091600100666,2021년 9월 16일 22시,목요일,부산광역시 부산진구 범전동,경상사고,0,0,3,0,차대차 - 추돌,안전운전불이행,젖음/습기,비,교차로 - 교차로부근,승용,남,47세,상해없음,승용,남,64세,경상
노인사고,2021091700100076,2021년 9월 17일 08시,금요일,부산광역시 사상구 모라동,경상사고,0,0,1,0,차대차 - 추돌,안전거리미확보,건조,맑음,교차로 - 교차로부근,승용,남,72세,상해없음,승용,남,70세,경상
노인사고,2021091700100128,2021년 9월 17일 09시,금요일,부산광역시 서구 서대신동3가,경상사고,0,0,2,0,차대차 - 측면충돌,신호위반,젖음/습기,비,교차로 - 교차로안,승용,남,25세,경상,승용,남,67세,경상
노인사고,2021091700100131,2021년 9월 17일 09시,금요일,부산광역시 기장군 장안읍,중상사고,0,1,0,0,차대사람 - 보도통행중,안전운전불이행,젖음/습기,비,교차로 - 교차로부근,승용,여,39세,상해없음,보행자,여,85세,중상
노인사고,2021091700100169,2021년 9월 17일 10시,금요일,부산광역시 사하구 다대동,중상사고,0,1,0,0,차대사람 - 횡단중,보행자보호의무위반,젖음/습기,비,단일로 - 기타,승용,여,36세,상해없음,보행자,여,86세,중상
노인사고,2021091700100208,2021년 9월 17일 11시,금요일,부산광역시 영도구 봉래동3가,중상사고,0,1,0,0,차대사람 - 횡단중,안전운전불이행,건조,맑음,교차로 - 교차로안,승용,여,63세,상해없음,보행자,여,77세,중상
노인사고,2021091700100321,2021년 9월 17일 13시,금요일,부산광역시 수영구 광안동,경상사고,0,0,1,0,차대차 - 기타,안전운전불이행,건조,맑음,단일로 - 기타,승용,남,65세,상해없음,승합,남,62세,상해없음
노인사고,2021091700100361,2021년 9월 17일 14시,금요일,부산광역시 수영구 광안동,중상사고,0,1,0,0,차대사람 - 길가장자리구역통행중,기타,젖음/습기,비,교차로 - 교차로안,승용,남,71세,상해없음,보행자,여,70세,중상
노인사고,2.02109E+15,2021년 9월 17일 16시,금요일,부산광역시 수영구 광안동,부상신고사고,0,0,0,1,차대차 - 기타,안전운전불이행,건조,맑음,교차로 - 교차로안,자전거,남,76세,부상신고,승합,남,52세,상해없음
노인사고,2.02109E+15,2021년 9월 18일 10시,토요일,부산광역시 부산진구 당감동,부상신고사고,0,0,0,1,차대차 - 측면충돌,안전거리미확보,건조,맑음,기타 - 기타,승용,남,74세,부상신고,화물,남,48세,상해없음
노인사고,2021091800100131,2021년 9월 18일 10시,토요일,부산광역시 금정구 남산동,중상사고,0,1,0,0,차대사람 - 횡단중,안전운전불이행,건조,맑음,단일로 - 기타,승용,남,48세,상해없음,보행자,여,81세,중상
노인사고,2021091800100191,2021년 9월 18일 11시,토요일,부산광역시 사하구 하단동,중상사고,0,1,0,0,차량단독 - 기타,기타,건조,맑음,단일로 - 기타,승합,남,52세,상해없음,,,,
노인사고,2021091800100236,2021년 9월 18일 12시,토요일,부산광역시 남구 문현동,중상사고,0,1,0,0,차대사람 - 기타,안전운전불이행,건조,맑음,기타 - 기타,승합,남,51세,상해없음,보행자,여,73세,중상
노인사고,2021091800100292,2021년 9월 18일 13시,토요일,부산광역시 남구 대연동,경상사고,0,0,2,0,차대차 - 측면충돌,안전운전불이행,건조,맑음,단일로 - 기타,승용,남,66세,경상,승용,남,53세,경상
노인사고,2021091800100294,2021년 9월 18일 13시,토요일,부산광역시 사하구 신평동,경상사고,0,0,1,0,차대차 - 측면충돌,안전거리미확보,건조,맑음,단일로 - 기타,승용,남,52세,상해없음,승용,남,67세,경상
노인사고,2021091800100339,2021년 9월 18일 14시,토요일,부산광역시 금정구 장전동,중상사고,0,1,0,0,차대사람 - 횡단중,안전운전불이행,건조,맑음,교차로 - 교차로부근,승용,남,36세,상해없음,보행자,여,81세,중상
노인사고,2021091800100461,2021년 9월 18일 17시,토요일,부산광역시 해운대구 반여동,경상사고,0,0,1,0,차대사람 - 횡단중,기타,건조,맑음,교차로 - 교차로안,이륜,남,22세,상해없음,보행자,여,69세,경상
노인사고,2021091800100463,2021년 9월 18일 17시,토요일,부산광역시 강서구 대저1동,중상사고,0,1,4,0,차대차 - 추돌,안전운전불이행,건조,맑음,단일로 - 기타,승용,남,36세,상해없음,승용,남,65세,경상
노인사고,2021091800100587,2021년 9월 18일 20시,토요일,부산광역시 서구 충무동1가,중상사고,0,1,0,0,차대차 - 측면충돌,안전운전불이행,건조,맑음,단일로 - 기타,화물,남,67세,상해없음,기타불명,여,72세,중상
노인사고,2021091900100015,2021년 9월 19일 02시,일요일,부산광역시 부산진구 양정동,경상사고,0,0,2,0,차대차 - 후진중충돌,안전운전불이행,건조,맑음,단일로 - 기타,승용,남,24세,상해없음,승용,남,69세,경상
노인사고,2021091900100372,2021년 9월 19일 19시,일요일,부산광역시 해운대구 송정동,중상사고,0,1,0,0,차대사람 - 기타,안전운전불이행,건조,맑음,기타 - 기타,승용,남,27세,상해없음,보행자,여,69세,중상
노인사고,2021091900100373,2021년 9월 19일 19시,일요일,부산광역시 강서구 강동동,중상사고,0,1,0,0,차대차 - 기타,안전운전불이행,건조,맑음,단일로 - 기타,승용,남,63세,기타불명,승용,남,71세,중상
노인사고,2.02109E+15,2021년 9월 20일 07시,월요일,부산광역시 사상구 엄궁동,중상사고,0,1,0,0,차대사람 - 차도통행중,안전운전불이행,건조,맑음,단일로 - 기타,승용,남,56세,상해없음,보행자,여,73세,중상
노인사고,2021092000100338,2021년 9월 20일 18시,월요일,부산광역시 사상구 주례동,중상사고,0,1,0,0,차대사람 - 차도통행중,안전운전불이행,건조,맑음,단일로 - 지하차도(도로)내,승용,남,46세,상해없음,보행자,남,67세,중상
노인사고,2.02109E+15,2021년 9월 21일 08시,화요일,부산광역시 사하구 괴정동,경상사고,0,0,2,0,차대차 - 기타,안전거리미확보,건조,맑음,교차로 - 교차로안,승용,남,73세,상해없음,승합,남,53세,경상
노인사고,2021092100100137,2021년 9월 21일 14시,화요일,부산광역시 서구 남부민동,중상사고,0,1,0,0,차량단독 - 기타,안전운전불이행,젖음/습기,비,단일로 - 기타,승합,남,38세,상해없음,,,,
노인사고,2021092100100228,2021년 9월 21일 17시,화요일,부산광역시 서구 충무동1가,경상사고,0,0,1,2,차대차 - 측면충돌,차로위반,건조,맑음,교차로 - 교차로횡단보도내,승용,남,47세,상해없음,승용,남,35세,경상
노인사고,2.02109E+15,2021년 9월 22일 10시,수요일,부산광역시 강서구 신호동,중상사고,0,1,0,0,차대사람 - 횡단중,보행자보호의무위반,건조,맑음,단일로 - 기타,이륜,남,33세,상해없음,보행자,여,81세,중상
노인사고,2021092200100104,2021년 9월 22일 12시,수요일,부산광역시 강서구 천성동,경상사고,0,0,1,0,차대차 - 기타,안전운전불이행,건조,맑음,단일로 - 기타,승용,남,55세,상해없음,승용,남,57세,상해없음
노인사고,2021092200100345,2021년 9월 22일 20시,수요일,부산광역시 북구 화명동,경상사고,0,0,4,0,차대차 - 기타,신호위반,건조,맑음,교차로 - 교차로안,이륜,남,21세,경상,승용,남,67세,경상
노인사고,2021092200100346,2021년 9월 22일 20시,수요일,부산광역시 부산진구 전포동,경상사고,0,0,2,0,차대차 - 측면충돌,안전거리미확보,건조,맑음,단일로 - 기타,승용,남,66세,경상,승용,남,30세,경상
노인사고,2021092300100017,2021년 9월 23일 04시,목요일,부산광역시 부산진구 가야동,경상사고,0,0,1,0,차대사람 - 횡단중,안전운전불이행,건조,맑음,교차로 - 교차로안,승용,여,31세,상해없음,보행자,남,90세,경상
노인사고,2021092300100065,2021년 9월 23일 08시,목요일,부산광역시 중구 중앙동6가,경상사고,0,0,1,0,차대차 - 측면충돌,안전거리미확보,건조,맑음,교차로 - 교차로부근,승용,남,57세,상해없음,승용,남,71세,경상
노인사고,2021092300100101,2021년 9월 23일 09시,목요일,부산광역시 사상구 덕포동,경상사고,0,0,1,0,차대차 - 추돌,안전운전불이행,건조,맑음,단일로 - 기타,이륜,남,67세,경상,승합,남,56세,상해없음
노인사고,2021092300100325,2021년 9월 23일 15시,목요일,부산광역시 영도구 봉래동1가,경상사고,0,0,1,0,차대사람 - 횡단중,보행자보호의무위반,건조,맑음,단일로 - 기타,건설기계,남,57세,상해없음,보행자,남,69세,경상
노인사고,2021092300100358,2021년 9월 23일 16시,목요일,부산광역시 북구 구포동,경상사고,0,0,4,0,차대차 - 기타,안전거리미확보,건조,맑음,단일로 - 기타,승용,남,69세,경상,승용,남,36세,경상
노인사고,2021092300100402,2021년 9월 23일 17시,목요일,부산광역시 동구 범일동,중상사고,0,1,1,0,차대차 - 측면충돌,신호위반,건조,맑음,교차로 - 교차로안,승용,남,70세,경상,이륜,남,49세,중상
노인사고,2021092300100601,2021년 9월 23일 23시,목요일,부산광역시 중구 남포동1가,부상신고사고,0,0,0,1,차대사람 - 기타,안전운전불이행,건조,맑음,단일로 - 기타,기타불명,기타불명,미분류,기타불명,보행자,남,76세,부상신고
노인사고,2021092400100067,2021년 9월 24일 08시,금요일,부산광역시 강서구 녹산동,경상사고,0,0,2,0,차대차 - 측면충돌,안전거리미확보,건조,맑음,단일로 - 기타,화물,남,66세,경상,건설기계,남,55세,경상
노인사고,2021092400100261,2021년 9월 24일 14시,금요일,부산광역시 수영구 광안동,중상사고,0,1,0,0,차대사람 - 길가장자리구역통행중,안전운전불이행,건조,맑음,단일로 - 기타,승용,여,44세,상해없음,보행자,여,69세,중상
노인사고,2021092400100334,2021년 9월 24일 16시,금요일,부산광역시 수영구 광안동,중상사고,0,1,0,0,차대사람 - 길가장자리구역통행중,안전운전불이행,건조,맑음,단일로 - 기타,자전거,남,39세,상해없음,보행자,여,65세,중상
노인사고,2.02109E+15,2021년 9월 24일 21시,금요일,부산광역시 해운대구 석대동,사망사고,1,0,0,0,차대사람 - 차도통행중,안전운전불이행,젖음/습기,맑음,단일로 - 기타,승용,남,66세,상해없음,보행자,여,68세,사망
노인사고,2021092500100084,2021년 9월 25일 10시,토요일,부산광역시 사상구 감전동,중상사고,0,1,0,0,차대사람 - 차도통행중,안전운전불이행,건조,맑음,단일로 - 기타,자전거,여,59세,상해없음,보행자,여,78세,중상
노인사고,2021092500100109,2021년 9월 25일 11시,토요일,부산광역시 사상구 학장동,경상사고,0,0,1,0,차대차 - 측면충돌,차로위반,건조,맑음,교차로 - 교차로부근,승용,남,39세,상해없음,승용,남,73세,경상
노인사고,2021092500100146,2021년 9월 25일 12시,토요일,부산광역시 수영구 광안동,중상사고,0,1,0,0,차대사람 - 기타,보행자보호의무위반,건조,맑음,교차로 - 교차로안,화물,남,47세,상해없음,보행자,여,75세,중상
노인사고,2021092500100198,2021년 9월 25일 14시,토요일,부산광역시 강서구 강동동,경상사고,0,0,1,0,차대사람 - 기타,안전운전불이행,건조,맑음,단일로 - 기타,승용,여,59세,상해없음,보행자,여,66세,경상
노인사고,2021092500100267,2021년 9월 25일 16시,토요일,부산광역시 동래구 안락동,중상사고,0,1,0,0,차대사람 - 횡단중,보행자보호의무위반,건조,맑음,단일로 - 기타,승용,남,43세,기타불명,보행자,여,75세,중상
노인사고,2021092500100298,2021년 9월 25일 17시,토요일,부산광역시 사하구 괴정동,중상사고,0,1,0,0,차대차 - 기타,안전운전불이행,건조,맑음,교차로 - 교차로안,승용,여,48세,상해없음,승합,남,78세,중상
노인사고,2.02109E+15,2021년 9월 25일 18시,토요일,부산광역시 서구 서대신동3가,중상사고,0,1,0,0,차대사람 - 횡단중,보행자보호의무위반,건조,맑음,교차로 - 교차로안,승용,여,34세,상해없음,보행자,여,67세,중상
노인사고,2.02109E+15,2021년 9월 25일 20시,토요일,부산광역시 부산진구 전포동,경상사고,0,0,6,0,차대차 - 측면충돌,안전거리미확보,건조,맑음,단일로 - 기타,승용,남,70세,경상,승용,남,39세,경상
노인사고,2021092600100024,2021년 9월 26일 04시,일요일,부산광역시 사상구 괘법동,경상사고,0,0,2,0,차대사람 - 기타,안전운전불이행,건조,맑음,단일로 - 기타,이륜,남,22세,상해없음,보행자,여,66세,경상
노인사고,2.02109E+15,2021년 9월 26일 05시,일요일,부산광역시 해운대구 우동,경상사고,0,0,1,0,차대사람 - 횡단중,안전운전불이행,건조,맑음,단일로 - 기타,승용,남,20세,상해없음,보행자,여,69세,경상
노인사고,2021092600100057,2021년 9월 26일 09시,일요일,부산광역시 사상구 엄궁동,중상사고,0,1,0,0,차대차 - 기타,안전운전불이행,건조,맑음,기타 - 기타,기타불명,기타불명,미분류,기타불명,자전거,남,70세,중상
노인사고,2021092600100091,2021년 9월 26일 11시,일요일,부산광역시 사하구 하단동,중상사고,0,1,0,0,차대차 - 기타,교차로운행방법위반,건조,맑음,교차로 - 교차로안,승용,여,42세,상해없음,자전거,남,71세,중상
노인사고,2.02109E+15,2021년 9월 27일 05시,월요일,부산광역시 해운대구 좌동,경상사고,0,0,1,0,차대사람 - 횡단중,신호위반,건조,흐림,교차로 - 교차로횡단보도내,승용,남,31세,상해없음,보행자,남,72세,경상
노인사고,2.02109E+15,2021년 9월 27일 08시,월요일,부산광역시 남구 대연동,경상사고,0,0,2,0,차대차 - 측면충돌,안전운전불이행,건조,맑음,단일로 - 기타,승용,여,45세,상해없음,승용,남,69세,경상
노인사고,2.02109E+15,2021년 9월 27일 10시,월요일,부산광역시 강서구 대저1동,중상사고,0,1,0,0,차대사람 - 기타,중앙선침범,건조,맑음,단일로 - 기타,화물,남,60세,상해없음,보행자,여,87세,중상
노인사고,2021092700100163,2021년 9월 27일 11시,월요일,부산광역시 영도구 봉래동3가,중상사고,0,1,0,0,차대사람 - 기타,안전운전불이행,건조,맑음,단일로 - 기타,승용,남,63세,상해없음,보행자,여,78세,중상
노인사고,2021092700100205,2021년 9월 27일 12시,월요일,부산광역시 부산진구 초읍동,경상사고,0,0,1,0,차대사람 - 횡단중,보행자보호의무위반,건조,맑음,단일로 - 기타,승용,여,37세,상해없음,보행자,여,72세,경상
노인사고,2021092700100333,2021년 9월 27일 16시,월요일,부산광역시 영도구 영선동2가,경상사고,0,0,5,0,차대차 - 측면충돌,중앙선침범,건조,맑음,단일로 - 기타,승용,여,35세,상해없음,승용,남,67세,경상
노인사고,2021092700100452,2021년 9월 27일 19시,월요일,부산광역시 연제구 연산동,중상사고,0,3,6,2,차대차 - 측면충돌,신호위반,건조,맑음,단일로 - 기타,승용,남,67세,부상신고,승합,남,46세,중상
노인사고,2021092800100004,2021년 9월 28일 00시,화요일,부산광역시 부산진구 당감동,경상사고,0,0,2,0,차대차 - 측면충돌,안전운전불이행,건조,맑음,교차로 - 교차로안,승용,여,51세,경상,승용,남,68세,경상
노인사고,2021092800100162,2021년 9월 28일 11시,화요일,부산광역시 부산진구 가야동,경상사고,0,0,1,0,차대차 - 측면충돌,신호위반,건조,맑음,교차로 - 교차로안,승합,남,56세,상해없음,승용,남,67세,경상
노인사고,2021092800100254,2021년 9월 28일 14시,화요일,부산광역시 사상구 엄궁동,사망사고,1,0,0,0,차대사람 - 기타,안전운전불이행,건조,맑음,교차로 - 교차로부근,승용,남,63세,상해없음,보행자,남,77세,사망
노인사고,2021092900100175,2021년 9월 29일 11시,수요일,부산광역시 동구 초량동,중상사고,0,1,1,0,차대사람 - 기타,기타,건조,맑음,기타 - 기타,승용,남,81세,상해없음,보행자,여,84세,중상
노인사고,2021092900100207,2021년 9월 29일 12시,수요일,부산광역시 중구 남포동4가,중상사고,0,1,0,0,차대사람 - 횡단중,안전운전불이행,건조,맑음,단일로 - 지하차도(도로)내,승용,여,33세,상해없음,보행자,여,71세,중상
노인사고,2021092900100275,2021년 9월 29일 14시,수요일,부산광역시 부산진구 초읍동,경상사고,0,0,1,0,차대차 - 추돌,안전운전불이행,건조,흐림,교차로 - 교차로안,승용,남,64세,상해없음,승용,남,73세,경상
노인사고,2021092900100303,2021년 9월 29일 15시,수요일,부산광역시 동구 범일동,경상사고,0,0,2,0,차대차 - 측면충돌,안전운전불이행,건조,맑음,기타 - 기타,승용,남,66세,경상,승용,여,28세,경상
노인사고,2021092900100487,2021년 9월 29일 19시,수요일,부산광역시 영도구 동삼동,경상사고,0,0,1,0,차대차 - 측면충돌,안전운전불이행,건조,맑음,교차로 - 교차로안,승용,남,64세,기타불명,승용,남,66세,경상
노인사고,2021093000100265,2021년 9월 30일 13시,목요일,부산광역시 동래구 명장동,중상사고,0,1,0,0,차대차 - 측면충돌,안전운전불이행,건조,맑음,단일로 - 기타,승용,남,64세,상해없음,이륜,남,70세,중상
노인사고,2021093000100267,2021년 9월 30일 13시,목요일,부산광역시 금정구 장전동,경상사고,0,0,1,0,차대사람 - 차도통행중,보행자보호의무위반,건조,맑음,단일로 - 기타,승용,남,30세,상해없음,보행자,남,83세,경상
노인사고,2.02109E+15,2021년 9월 30일 14시,목요일,부산광역시 부산진구 양정동,중상사고,0,1,4,0,차대차 - 측면충돌,안전운전불이행,건조,맑음,교차로 - 교차로안,승용,여,62세,상해없음,승용,남,65세,경상
노인사고,2021093000100302,2021년 9월 30일 14시,목요일,부산광역시 금정구 부곡동,중상사고,0,1,0,0,차대사람 - 횡단중,보행자보호의무위반,건조,맑음,교차로 - 교차로횡단보도내,승합,남,64세,상해없음,보행자,여,67세,중상
노인사고,2021093000100439,2021년 9월 30일 17시,목요일,부산광역시 영도구 청학동,경상사고,0,0,1,0,차대사람 - 횡단중,보행자보호의무위반,건조,맑음,단일로 - 기타,승용,남,52세,상해없음,보행자,남,76세,경상
노인사고,2.0211E+15,2021년 10월 1일 07시,금요일,부산광역시 연제구 연산동,중상사고,0,1,0,0,차대사람 - 기타,안전운전불이행,건조,맑음,단일로 - 기타,승용,여,37세,상해없음,보행자,남,66세,중상
노인사고,2021100100100071,2021년 10월 1일 08시,금요일,부산광역시 동구 초량동,경상사고,0,0,3,0,차대차 - 기타,안전운전불이행,건조,맑음,단일로 - 기타,승용,남,72세,경상,승용,여,46세,경상
노인사고,2021100100100152,2021년 10월 1일 10시,금요일,부산광역시 연제구 연산동,경상사고,0,0,1,0,차대사람 - 기타,안전운전불이행,건조,맑음,단일로 - 기타,승합,남,55세,상해없음,보행자,남,69세,경상
노인사고,2021100100100183,2021년 10월 1일 11시,금요일,부산광역시 동구 범일동,경상사고,0,0,1,0,차대차 - 측면충돌,안전거리미확보,건조,맑음,단일로 - 기타,화물,남,59세,상해없음,승용,남,66세,경상
노인사고,2.0211E+15,2021년 10월 1일 15시,금요일,부산광역시 부산진구 부전동,경상사고,0,0,2,0,차대차 - 측면충돌,신호위반,건조,맑음,교차로 - 교차로부근,이륜,남,74세,경상,승용,남,40세,경상
노인사고,2021100100100443,2021년 10월 1일 17시,금요일,부산광역시 동구 수정동,중상사고,0,1,0,0,차대차 - 측면충돌,안전운전불이행,건조,맑음,교차로 - 교차로안,자전거,남,67세,중상,승용,남,45세,상해없음
노인사고,2021100100100481,2021년 10월 1일 18시,금요일,부산광역시 수영구 광안동,중상사고,0,1,0,0,차대사람 - 횡단중,보행자보호의무위반,건조,맑음,교차로 - 교차로안,승용,남,58세,상해없음,보행자,남,72세,중상
노인사고,2021100100100482,2021년 10월 1일 18시,금요일,부산광역시 금정구 부곡동,중상사고,0,1,0,0,차대사람 - 횡단중,안전운전불이행,건조,맑음,단일로 - 기타,승용,남,41세,상해없음,보행자,남,67세,중상