사고부문,사고번호,사고일시,요일,시군구,사고내용,사망자수,중상자수,경상자수,부상신고자수,사고유형,법규위반,노면상태,기상상태,도로형태,가해운전자 차종,가해운전자 성별,가해운전자 연령,가해운전자 상해정도,피해운전자 차종,피해운전자 성별,피해운전자 연령,피해운전자 상해정도
노인사고,2021100100100558,2021년 10월 1일 19시,금요일,부산광역시 강서구 강동동,경상사고,0,0,11,0,차대차 - 기타,안전운전불이행,건조,맑음,단일로 - 기타,특수,남,51세,상해없음,승용,여,51세,경상
노인사고,2021100100100614,2021년 10월 1일 21시,금요일,부산광역시 강서구 대저1동,부상신고사고,0,0,0,1,차량단독 - 전도전복 - 전도,안전운전불이행,건조,맑음,단일로 - 기타,이륜,남,72세,부상신고,,,,
노인사고,2021100100100657,2021년 10월 1일 22시,금요일,부산광역시 부산진구 양정동,경상사고,0,0,3,0,차대차 - 추돌,안전운전불이행,건조,맑음,단일로 - 기타,승용,여,27세,상해없음,승용,남,45세,경상
노인사고,2021100200100088,2021년 10월 2일 09시,토요일,부산광역시 동래구 온천동,중상사고,0,1,1,0,차대차 - 기타,기타,건조,맑음,교차로 - 교차로안,승용,남,42세,상해없음,승용,남,66세,경상
노인사고,2021100200100159,2021년 10월 2일 11시,토요일,부산광역시 금정구 장전동,중상사고,0,1,0,0,차대사람 - 횡단중,보행자보호의무위반,건조,맑음,교차로 - 교차로횡단보도내,승용,여,60세,상해없음,보행자,여,74세,중상
노인사고,2021100200100204,2021년 10월 2일 12시,토요일,부산광역시 금정구 남산동,경상사고,0,0,3,1,차대차 - 기타,교차로운행방법위반,건조,맑음,교차로 - 교차로안,승용,남,47세,부상신고,승용,여,68세,경상
노인사고,2021100200100205,2021년 10월 2일 12시,토요일,부산광역시 사하구 하단동,중상사고,0,1,0,0,차량단독 - 기타,기타,건조,맑음,단일로 - 기타,승합,남,59세,상해없음,,,,
노인사고,2021100200100248,2021년 10월 2일 13시,토요일,부산광역시 서구 암남동,중상사고,0,1,0,0,차대차 - 측면충돌,신호위반,건조,맑음,단일로 - 기타,이륜,남,19세,상해없음,이륜,남,77세,중상
노인사고,2021100200100249,2021년 10월 2일 13시,토요일,부산광역시 영도구 영선동2가,경상사고,0,0,1,0,차대사람 - 기타,안전운전불이행,건조,맑음,단일로 - 기타,승용,남,43세,상해없음,보행자,여,65세,경상
노인사고,2021100200100318,2021년 10월 2일 15시,토요일,부산광역시 영도구 남항동3가,경상사고,0,0,2,0,차대차 - 정면충돌,안전운전불이행,건조,맑음,단일로 - 기타,자전거,남,13세,기타불명,승용,남,49세,경상
노인사고,2021100200100319,2021년 10월 2일 15시,토요일,부산광역시 사상구 주례동,중상사고,0,1,0,0,차대차 - 측면충돌,기타,건조,맑음,교차로 - 교차로안,승용,남,72세,상해없음,자전거,남,84세,중상
노인사고,2021100200100413,2021년 10월 2일 17시,토요일,부산광역시 금정구 노포동,중상사고,0,1,0,0,차대사람 - 횡단중,안전운전불이행,건조,맑음,단일로 - 기타,승용,남,50세,상해없음,보행자,남,78세,중상
노인사고,2021100200100502,2021년 10월 2일 19시,토요일,부산광역시 해운대구 재송동,중상사고,0,1,0,0,차대사람 - 기타,안전운전불이행,건조,맑음,단일로 - 기타,승용,남,32세,상해없음,보행자,남,66세,중상
노인사고,2021100200100505,2021년 10월 2일 19시,토요일,부산광역시 사상구 감전동,경상사고,0,0,1,0,차대사람 - 기타,안전운전불이행,건조,맑음,교차로 - 교차로부근,승용,남,80세,상해없음,보행자,남,66세,경상
노인사고,2021100300100024,2021년 10월 3일 03시,일요일,부산광역시 해운대구 중동,경상사고,0,0,1,0,차대차 - 측면충돌,안전운전불이행,건조,맑음,교차로 - 교차로안,승용,남,22세,상해없음,승용,남,67세,경상
노인사고,2021100300100148,2021년 10월 3일 12시,일요일,부산광역시 사상구 감전동,중상사고,0,1,0,0,차대차 - 측면충돌,안전운전불이행,건조,맑음,단일로 - 기타,화물,남,63세,상해없음,자전거,여,70세,중상
노인사고,2021100300100257,2021년 10월 3일 15시,일요일,부산광역시 사하구 괴정동,중상사고,0,1,0,1,차대사람 - 기타,안전운전불이행,건조,맑음,단일로 - 기타,자전거,남,64세,부상신고,보행자,여,78세,중상
노인사고,2021100300100355,2021년 10월 3일 18시,일요일,부산광역시 강서구 명지동,경상사고,0,0,1,0,차대차 - 정면충돌,중앙선침범,건조,맑음,단일로 - 기타,승용,남,59세,상해없음,승용,남,66세,경상
노인사고,2021100300100395,2021년 10월 3일 19시,일요일,부산광역시 해운대구 중동,경상사고,0,0,2,1,차대차 - 추돌,안전운전불이행,건조,맑음,단일로 - 기타,승용,남,24세,상해없음,승용,여,73세,부상신고
노인사고,2021100300100396,2021년 10월 3일 19시,일요일,부산광역시 금정구 서동,중상사고,0,3,3,0,차대차 - 기타,교차로운행방법위반,건조,맑음,교차로 - 교차로안,승용,남,66세,상해없음,승용,여,45세,중상
노인사고,2021100300100437,2021년 10월 3일 20시,일요일,부산광역시 동래구 온천동,경상사고,0,0,1,0,차대차 - 기타,중앙선침범,건조,맑음,교차로 - 교차로안,이륜,남,66세,경상,승용,남,40세,상해없음
노인사고,2021100400100069,2021년 10월 4일 09시,월요일,부산광역시 북구 구포동,경상사고,0,0,1,0,차대차 - 추돌,안전운전불이행,건조,맑음,교차로 - 교차로부근,이륜,남,20세,상해없음,승용,남,66세,경상
노인사고,2.0211E+15,2021년 10월 4일 09시,월요일,부산광역시 사하구 감천동,중상사고,0,1,0,0,차대사람 - 길가장자리구역통행중,안전운전불이행,건조,맑음,기타 - 기타,승용,남,47세,상해없음,보행자,여,72세,중상
노인사고,2021100400100098,2021년 10월 4일 10시,월요일,부산광역시 중구 남포동4가,경상사고,0,0,1,0,차대사람 - 기타,안전운전불이행,건조,맑음,단일로 - 기타,승용,여,55세,상해없음,보행자,여,80세,경상
노인사고,2021100400100201,2021년 10월 4일 14시,월요일,부산광역시 부산진구 개금동,중상사고,0,1,0,0,차대사람 - 횡단중,안전운전불이행,건조,맑음,단일로 - 기타,원동기,남,42세,상해없음,보행자,여,76세,중상
노인사고,2021100400100202,2021년 10월 4일 14시,월요일,부산광역시 부산진구 개금동,경상사고,0,0,1,0,차대차 - 측면충돌,직진우회전진행방해,건조,맑음,교차로 - 교차로안,화물,남,57세,상해없음,승용,남,66세,경상
노인사고,2021100400100267,2021년 10월 4일 16시,월요일,부산광역시 수영구 광안동,중상사고,0,1,0,0,차대사람 - 기타,안전운전불이행,건조,맑음,기타 - 기타,승합,남,33세,상해없음,보행자,여,69세,중상
노인사고,2021100400100341,2021년 10월 4일 18시,월요일,부산광역시 연제구 거제동,경상사고,0,0,1,0,차대차 - 측면충돌,안전운전불이행,건조,맑음,교차로 - 교차로안,승용,여,60세,기타불명,승용,남,67세,경상
노인사고,2021100400100451,2021년 10월 4일 21시,월요일,부산광역시 남구 용당동,경상사고,0,0,2,0,차대차 - 기타,신호위반,건조,맑음,교차로 - 교차로안,승용,남,65세,상해없음,승용,남,75세,경상
노인사고,2021100500100067,2021년 10월 5일 08시,화요일,부산광역시 부산진구 당감동,경상사고,0,0,2,0,차대차 - 측면충돌,안전운전불이행,건조,맑음,단일로 - 기타,건설기계,남,64세,상해없음,승용,여,57세,경상
노인사고,2021100500100221,2021년 10월 5일 12시,화요일,부산광역시 부산진구 부전동,경상사고,0,0,1,0,차대사람 - 차도통행중,안전운전불이행,건조,맑음,단일로 - 기타,승용,여,53세,상해없음,보행자,남,79세,경상
노인사고,2021100500100259,2021년 10월 5일 13시,화요일,부산광역시 해운대구 중동,경상사고,0,0,1,0,차대차 - 정면충돌,안전운전불이행,건조,맑음,단일로 - 기타,이륜,남,43세,상해없음,승용,남,79세,경상
노인사고,2.0211E+15,2021년 10월 5일 13시,화요일,부산광역시 금정구 부곡동,중상사고,0,1,0,0,차대사람 - 횡단중,안전운전불이행,건조,맑음,교차로 - 교차로안,승용,남,42세,상해없음,보행자,여,71세,중상
노인사고,2021100500100295,2021년 10월 5일 14시,화요일,부산광역시 동래구 안락동,경상사고,0,0,1,0,차대차 - 추돌,안전운전불이행,건조,맑음,단일로 - 기타,승용,남,71세,상해없음,승용,남,69세,경상
노인사고,2.0211E+15,2021년 10월 5일 16시,화요일,부산광역시 연제구 연산동,중상사고,0,1,0,0,차대차 - 측면충돌,안전운전불이행,건조,맑음,단일로 - 기타,승용,남,68세,상해없음,이륜,남,68세,중상
노인사고,2021100500100574,2021년 10월 5일 20시,화요일,부산광역시 부산진구 범천동,경상사고,0,0,1,0,차대차 - 측면충돌,안전운전불이행,건조,맑음,단일로 - 기타,승용,남,23세,상해없음,승용,남,66세,경상
노인사고,2021100600100032,2021년 10월 6일 06시,수요일,부산광역시 동구 초량동,중상사고,0,1,0,0,차량단독 - 기타,안전운전불이행,건조,맑음,단일로 - 기타,승합,남,54세,상해없음,,,,
노인사고,2021100600100033,2021년 10월 6일 06시,수요일,부산광역시 남구 우암동,중상사고,0,1,0,0,차대사람 - 차도통행중,안전운전불이행,건조,맑음,단일로 - 기타,승용,남,67세,상해없음,보행자,여,70세,중상
노인사고,2021100600100215,2021년 10월 6일 12시,수요일,부산광역시 부산진구 개금동,경상사고,0,0,3,0,차대차 - 추돌,안전운전불이행,건조,맑음,교차로 - 교차로부근,승용,남,53세,상해없음,승용,여,48세,경상
노인사고,2021100600100281,2021년 10월 6일 14시,수요일,부산광역시 사상구 주례동,중상사고,0,1,0,0,차대사람 - 횡단중,안전운전불이행,건조,맑음,교차로 - 교차로횡단보도내,승용,남,52세,기타불명,보행자,여,77세,중상
노인사고,2021100600100312,2021년 10월 6일 15시,수요일,부산광역시 사상구 괘법동,중상사고,0,1,0,0,차대사람 - 차도통행중,안전운전불이행,건조,맑음,교차로 - 교차로부근,승용,남,45세,기타불명,보행자,여,79세,중상
노인사고,2021100600100397,2021년 10월 6일 17시,수요일,부산광역시 영도구 남항동2가,중상사고,0,1,0,0,차대사람 - 보도통행중,안전운전불이행,건조,맑음,단일로 - 기타,승용,남,44세,상해없음,보행자,여,69세,중상
노인사고,2021100700100019,2021년 10월 7일 05시,목요일,부산광역시 사상구 학장동,부상신고사고,0,0,0,1,차대차 - 기타,신호위반,건조,맑음,단일로 - 기타,자전거,남,69세,부상신고,이륜,남,73세,상해없음
노인사고,2021100700100182,2021년 10월 7일 11시,목요일,부산광역시 동구 초량동,중상사고,0,1,0,0,차대사람 - 기타,기타,건조,맑음,기타 - 기타,화물,남,54세,상해없음,보행자,여,72세,중상
노인사고,2021100700100216,2021년 10월 7일 12시,목요일,부산광역시 부산진구 부전동,경상사고,0,0,1,0,차대차 - 기타,직진우회전진행방해,건조,기타,교차로 - 교차로안,화물,남,63세,상해없음,이륜,남,69세,경상
노인사고,2021100700100248,2021년 10월 7일 13시,목요일,부산광역시 사상구 모라동,경상사고,0,0,1,0,차대사람 - 횡단중,보행자보호의무위반,건조,맑음,교차로 - 교차로부근,화물,남,35세,상해없음,보행자,남,67세,경상
노인사고,2021100700100285,2021년 10월 7일 14시,목요일,부산광역시 수영구 수영동,경상사고,0,0,1,0,차량단독 - 기타,안전운전불이행,건조,맑음,단일로 - 기타,승합,남,51세,상해없음,,,,
노인사고,2021100700100315,2021년 10월 7일 15시,목요일,부산광역시 수영구 남천동,경상사고,0,0,1,0,차대차 - 기타,안전운전불이행,건조,맑음,단일로 - 기타,승용,여,63세,기타불명,승용,여,68세,경상
노인사고,2021100800100071,2021년 10월 8일 08시,금요일,부산광역시 남구 우암동,경상사고,0,0,1,0,차대사람 - 기타,안전운전불이행,건조,맑음,단일로 - 기타,화물,남,53세,상해없음,보행자,여,81세,경상
노인사고,2021100800100215,2021년 10월 8일 12시,금요일,부산광역시 수영구 광안동,사망사고,1,0,0,0,차대사람 - 차도통행중,기타,건조,맑음,단일로 - 기타,승용,여,31세,상해없음,보행자,남,71세,사망
노인사고,2021100800100297,2021년 10월 8일 14시,금요일,부산광역시 부산진구 개금동,중상사고,0,1,3,0,차대차 - 추돌,신호위반,건조,기타,단일로 - 기타,화물,남,74세,기타불명,승용,여,44세,경상
노인사고,2021100800100543,2021년 10월 8일 19시,금요일,부산광역시 부산진구 전포동,경상사고,0,0,1,0,차대차 - 추돌,안전운전불이행,건조,맑음,기타 - 기타,승용,남,18세,상해없음,승용,남,66세,경상
노인사고,2021100900100105,2021년 10월 9일 11시,토요일,부산광역시 부산진구 범천동,경상사고,0,0,1,0,차대사람 - 기타,안전운전불이행,젖음/습기,비,단일로 - 기타,화물,남,52세,상해없음,보행자,남,81세,경상
노인사고,2021100900100252,2021년 10월 9일 15시,토요일,부산광역시 영도구 신선동2가,중상사고,0,1,0,0,차대사람 - 횡단중,안전운전불이행,건조,맑음,교차로 - 교차로안,승용,남,64세,상해없음,보행자,여,69세,중상
노인사고,2021100900100253,2021년 10월 9일 15시,토요일,부산광역시 사하구 괴정동,경상사고,0,0,1,0,차대사람 - 기타,안전운전불이행,건조,맑음,단일로 - 기타,승용,여,66세,상해없음,보행자,남,68세,경상
노인사고,2021100900100281,2021년 10월 9일 16시,토요일,부산광역시 해운대구 재송동,중상사고,0,1,0,0,차대차 - 기타,안전거리미확보,건조,맑음,단일로 - 기타,승용,남,64세,상해없음,승용,남,25세,상해없음
노인사고,2021100900100472,2021년 10월 9일 20시,토요일,부산광역시 사하구 괴정동,중상사고,0,1,0,0,차대사람 - 횡단중,안전운전불이행,건조,맑음,단일로 - 기타,이륜,남,60세,상해없음,보행자,여,72세,중상
노인사고,2021100900100565,2021년 10월 9일 23시,토요일,부산광역시 해운대구 송정동,경상사고,0,0,3,0,차대차 - 측면충돌,중앙선침범,건조,맑음,단일로 - 기타,승용,남,21세,상해없음,승용,남,45세,경상
노인사고,2021101000100018,2021년 10월 10일 01시,일요일,부산광역시 수영구 광안동,중상사고,0,1,2,0,차대차 - 측면충돌,기타,건조,맑음,교차로 - 교차로안,승용,남,22세,상해없음,승용,남,51세,중상
노인사고,2021101000100103,2021년 10월 10일 11시,일요일,부산광역시 남구 우암동,경상사고,0,0,2,0,차대차 - 추돌,안전거리미확보,젖음/습기,비,단일로 - 기타,화물,남,29세,기타불명,화물,남,70세,경상
노인사고,2021101000100106,2021년 10월 10일 11시,일요일,부산광역시 사상구 모라동,경상사고,0,0,1,0,차대차 - 정면충돌,안전운전불이행,건조,맑음,교차로 - 교차로안,승용,남,40세,상해없음,이륜,남,71세,상해없음
노인사고,2021101000100107,2021년 10월 10일 11시,일요일,부산광역시 기장군 기장읍,경상사고,0,0,2,2,차대차 - 기타,안전운전불이행,건조,맑음,단일로 - 기타,승용,여,61세,상해없음,화물,남,62세,경상
노인사고,2021101000100133,2021년 10월 10일 12시,일요일,부산광역시 동구 범일동,경상사고,0,0,2,0,차대차 - 추돌,안전거리미확보,건조,맑음,단일로 - 기타,승용,여,33세,상해없음,승용,남,48세,상해없음
노인사고,2021101000100166,2021년 10월 10일 13시,일요일,부산광역시 부산진구 부전동,중상사고,0,1,0,0,차대차 - 기타,신호위반,건조,맑음,교차로 - 교차로안,이륜,남,79세,기타불명,승용,남,40세,상해없음
노인사고,2021101000100271,2021년 10월 10일 16시,일요일,부산광역시 사상구 주례동,중상사고,0,1,0,0,차대사람 - 횡단중,보행자보호의무위반,건조,맑음,단일로 - 기타,승용,여,69세,상해없음,보행자,여,67세,중상
노인사고,2021101000100345,2021년 10월 10일 18시,일요일,부산광역시 부산진구 범천동,중상사고,0,1,0,0,차대차 - 정면충돌,신호위반,건조,맑음,교차로 - 교차로안,승용,남,65세,상해없음,이륜,남,66세,중상
노인사고,2021101100100153,2021년 10월 11일 12시,월요일,부산광역시 금정구 서동,경상사고,0,0,1,0,차대사람 - 기타,안전운전불이행,건조,맑음,교차로 - 교차로안,승용,남,61세,상해없음,보행자,여,80세,경상
노인사고,2021101100100322,2021년 10월 11일 17시,월요일,부산광역시 북구 금곡동,중상사고,0,1,0,0,차대사람 - 기타,보행자보호의무위반,젖음/습기,비,교차로 - 교차로부근,화물,남,60세,상해없음,보행자,여,75세,중상
노인사고,2021101100100324,2021년 10월 11일 17시,월요일,부산광역시 강서구 죽동동,부상신고사고,0,0,0,1,차대차 - 추돌,안전운전불이행,젖음/습기,맑음,교차로 - 교차로안,승용,남,24세,상해없음,승용,남,76세,상해없음
노인사고,2021101100100515,2021년 10월 11일 22시,월요일,부산광역시 강서구 명지동,경상사고,0,0,3,1,차대차 - 추돌,안전거리미확보,건조,맑음,단일로 - 기타,승용,남,25세,상해없음,승용,남,68세,경상
노인사고,2021101200100121,2021년 10월 12일 09시,화요일,부산광역시 동래구 온천동,경상사고,0,0,2,0,차대차 - 기타,안전운전불이행,건조,맑음,교차로 - 교차로안,건설기계,남,66세,상해없음,승용,여,65세,경상
노인사고,2021101200100196,2021년 10월 12일 11시,화요일,부산광역시 강서구 대저1동,중상사고,0,1,0,0,차대차 - 기타,안전운전불이행,건조,맑음,교차로 - 교차로부근,자전거,여,72세,중상,승용,여,37세,상해없음
노인사고,2021101200100221,2021년 10월 12일 12시,화요일,부산광역시 금정구 두구동,중상사고,0,1,0,0,차대차 - 기타,직진우회전진행방해,건조,맑음,교차로 - 교차로안,승용,여,42세,기타불명,이륜,남,66세,중상
노인사고,2.0211E+15,2021년 10월 12일 14시,화요일,부산광역시 수영구 남천동,경상사고,0,0,1,0,차량단독 - 기타,안전운전불이행,건조,맑음,단일로 - 기타,승합,남,46세,상해없음,,,,
노인사고,2021101200100332,2021년 10월 12일 16시,화요일,부산광역시 남구 대연동,중상사고,0,1,0,0,차대사람 - 길가장자리구역통행중,안전운전불이행,건조,맑음,단일로 - 기타,승용,여,34세,상해없음,보행자,여,69세,중상
노인사고,2021101200100334,2021년 10월 12일 16시,화요일,부산광역시 금정구 장전동,중상사고,0,1,0,0,차대차 - 기타,안전운전불이행,건조,맑음,단일로 - 기타,승용,여,42세,상해없음,자전거,남,83세,중상
노인사고,2021101200100408,2021년 10월 12일 18시,화요일,부산광역시 동래구 수안동,부상신고사고,0,0,0,1,차대차 - 측면충돌,불법유턴,건조,맑음,교차로 - 교차로안,이륜,남,70세,부상신고,승용,남,39세,상해없음
노인사고,2021101200100409,2021년 10월 12일 18시,화요일,부산광역시 부산진구 부전동,중상사고,0,1,0,0,차대사람 - 기타,안전운전불이행,건조,맑음,교차로 - 교차로부근,화물,남,60세,상해없음,보행자,남,80세,중상
노인사고,2021101200100592,2021년 10월 12일 23시,화요일,부산광역시 부산진구 부전동,중상사고,0,1,1,0,차대차 - 측면충돌,안전운전불이행,건조,맑음,기타 - 기타,승용,남,39세,상해없음,승용,남,69세,경상
노인사고,2021101300100026,2021년 10월 13일 06시,수요일,부산광역시 서구 동대신동1가,중상사고,0,1,0,0,차대차 - 측면충돌,안전운전불이행,건조,맑음,교차로 - 교차로부근,이륜,남,69세,중상,건설기계,남,59세,상해없음
노인사고,2021101300100105,2021년 10월 13일 09시,수요일,부산광역시 서구 남부민동,경상사고,0,0,1,0,차대사람 - 횡단중,보행자보호의무위반,건조,맑음,단일로 - 기타,승용,남,34세,상해없음,보행자,남,69세,경상
노인사고,2021101300100237,2021년 10월 13일 13시,수요일,부산광역시 중구 남포동5가,중상사고,0,1,0,0,차대사람 - 횡단중,보행자보호의무위반,건조,맑음,교차로 - 교차로횡단보도내,승합,남,54세,상해없음,보행자,여,84세,중상
노인사고,2021101400100032,2021년 10월 14일 05시,목요일,부산광역시 북구 만덕동,경상사고,0,0,1,0,차대차 - 기타,교차로운행방법위반,건조,맑음,교차로 - 교차로부근,승용,남,58세,상해없음,승용,여,65세,경상
노인사고,2021101400100096,2021년 10월 14일 08시,목요일,부산광역시 금정구 장전동,경상사고,0,0,1,0,차대차 - 측면충돌,신호위반,건조,맑음,교차로 - 교차로안,승용,남,38세,상해없음,승용,남,70세,경상
노인사고,2021101400100142,2021년 10월 14일 09시,목요일,부산광역시 강서구 명지동,중상사고,0,1,1,0,차대차 - 측면충돌,안전운전불이행,건조,맑음,단일로 - 기타,승용,남,66세,경상,화물,남,63세,중상
노인사고,2021101400100212,2021년 10월 14일 11시,목요일,부산광역시 영도구 영선동1가,경상사고,0,0,2,0,차대차 - 기타,직진우회전진행방해,건조,맑음,교차로 - 교차로안,승용,여,51세,상해없음,승용,남,74세,상해없음
노인사고,2021101400100283,2021년 10월 14일 13시,목요일,부산광역시 동구 수정동,경상사고,0,0,1,0,차대사람 - 차도통행중,안전운전불이행,건조,맑음,단일로 - 기타,승용,여,58세,상해없음,보행자,남,66세,경상
노인사고,2021101400100361,2021년 10월 14일 15시,목요일,부산광역시 북구 구포동,경상사고,0,0,1,0,차대차 - 기타,안전운전불이행,건조,맑음,교차로 - 교차로안,화물,남,70세,상해없음,자전거,남,68세,경상
노인사고,2021101400100392,2021년 10월 14일 16시,목요일,부산광역시 사하구 다대동,중상사고,0,1,0,0,차대차 - 기타,안전운전불이행,건조,맑음,단일로 - 기타,승용,여,70세,상해없음,이륜,남,84세,중상
노인사고,2021101400100395,2021년 10월 14일 16시,목요일,부산광역시 사상구 주례동,경상사고,0,0,1,0,차대차 - 측면충돌,안전운전불이행,건조,맑음,단일로 - 지하차도(도로)내,승용,여,68세,경상,이륜,남,37세,상해없음
노인사고,2021101400100432,2021년 10월 14일 17시,목요일,부산광역시 연제구 연산동,경상사고,0,0,1,0,차대사람 - 횡단중,교차로운행방법위반,건조,맑음,교차로 - 교차로안,화물,남,58세,상해없음,보행자,여,67세,경상
노인사고,2021101400100434,2021년 10월 14일 17시,목요일,부산광역시 강서구 대저2동,경상사고,0,0,1,0,차대차 - 기타,안전운전불이행,건조,맑음,단일로 - 교량,특수,남,48세,상해없음,승용,남,68세,경상
노인사고,2021101500100011,2021년 10월 15일 03시,금요일,부산광역시 강서구 신호동,중상사고,0,1,0,0,차대차 - 측면충돌,신호위반,건조,맑음,단일로 - 기타,승용,남,71세,상해없음,자전거,남,78세,중상
노인사고,2021101500100068,2021년 10월 15일 08시,금요일,부산광역시 사상구 삼락동,경상사고,0,0,1,1,차대사람 - 횡단중,신호위반,건조,맑음,교차로 - 교차로부근,원동기,남,78세,부상신고,보행자,남,33세,경상
노인사고,2021101500100197,2021년 10월 15일 11시,금요일,부산광역시 부산진구 양정동,중상사고,0,1,0,0,차대사람 - 횡단중,중앙선침범,건조,맑음,기타 - 기타,승용,여,45세,상해없음,보행자,여,84세,중상
노인사고,2021101500100199,2021년 10월 15일 11시,금요일,부산광역시 연제구 거제동,중상사고,0,1,0,0,차대사람 - 횡단중,안전운전불이행,건조,맑음,교차로 - 교차로안,화물,남,45세,상해없음,보행자,여,89세,중상
노인사고,2.0211E+15,2021년 10월 15일 11시,금요일,부산광역시 사상구 주례동,경상사고,0,0,2,0,차대차 - 측면충돌,차로위반,건조,맑음,단일로 - 기타,승용,남,25세,상해없음,승용,남,72세,경상
노인사고,2.0211E+15,2021년 10월 15일 14시,금요일,부산광역시 금정구 서동,중상사고,0,1,0,0,차대사람 - 기타,안전운전불이행,건조,맑음,교차로 - 교차로안,화물,남,58세,상해없음,보행자,여,82세,중상
노인사고,2021101500100366,2021년 10월 15일 16시,금요일,부산광역시 동구 범일동,부상신고사고,0,0,0,1,차대차 - 기타,안전운전불이행,건조,맑음,단일로 - 기타,이륜,남,77세,부상신고,승용,여,52세,상해없음
노인사고,2021101500100405,2021년 10월 15일 17시,금요일,부산광역시 수영구 남천동,경상사고,0,0,1,0,차대차 - 기타,안전운전불이행,건조,맑음,단일로 - 기타,승용,여,60세,상해없음,승용,여,69세,경상
노인사고,2021101500100447,2021년 10월 15일 18시,금요일,부산광역시 부산진구 연지동,중상사고,0,1,0,0,차대사람 - 횡단중,안전운전불이행,건조,기타,교차로 - 교차로횡단보도내,승용,남,55세,상해없음,보행자,남,77세,중상
노인사고,2021101500100626,2021년 10월 15일 22시,금요일,부산광역시 기장군 기장읍,경상사고,0,0,1,0,차대차 - 추돌,안전운전불이행,건조,맑음,교차로 - 교차로부근,승용,남,41세,상해없음,승용,여,73세,경상
노인사고,2.0211E+15,2021년 10월 16일 05시,토요일,부산광역시 해운대구 우동,중상사고,0,1,0,0,차대사람 - 횡단중,안전운전불이행,젖음/습기,비,교차로 - 교차로안,승용,남,59세,상해없음,보행자,남,66세,중상
노인사고,2021101600100067,2021년 10월 16일 07시,토요일,부산광역시 사하구 장림동,중상사고,0,1,0,0,차대차 - 기타,기타,건조,맑음,교차로 - 교차로안,화물,남,25세,기타불명,승용,여,66세,중상
노인사고,2021101600100222,2021년 10월 16일 13시,토요일,부산광역시 동래구 명륜동,경상사고,0,0,1,0,차대사람 - 기타,안전운전불이행,건조,맑음,단일로 - 기타,승합,남,47세,상해없음,보행자,여,79세,경상
노인사고,2021101600100298,2021년 10월 16일 15시,토요일,부산광역시 사하구 하단동,중상사고,0,1,0,1,차대차 - 정면충돌,중앙선침범,건조,맑음,단일로 - 교량,승용,남,67세,부상신고,승용,남,67세,중상
노인사고,2.0211E+15,2021년 10월 17일 13시,일요일,부산광역시 북구 구포동,경상사고,0,0,4,0,차대차 - 기타,안전운전불이행,건조,맑음,단일로 - 기타,승용,남,69세,경상,승용,여,34세,경상
노인사고,2021101700100181,2021년 10월 17일 14시,일요일,부산광역시 기장군 일광면,경상사고,0,0,5,0,차대차 - 추돌,안전운전불이행,건조,맑음,단일로 - 기타,승용,남,51세,상해없음,승용,남,40세,경상
노인사고,2021101800100032,2021년 10월 18일 06시,월요일,부산광역시 부산진구 부암동,경상사고,0,0,1,0,차대차 - 기타,신호위반,건조,맑음,교차로 - 교차로안,승용,남,82세,상해없음,승용,남,70세,경상
노인사고,2021101800100093,2021년 10월 18일 08시,월요일,부산광역시 동구 초량동,경상사고,0,0,1,0,차대차 - 측면충돌,안전거리미확보,건조,맑음,단일로 - 기타,특수,남,50세,상해없음,승용,여,66세,경상
노인사고,2021101800100149,2021년 10월 18일 09시,월요일,부산광역시 사하구 감천동,중상사고,0,1,0,0,차대차 - 측면충돌,차로위반,건조,맑음,단일로 - 기타,승용,남,27세,상해없음,승용,남,71세,중상
노인사고,2021101800100187,2021년 10월 18일 10시,월요일,부산광역시 동래구 온천동,중상사고,0,1,0,0,차대사람 - 횡단중,보행자보호의무위반,건조,맑음,교차로 - 교차로횡단보도내,화물,남,60세,상해없음,보행자,여,70세,중상
노인사고,2021101800100217,2021년 10월 18일 11시,월요일,부산광역시 동래구 사직동,경상사고,0,0,1,0,차대사람 - 기타,안전운전불이행,건조,맑음,교차로 - 교차로부근,화물,남,55세,상해없음,보행자,여,69세,경상
노인사고,2021101800100325,2021년 10월 18일 14시,월요일,부산광역시 중구 영주동,경상사고,0,0,1,0,차대차 - 측면충돌,안전운전불이행,건조,맑음,교차로 - 교차로안,이륜,남,79세,경상,승용,남,63세,상해없음
노인사고,2021101800100447,2021년 10월 18일 17시,월요일,부산광역시 금정구 청룡동,경상사고,0,0,1,0,차대차 - 측면충돌,안전운전불이행,건조,맑음,교차로 - 교차로안,승용,남,77세,경상,승용,여,55세,상해없음
노인사고,2021101800100491,2021년 10월 18일 18시,월요일,부산광역시 북구 덕천동,경상사고,0,0,3,0,차대차 - 기타,안전거리미확보,건조,맑음,단일로 - 기타,승용,남,56세,상해없음,승용,남,67세,경상
노인사고,2021101800100664,2021년 10월 18일 22시,월요일,부산광역시 사상구 모라동,중상사고,0,1,0,0,차대차 - 추돌,안전운전불이행,건조,맑음,단일로 - 기타,승용,남,29세,상해없음,승용,남,69세,중상