사고부문,사고번호,사고일시,요일,시군구,사고내용,사망자수,중상자수,경상자수,부상신고자수,사고유형,법규위반,노면상태,기상상태,도로형태,가해운전자 차종,가해운전자 성별,가해운전자 연령,가해운전자 상해정도,피해운전자 차종,피해운전자 성별,피해운전자 연령,피해운전자 상해정도
노인사고,2021112600100472,2021년 11월 26일 17시,금요일,부산광역시 기장군 기장읍,경상사고,0,0,1,0,차대차 - 추돌,안전운전불이행,건조,맑음,단일로 - 기타,승용,여,66세,상해없음,자전거,여,76세,경상
노인사고,2.02111E+15,2021년 11월 26일 18시,금요일,부산광역시 금정구 부곡동,경상사고,0,0,3,0,차대차 - 추돌,안전운전불이행,건조,맑음,단일로 - 기타,승용,남,69세,상해없음,승용,남,69세,경상
노인사고,2021112600100655,2021년 11월 26일 20시,금요일,부산광역시 북구 화명동,중상사고,0,1,0,0,차대차 - 측면충돌,안전운전불이행,건조,맑음,교차로 - 교차로안,승용,여,36세,상해없음,승용,여,52세,상해없음
노인사고,2021112700100038,2021년 11월 27일 04시,토요일,부산광역시 서구 동대신동2가,경상사고,0,0,2,0,차대차 - 정면충돌,중앙선침범,건조,맑음,단일로 - 기타,승용,남,68세,상해없음,승용,남,71세,경상
노인사고,2021112700100125,2021년 11월 27일 10시,토요일,부산광역시 수영구 민락동,경상사고,0,0,2,0,차대차 - 추돌,안전운전불이행,건조,맑음,기타 - 기타,승용,여,57세,상해없음,승용,남,32세,경상
노인사고,2021112700100126,2021년 11월 27일 10시,토요일,부산광역시 영도구 남항동3가,경상사고,0,0,1,0,차대차 - 추돌,안전운전불이행,건조,맑음,단일로 - 기타,이륜,남,72세,경상,승용,여,71세,상해없음
노인사고,2.02111E+15,2021년 11월 27일 12시,토요일,부산광역시 해운대구 중동,중상사고,0,1,0,0,차대사람 - 보도통행중,신호위반,건조,맑음,교차로 - 교차로안,승용,여,72세,상해없음,보행자,여,69세,중상
노인사고,2021112700100203,2021년 11월 27일 12시,토요일,부산광역시 사상구 감전동,경상사고,0,0,1,0,차대차 - 측면충돌,안전거리미확보,건조,맑음,단일로 - 기타,승용,남,21세,상해없음,화물,남,65세,경상
노인사고,2021112700100457,2021년 11월 27일 18시,토요일,부산광역시 금정구 두구동,경상사고,0,0,1,0,차대차 - 측면충돌,중앙선침범,건조,맑음,단일로 - 기타,승용,남,61세,상해없음,승용,남,66세,경상
노인사고,2021112800100257,2021년 11월 28일 15시,일요일,부산광역시 동래구 안락동,경상사고,0,0,1,0,차대사람 - 보도통행중,기타,건조,맑음,기타 - 기타,자전거,여,23세,상해없음,보행자,남,65세,경상
노인사고,2021112800100313,2021년 11월 28일 17시,일요일,부산광역시 사상구 삼락동,중상사고,0,1,1,0,차대차 - 측면충돌,신호위반,건조,맑음,교차로 - 교차로안,자전거,남,67세,경상,이륜,남,35세,중상
노인사고,2021112900100101,2021년 11월 29일 08시,월요일,부산광역시 부산진구 부전동,경상사고,0,0,1,0,차대사람 - 차도통행중,안전운전불이행,건조,맑음,교차로 - 교차로안,승용,남,39세,상해없음,보행자,남,69세,경상
노인사고,2021112900100151,2021년 11월 29일 09시,월요일,부산광역시 서구 동대신동2가,중상사고,0,1,0,0,차량단독 - 기타,기타,건조,맑음,단일로 - 기타,승용,남,63세,상해없음,,,,
노인사고,2021112900100172,2021년 11월 29일 10시,월요일,부산광역시 중구 영주동,경상사고,0,0,1,0,차대사람 - 횡단중,안전운전불이행,건조,맑음,단일로 - 기타,승용,남,32세,상해없음,보행자,여,69세,경상
노인사고,2021112900100173,2021년 11월 29일 10시,월요일,부산광역시 사하구 장림동,중상사고,0,1,0,0,차대사람 - 기타,중앙선침범,건조,맑음,교차로 - 교차로안,화물,남,60세,상해없음,보행자,여,65세,중상
노인사고,2021112900100201,2021년 11월 29일 11시,월요일,부산광역시 부산진구 부암동,경상사고,0,0,2,1,차대차 - 측면충돌,안전운전불이행,건조,맑음,교차로 - 교차로안,화물,남,61세,부상신고,승용,여,49세,경상
노인사고,2021112900100297,2021년 11월 29일 14시,월요일,부산광역시 남구 용당동,중상사고,0,1,0,0,차대사람 - 기타,안전운전불이행,건조,맑음,단일로 - 기타,승용,여,61세,상해없음,보행자,남,82세,중상
노인사고,2021112900100298,2021년 11월 29일 14시,월요일,부산광역시 금정구 금사동,중상사고,0,1,0,0,차대차 - 정면충돌,불법유턴,건조,맑음,단일로 - 기타,승용,남,42세,상해없음,이륜,남,71세,중상
노인사고,2021112900100533,2021년 11월 29일 19시,월요일,부산광역시 사상구 감전동,중상사고,0,1,0,0,차대사람 - 횡단중,안전운전불이행,건조,맑음,교차로 - 교차로횡단보도내,승용,여,63세,상해없음,보행자,남,71세,중상
노인사고,2021112900100617,2021년 11월 29일 22시,월요일,부산광역시 부산진구 개금동,중상사고,0,1,0,0,차대차 - 측면충돌,중앙선침범,건조,맑음,교차로 - 교차로부근,이륜,남,65세,중상,승용,남,71세,상해없음
노인사고,2.02111E+15,2021년 11월 30일 06시,화요일,부산광역시 서구 충무동1가,경상사고,0,0,1,0,차대사람 - 기타,안전운전불이행,건조,맑음,교차로 - 교차로부근,승용,남,56세,상해없음,보행자,여,68세,경상
노인사고,2021113000100113,2021년 11월 30일 08시,화요일,부산광역시 동구 수정동,중상사고,0,1,0,0,차대사람 - 차도통행중,안전운전불이행,젖음/습기,비,단일로 - 기타,승용,남,51세,상해없음,보행자,남,75세,중상
노인사고,2021113000100358,2021년 11월 30일 15시,화요일,부산광역시 수영구 망미동,경상사고,0,0,2,0,차대차 - 추돌,안전운전불이행,젖음/습기,비,단일로 - 기타,화물,남,24세,상해없음,승용,여,50세,경상
노인사고,2021113000100359,2021년 11월 30일 15시,화요일,부산광역시 수영구 망미동,경상사고,0,0,1,0,차대차 - 기타,기타,건조,맑음,단일로 - 기타,승용,여,37세,상해없음,화물,남,68세,경상
노인사고,2021113000100541,2021년 11월 30일 19시,화요일,부산광역시 동래구 안락동,중상사고,0,1,0,0,차대사람 - 차도통행중,안전운전불이행,건조,맑음,교차로 - 교차로안,승용,남,33세,상해없음,보행자,남,65세,중상
노인사고,2021120100100133,2021년 12월 1일 09시,수요일,부산광역시 남구 용호동,경상사고,0,0,1,0,차대사람 - 기타,안전운전불이행,건조,맑음,단일로 - 기타,승용,남,71세,상해없음,보행자,여,72세,경상
노인사고,2021120100100235,2021년 12월 1일 12시,수요일,부산광역시 부산진구 양정동,경상사고,0,0,2,0,차대차 - 측면충돌,신호위반,건조,맑음,교차로 - 교차로안,원동기,남,49세,경상,승용,남,70세,경상
노인사고,2021120100100289,2021년 12월 1일 14시,수요일,부산광역시 해운대구 반송동,중상사고,0,1,0,0,차대차 - 기타,안전운전불이행,건조,맑음,단일로 - 기타,건설기계,남,37세,상해없음,화물,기타불명,미분류,기타불명
노인사고,2021120100100453,2021년 12월 1일 18시,수요일,부산광역시 부산진구 부암동,중상사고,0,1,0,0,차대사람 - 차도통행중,안전운전불이행,건조,맑음,단일로 - 기타,승합,남,63세,상해없음,보행자,여,66세,중상
노인사고,2021120100100454,2021년 12월 1일 18시,수요일,부산광역시 부산진구 부암동,중상사고,0,1,1,0,차대차 - 측면충돌,교차로운행방법위반,건조,맑음,교차로 - 교차로안,승용,남,69세,경상,승용,남,42세,중상
노인사고,2021120200100232,2021년 12월 2일 12시,목요일,부산광역시 동구 초량동,부상신고사고,0,0,0,1,차대차 - 기타,안전운전불이행,건조,맑음,교차로 - 교차로안,이륜,남,70세,부상신고,승용,남,64세,상해없음
노인사고,2021120200100234,2021년 12월 2일 12시,목요일,부산광역시 연제구 연산동,중상사고,0,1,0,0,차대사람 - 기타,안전운전불이행,건조,맑음,단일로 - 기타,승용,남,65세,상해없음,보행자,여,75세,중상
노인사고,2.02112E+15,2021년 12월 2일 15시,목요일,부산광역시 부산진구 범천동,중상사고,0,1,0,0,차대사람 - 차도통행중,안전운전불이행,건조,맑음,단일로 - 기타,승용,여,64세,상해없음,보행자,여,89세,중상
노인사고,2021120200100371,2021년 12월 2일 16시,목요일,부산광역시 서구 동대신동1가,경상사고,0,0,1,0,차대차 - 측면충돌,안전운전불이행,건조,맑음,단일로 - 기타,승용,남,77세,경상,특수,남,60세,상해없음
노인사고,2021120200100411,2021년 12월 2일 17시,목요일,부산광역시 사상구 학장동,중상사고,0,1,0,0,차대사람 - 횡단중,안전운전불이행,건조,맑음,단일로 - 기타,승용,여,50세,기타불명,보행자,여,78세,중상
노인사고,2021120300100015,2021년 12월 3일 01시,금요일,부산광역시 금정구 부곡동,중상사고,0,2,1,0,차대차 - 측면충돌,교차로운행방법위반,건조,맑음,교차로 - 교차로안,승용,남,69세,경상,승용,남,26세,중상
노인사고,2.02112E+15,2021년 12월 3일 13시,금요일,부산광역시 연제구 거제동,중상사고,0,1,0,0,차대차 - 기타,신호위반,건조,맑음,단일로 - 기타,승용,남,24세,상해없음,자전거,남,84세,중상
노인사고,2021120300100374,2021년 12월 3일 14시,금요일,부산광역시 사상구 모라동,중상사고,0,1,1,0,차대차 - 추돌,안전운전불이행,건조,맑음,단일로 - 기타,승용,여,52세,상해없음,승용,여,66세,중상
노인사고,2021120300100444,2021년 12월 3일 16시,금요일,부산광역시 부산진구 전포동,경상사고,0,0,1,0,차대사람 - 횡단중,안전운전불이행,건조,맑음,단일로 - 기타,이륜,남,32세,상해없음,보행자,여,72세,경상
노인사고,2021120300100445,2021년 12월 3일 16시,금요일,부산광역시 연제구 거제동,경상사고,0,0,1,0,차대사람 - 횡단중,안전운전불이행,건조,맑음,교차로 - 교차로부근,승합,여,54세,상해없음,보행자,여,71세,경상
노인사고,2021120300100447,2021년 12월 3일 16시,금요일,부산광역시 강서구 대저1동,중상사고,0,1,0,0,차대사람 - 기타,안전운전불이행,건조,맑음,단일로 - 기타,승용,여,64세,상해없음,보행자,여,72세,중상
노인사고,2021120300100492,2021년 12월 3일 17시,금요일,부산광역시 해운대구 우동,경상사고,0,0,1,0,차대사람 - 횡단중,안전운전불이행,건조,맑음,교차로 - 교차로안,승용,여,28세,상해없음,보행자,남,65세,경상
노인사고,2021120300100493,2021년 12월 3일 17시,금요일,부산광역시 부산진구 부전동,중상사고,0,1,0,0,차대차 - 기타,안전운전불이행,건조,맑음,교차로 - 교차로부근,이륜,남,67세,상해없음,승용,남,77세,중상
노인사고,2021120300100677,2021년 12월 3일 21시,금요일,부산광역시 수영구 민락동,경상사고,0,0,2,0,차대차 - 정면충돌,교차로운행방법위반,건조,맑음,교차로 - 교차로안,승용,남,57세,기타불명,이륜,남,43세,경상
노인사고,2021120400100056,2021년 12월 4일 05시,토요일,부산광역시 동구 초량동,부상신고사고,0,0,0,1,차량단독 - 공작물충돌,안전운전불이행,건조,맑음,단일로 - 기타,승용,남,73세,부상신고,,,,
노인사고,2021120400100085,2021년 12월 4일 08시,토요일,부산광역시 서구 서대신동3가,중상사고,0,1,0,0,차대사람 - 길가장자리구역통행중,안전운전불이행,건조,맑음,기타 - 기타,화물,남,62세,상해없음,보행자,여,70세,중상
노인사고,2021120400100149,2021년 12월 4일 11시,토요일,부산광역시 중구 중앙동4가,중상사고,0,1,0,0,차대차 - 추돌,안전거리미확보,건조,맑음,단일로 - 기타,승용,남,71세,상해없음,화물,남,65세,중상
노인사고,2021120400100291,2021년 12월 4일 15시,토요일,부산광역시 사하구 하단동,중상사고,0,1,0,0,차대차 - 측면충돌,신호위반,건조,맑음,교차로 - 교차로안,승용,남,46세,상해없음,승용,남,69세,중상
노인사고,2021120500100264,2021년 12월 5일 16시,일요일,부산광역시 사하구 장림동,중상사고,0,1,0,0,차대사람 - 기타,기타,건조,맑음,교차로 - 교차로안,승용,남,33세,상해없음,보행자,남,72세,중상
노인사고,2.02112E+15,2021년 12월 6일 09시,월요일,부산광역시 사상구 모라동,경상사고,0,0,1,0,차대사람 - 기타,신호위반,건조,맑음,교차로 - 교차로횡단보도내,승용,남,71세,상해없음,보행자,여,79세,경상
노인사고,2021120600100238,2021년 12월 6일 13시,월요일,부산광역시 영도구 영선동3가,경상사고,0,0,1,0,차대차 - 기타,안전운전불이행,건조,맑음,단일로 - 기타,자전거,남,76세,경상,건설기계,남,58세,상해없음
노인사고,2021120600100412,2021년 12월 6일 18시,월요일,부산광역시 수영구 광안동,경상사고,0,0,3,0,차대차 - 측면충돌,안전거리미확보,건조,맑음,단일로 - 기타,승용,남,71세,경상,화물,남,50세,경상
노인사고,2.02112E+15,2021년 12월 7일 01시,화요일,부산광역시 사상구 덕포동,경상사고,0,0,2,0,차대차 - 추돌,안전운전불이행,건조,맑음,단일로 - 지하차도(도로)내,승용,남,27세,상해없음,승용,남,67세,경상
노인사고,2021120700100037,2021년 12월 7일 05시,화요일,부산광역시 강서구 녹산동,경상사고,0,0,1,0,차대차 - 추돌,안전거리미확보,건조,맑음,단일로 - 기타,화물,남,45세,상해없음,승용,남,66세,경상
노인사고,2.02112E+15,2021년 12월 7일 07시,화요일,부산광역시 남구 감만동,경상사고,0,0,1,0,차대차 - 측면충돌,안전운전불이행,건조,맑음,단일로 - 기타,자전거,남,87세,경상,승용,남,65세,상해없음
노인사고,2021120700100149,2021년 12월 7일 10시,화요일,부산광역시 수영구 수영동,경상사고,0,0,1,0,차대사람 - 기타,안전운전불이행,건조,맑음,교차로 - 교차로부근,승용,남,36세,상해없음,보행자,여,75세,경상
노인사고,2021120700100209,2021년 12월 7일 12시,화요일,부산광역시 북구 덕천동,중상사고,0,1,0,0,차대사람 - 기타,안전운전불이행,건조,맑음,단일로 - 기타,승용,남,36세,상해없음,보행자,여,79세,중상
노인사고,2021120700100397,2021년 12월 7일 17시,화요일,부산광역시 기장군 정관읍,경상사고,0,0,2,0,차대차 - 추돌,안전운전불이행,건조,맑음,단일로 - 기타,승용,남,49세,상해없음,승용,여,44세,경상
노인사고,2021120800100136,2021년 12월 8일 09시,수요일,부산광역시 부산진구 전포동,중상사고,0,1,0,0,차대차 - 기타,안전거리미확보,건조,맑음,교차로 - 교차로안,이륜,남,68세,중상,승용,남,63세,상해없음
노인사고,2021120800100137,2021년 12월 8일 09시,수요일,부산광역시 기장군 일광면,경상사고,0,0,1,0,차대사람 - 횡단중,보행자보호의무위반,건조,맑음,교차로 - 교차로횡단보도내,승용,여,28세,상해없음,보행자,남,65세,경상
노인사고,2021120800100325,2021년 12월 8일 15시,수요일,부산광역시 동래구 명륜동,중상사고,0,1,0,0,차대사람 - 기타,안전운전불이행,건조,맑음,단일로 - 기타,자전거,남,62세,상해없음,보행자,여,70세,중상
노인사고,2.02112E+15,2021년 12월 8일 16시,수요일,부산광역시 영도구 동삼동,중상사고,0,1,0,0,차대사람 - 기타,안전운전불이행,건조,맑음,단일로 - 기타,승용,남,42세,상해없음,보행자,여,70세,중상
노인사고,2021120800100512,2021년 12월 8일 19시,수요일,부산광역시 연제구 연산동,중상사고,0,1,0,0,차대사람 - 기타,안전운전불이행,건조,맑음,단일로 - 기타,승용,남,53세,상해없음,보행자,여,67세,중상
노인사고,2021120900100159,2021년 12월 9일 11시,목요일,부산광역시 동래구 명륜동,중상사고,0,1,0,0,차대차 - 기타,안전운전불이행,건조,맑음,교차로 - 교차로안,화물,남,60세,상해없음,자전거,여,69세,중상
노인사고,2021121000100073,2021년 12월 10일 07시,금요일,부산광역시 강서구 성북동,경상사고,0,0,1,0,차대차 - 측면충돌,안전운전불이행,건조,맑음,단일로 - 기타,특수,남,61세,상해없음,특수,남,65세,경상
노인사고,2021121000100162,2021년 12월 10일 10시,금요일,부산광역시 연제구 거제동,중상사고,0,1,0,0,차대차 - 기타,교차로운행방법위반,건조,맑음,교차로 - 교차로부근,승용,남,76세,상해없음,자전거,남,74세,중상
노인사고,2021121000100439,2021년 12월 10일 18시,금요일,부산광역시 해운대구 우동,경상사고,0,0,3,0,차대차 - 정면충돌,중앙선침범,건조,맑음,단일로 - 기타,승용,남,39세,상해없음,승용,남,39세,경상
노인사고,2021121000100441,2021년 12월 10일 18시,금요일,부산광역시 부산진구 부전동,중상사고,0,1,0,0,차량단독 - 기타,안전운전불이행,건조,맑음,단일로 - 기타,승합,남,61세,상해없음,,,,
노인사고,2021121000100514,2021년 12월 10일 19시,금요일,부산광역시 수영구 망미동,경상사고,0,0,2,0,차대차 - 기타,신호위반,건조,맑음,교차로 - 교차로안,승용,여,30세,상해없음,승용,남,68세,경상
노인사고,2021121100100058,2021년 12월 11일 05시,토요일,부산광역시 서구 서대신동3가,경상사고,0,0,1,0,차대차 - 추돌,안전운전불이행,건조,맑음,교차로 - 교차로부근,승용,남,59세,상해없음,승용,남,70세,경상
노인사고,2021121100100059,2021년 12월 11일 05시,토요일,부산광역시 연제구 연산동,중상사고,0,1,0,0,차대사람 - 횡단중,안전운전불이행,건조,맑음,교차로 - 교차로부근,승용,남,25세,상해없음,보행자,여,72세,중상
노인사고,2021121100100106,2021년 12월 11일 09시,토요일,부산광역시 강서구 명지동,중상사고,0,1,0,0,차대차 - 측면충돌,교차로운행방법위반,건조,맑음,교차로 - 교차로안,승용,남,27세,상해없음,자전거,남,72세,중상
노인사고,2.02112E+15,2021년 12월 11일 14시,토요일,부산광역시 동래구 안락동,중상사고,0,1,0,0,차대사람 - 보도통행중,안전운전불이행,건조,맑음,단일로 - 기타,자전거,남,12세,기타불명,보행자,여,68세,중상
노인사고,2021121100100284,2021년 12월 11일 15시,토요일,부산광역시 사상구 모라동,중상사고,0,1,0,0,차대사람 - 횡단중,보행자보호의무위반,건조,맑음,교차로 - 교차로횡단보도내,승용,남,59세,상해없음,보행자,여,74세,중상
노인사고,2021121100100439,2021년 12월 11일 19시,토요일,부산광역시 부산진구 연지동,경상사고,0,0,2,0,차대차 - 기타,안전거리미확보,건조,맑음,교차로 - 교차로안,승용,여,28세,상해없음,승합,남,55세,경상
노인사고,2021121200100073,2021년 12월 12일 09시,일요일,부산광역시 기장군 철마면,경상사고,0,0,2,0,차대차 - 기타,기타,건조,맑음,단일로 - 기타,승용,남,37세,상해없음,승용,남,56세,경상
노인사고,2021121200100202,2021년 12월 12일 15시,일요일,부산광역시 부산진구 양정동,경상사고,0,0,1,0,차대차 - 측면충돌,신호위반,건조,맑음,교차로 - 교차로안,이륜,남,70세,경상,승합,남,47세,상해없음
노인사고,2021121300100093,2021년 12월 13일 08시,월요일,부산광역시 동구 초량동,경상사고,0,0,1,0,차량단독 - 기타,안전운전불이행,건조,맑음,단일로 - 기타,승합,남,53세,상해없음,,,,
노인사고,2021121300100283,2021년 12월 13일 13시,월요일,부산광역시 해운대구 반여동,경상사고,0,0,1,0,차대사람 - 횡단중,보행자보호의무위반,건조,맑음,교차로 - 교차로횡단보도내,승용,남,45세,상해없음,보행자,남,71세,경상
노인사고,2.02112E+15,2021년 12월 13일 20시,월요일,부산광역시 해운대구 우동,경상사고,0,0,2,0,차대차 - 측면충돌,교차로운행방법위반,건조,맑음,교차로 - 교차로안,승용,남,30세,상해없음,승용,남,67세,경상
노인사고,2021121400100137,2021년 12월 14일 10시,화요일,부산광역시 사상구 감전동,중상사고,0,1,0,0,차대사람 - 횡단중,안전운전불이행,건조,맑음,교차로 - 교차로안,화물,남,53세,상해없음,보행자,여,80세,중상
노인사고,2021121400100207,2021년 12월 14일 13시,화요일,부산광역시 서구 암남동,경상사고,0,0,1,0,차대차 - 추돌,안전거리미확보,건조,맑음,교차로 - 교차로안,자전거,남,68세,경상,승합,남,36세,상해없음
노인사고,2021121400100284,2021년 12월 14일 16시,화요일,부산광역시 영도구 청학동,경상사고,0,0,1,0,차대차 - 기타,안전운전불이행,건조,맑음,단일로 - 기타,승합,남,48세,상해없음,승용,남,83세,상해없음
노인사고,2021121400100387,2021년 12월 14일 18시,화요일,부산광역시 사상구 주례동,경상사고,0,0,1,0,차대사람 - 횡단중,안전운전불이행,건조,맑음,교차로 - 교차로안,승용,남,49세,상해없음,보행자,여,83세,경상
노인사고,2021121500100056,2021년 12월 15일 06시,수요일,부산광역시 금정구 서동,경상사고,0,0,1,0,차대사람 - 횡단중,보행자보호의무위반,건조,맑음,단일로 - 기타,승용,남,67세,상해없음,보행자,여,68세,경상
노인사고,2021121500100114,2021년 12월 15일 08시,수요일,부산광역시 연제구 연산동,중상사고,0,1,6,0,차대차 - 추돌,안전운전불이행,건조,맑음,단일로 - 기타,승용,여,45세,상해없음,승용,여,45세,경상
노인사고,2021121500100143,2021년 12월 15일 09시,수요일,부산광역시 동래구 사직동,경상사고,0,0,3,0,차대차 - 추돌,안전운전불이행,건조,맑음,단일로 - 기타,승용,여,47세,상해없음,승용,여,48세,경상
노인사고,2021121500100232,2021년 12월 15일 12시,수요일,부산광역시 영도구 청학동,중상사고,0,1,0,0,차대사람 - 차도통행중,안전운전불이행,건조,맑음,단일로 - 기타,승용,여,40세,상해없음,보행자,여,84세,중상
노인사고,2.02112E+15,2021년 12월 15일 13시,수요일,부산광역시 수영구 광안동,중상사고,0,1,0,0,차대사람 - 보도통행중,안전운전불이행,건조,맑음,교차로 - 교차로안,승용,여,48세,기타불명,보행자,남,75세,중상
노인사고,2021121500100285,2021년 12월 15일 14시,수요일,부산광역시 동구 초량동,중상사고,0,1,0,1,차대차 - 기타,교차로운행방법위반,건조,맑음,교차로 - 교차로부근,승용,남,73세,상해없음,승용,남,49세,중상
노인사고,2021121500100316,2021년 12월 15일 15시,수요일,부산광역시 서구 부민동2가,부상신고사고,0,0,0,1,차대사람 - 횡단중,안전운전불이행,건조,맑음,단일로 - 기타,승용,남,35세,상해없음,보행자,여,72세,부상신고
노인사고,2021121500100345,2021년 12월 15일 16시,수요일,부산광역시 사상구 주례동,사망사고,1,0,0,0,차대사람 - 기타,안전운전불이행,건조,맑음,단일로 - 기타,승합,남,31세,상해없음,보행자,여,83세,사망
노인사고,2021121500100367,2021년 12월 15일 17시,수요일,부산광역시 해운대구 반여동,중상사고,0,1,3,0,차대차 - 기타,안전운전불이행,건조,맑음,단일로 - 기타,승용,남,67세,상해없음,승용,남,76세,경상
노인사고,2021121600100112,2021년 12월 16일 09시,목요일,부산광역시 영도구 동삼동,경상사고,0,0,2,0,차대차 - 측면충돌,안전운전불이행,젖음/습기,비,단일로 - 기타,승용,남,36세,상해없음,승용,남,83세,경상
노인사고,2021121600100113,2021년 12월 16일 09시,목요일,부산광역시 해운대구 재송동,중상사고,0,1,0,0,차대사람 - 기타,안전운전불이행,젖음/습기,흐림,단일로 - 기타,기타불명,기타불명,미분류,기타불명,보행자,여,69세,중상
노인사고,2021121600100198,2021년 12월 16일 12시,목요일,부산광역시 부산진구 부전동,중상사고,0,1,1,0,차대차 - 측면충돌,신호위반,젖음/습기,비,교차로 - 교차로안,이륜,남,68세,상해없음,이륜,남,25세,경상
노인사고,2021121600100452,2021년 12월 16일 20시,목요일,부산광역시 남구 대연동,중상사고,0,1,0,0,차대사람 - 길가장자리구역통행중,중앙선침범,건조,맑음,단일로 - 기타,승용,남,67세,상해없음,보행자,남,74세,중상
노인사고,2021121700100005,2021년 12월 17일 00시,금요일,부산광역시 부산진구 부전동,중상사고,0,1,1,0,차대차 - 측면충돌,차로위반,건조,맑음,교차로 - 교차로안,이륜,남,44세,상해없음,승용,남,66세,중상
노인사고,2021121700100175,2021년 12월 17일 11시,금요일,부산광역시 부산진구 전포동,중상사고,0,1,0,1,차대사람 - 횡단중,안전운전불이행,건조,기타,단일로 - 기타,이륜,남,66세,부상신고,보행자,여,64세,중상
노인사고,2021121700100246,2021년 12월 17일 13시,금요일,부산광역시 금정구 두구동,중상사고,0,2,0,0,차대차 - 기타,안전거리미확보,건조,맑음,단일로 - 기타,특수,남,54세,상해없음,승용,남,72세,중상
노인사고,2021121700100278,2021년 12월 17일 14시,금요일,부산광역시 부산진구 전포동,경상사고,0,0,2,0,차대차 - 측면충돌,신호위반,건조,맑음,교차로 - 교차로안,화물,여,49세,상해없음,승용,남,68세,경상
노인사고,2021121700100311,2021년 12월 17일 15시,금요일,부산광역시 동래구 사직동,경상사고,0,0,1,0,차대사람 - 차도통행중,안전운전불이행,건조,맑음,단일로 - 기타,승용,여,36세,상해없음,보행자,여,69세,경상
노인사고,2021121700100471,2021년 12월 17일 18시,금요일,부산광역시 사하구 하단동,중상사고,0,1,0,0,차대사람 - 횡단중,신호위반,건조,맑음,교차로 - 교차로안,승용,여,63세,상해없음,보행자,여,79세,중상
노인사고,2021121800100221,2021년 12월 18일 13시,토요일,부산광역시 부산진구 부전동,중상사고,0,1,0,0,차대차 - 기타,안전거리미확보,건조,맑음,단일로 - 기타,원동기,여,65세,중상,승용,여,50세,상해없음
노인사고,2021121800100314,2021년 12월 18일 15시,토요일,부산광역시 남구 대연동,중상사고,0,1,0,0,차대사람 - 횡단중,보행자보호의무위반,건조,맑음,단일로 - 기타,화물,남,47세,상해없음,보행자,남,77세,중상
노인사고,2021121900100056,2021년 12월 19일 09시,일요일,부산광역시 사하구 하단동,중상사고,0,1,0,0,차대사람 - 기타,안전운전불이행,건조,맑음,교차로 - 교차로횡단보도내,승합,남,46세,상해없음,보행자,여,80세,중상
노인사고,2021121900100101,2021년 12월 19일 12시,일요일,부산광역시 부산진구 부암동,경상사고,0,0,3,1,차대차 - 추돌,안전운전불이행,건조,맑음,단일로 - 기타,승용,남,72세,기타불명,승용,남,52세,경상
노인사고,2.02112E+15,2021년 12월 19일 20시,일요일,부산광역시 북구 구포동,경상사고,0,0,1,0,차대사람 - 기타,안전운전불이행,건조,맑음,기타 - 기타,승용,남,52세,상해없음,보행자,남,66세,경상
노인사고,2.02112E+15,2021년 12월 20일 07시,월요일,부산광역시 금정구 금사동,중상사고,0,1,0,0,차대사람 - 차도통행중,안전운전불이행,건조,맑음,교차로 - 교차로안,화물,남,42세,상해없음,보행자,남,67세,중상
노인사고,2.02112E+15,2021년 12월 20일 09시,월요일,부산광역시 해운대구 중동,중상사고,0,1,0,0,차대차 - 기타,신호위반,건조,맑음,교차로 - 교차로안,승용,남,58세,상해없음,이륜,남,66세,중상
노인사고,2021122000100123,2021년 12월 20일 10시,월요일,부산광역시 연제구 거제동,경상사고,0,0,1,0,차대차 - 측면충돌,교차로운행방법위반,건조,맑음,교차로 - 교차로안,승용,남,85세,상해없음,승용,남,66세,경상
노인사고,2021122000100154,2021년 12월 20일 11시,월요일,부산광역시 부산진구 부전동,중상사고,0,1,0,0,차대사람 - 기타,안전운전불이행,건조,맑음,단일로 - 기타,승용,여,30세,상해없음,보행자,여,81세,중상
노인사고,2021122000100257,2021년 12월 20일 14시,월요일,부산광역시 금정구 서동,중상사고,0,1,0,0,차대사람 - 기타,안전운전불이행,건조,맑음,기타 - 기타,승용,여,60세,상해없음,보행자,남,69세,중상
노인사고,2021122000100297,2021년 12월 20일 15시,월요일,부산광역시 동래구 온천동,경상사고,0,0,1,0,차대차 - 추돌,안전운전불이행,건조,맑음,단일로 - 기타,승용,남,64세,상해없음,승용,남,66세,경상
노인사고,2021122000100342,2021년 12월 20일 16시,월요일,부산광역시 영도구 남항동1가,부상신고사고,0,0,0,1,차대차 - 기타,직진우회전진행방해,건조,맑음,교차로 - 교차로안,이륜,남,79세,부상신고,승용,여,58세,상해없음
노인사고,2021122100100079,2021년 12월 21일 08시,화요일,부산광역시 서구 아미동2가,경상사고,0,0,1,0,차량단독 - 기타,안전운전불이행,건조,맑음,단일로 - 기타,승용,남,72세,상해없음,,,,
노인사고,2021122100100218,2021년 12월 21일 13시,화요일,부산광역시 서구 충무동3가,중상사고,0,1,0,0,차대사람 - 기타,안전운전불이행,건조,맑음,교차로 - 교차로안,승용,남,75세,상해없음,보행자,남,86세,중상