사고부문,사고번호,사고일시,요일,시군구,사고내용,사망자수,중상자수,경상자수,부상신고자수,사고유형,법규위반,노면상태,기상상태,도로형태,가해운전자 차종,가해운전자 성별,가해운전자 연령,가해운전자 상해정도,피해운전자 차종,피해운전자 성별,피해운전자 연령,피해운전자 상해정도
노인사고,2022011500100074,2022년 1월 15일 09시,토요일,부산광역시 동구 좌천동,경상사고,0,0,2,0,차대차 - 기타,차로위반,건조,맑음,단일로 - 고가도로위,특수,남,54세,상해없음,승용,남,62세,경상
노인사고,2022011500100124,2022년 1월 15일 11시,토요일,부산광역시 동래구 온천동,부상신고사고,0,0,0,1,차대차 - 측면충돌,안전운전불이행,건조,맑음,단일로 - 기타,승용,남,72세,상해없음,승합,남,36세,상해없음
노인사고,2022011500100279,2022년 1월 15일 16시,토요일,부산광역시 동래구 낙민동,경상사고,0,0,1,0,차대차 - 측면충돌,신호위반,건조,맑음,교차로 - 교차로안,승용,남,54세,상해없음,이륜,여,72세,경상
노인사고,2022011500100281,2022년 1월 15일 16시,토요일,부산광역시 사하구 괴정동,중상사고,0,1,0,0,차대사람 - 횡단중,안전운전불이행,건조,맑음,교차로 - 교차로안,승용,남,61세,상해없음,보행자,남,78세,중상
노인사고,2022011500100359,2022년 1월 15일 18시,토요일,부산광역시 해운대구 우동,중상사고,0,1,0,0,차대사람 - 차도통행중,안전운전불이행,건조,맑음,단일로 - 기타,승용,남,28세,상해없음,보행자,여,66세,중상
노인사고,2022011600100109,2022년 1월 16일 12시,일요일,부산광역시 남구 문현동,경상사고,0,0,1,0,차대차 - 기타,안전운전불이행,건조,맑음,기타 - 기타,승용,남,45세,상해없음,승용,남,66세,경상
노인사고,2.02201E+15,2022년 1월 16일 18시,일요일,부산광역시 부산진구 부전동,중상사고,0,1,0,0,차대차 - 기타,안전운전불이행,건조,맑음,단일로 - 기타,이륜,남,78세,중상,기타불명,남,45세,상해없음
노인사고,2022011600100289,2022년 1월 16일 19시,일요일,부산광역시 남구 대연동,경상사고,0,0,1,0,차대차 - 기타,안전운전불이행,건조,맑음,교차로 - 교차로안,승용,남,39세,상해없음,승용,여,69세,경상
노인사고,2.02201E+15,2022년 1월 17일 06시,월요일,부산광역시 금정구 회동동,경상사고,0,0,1,0,차대차 - 측면충돌,교차로운행방법위반,건조,맑음,교차로 - 교차로안,건설기계,남,59세,상해없음,화물,남,65세,경상
노인사고,2.02201E+15,2022년 1월 17일 10시,월요일,부산광역시 해운대구 송정동,중상사고,0,1,0,0,차대차 - 측면충돌,안전운전불이행,건조,맑음,교차로 - 교차로안,승용,남,47세,상해없음,자전거,남,80세,중상
노인사고,2022011700100161,2022년 1월 17일 12시,월요일,부산광역시 중구 보수동1가,중상사고,0,1,0,0,차대사람 - 횡단중,안전운전불이행,건조,맑음,교차로 - 교차로부근,승용,남,67세,상해없음,보행자,여,70세,중상
노인사고,2022011700100189,2022년 1월 17일 13시,월요일,부산광역시 사하구 하단동,중상사고,0,1,0,0,차대차 - 측면충돌,안전운전불이행,건조,맑음,단일로 - 기타,승용,남,46세,상해없음,자전거,남,85세,중상
노인사고,2022011800100023,2022년 1월 18일 06시,화요일,부산광역시 사하구 하단동,중상사고,0,1,0,0,차대차 - 기타,안전운전불이행,건조,맑음,기타 - 기타,자전거,남,79세,중상,승합,남,60세,상해없음
노인사고,2022011800100207,2022년 1월 18일 12시,화요일,부산광역시 금정구 구서동,중상사고,0,1,0,0,차대사람 - 횡단중,중앙선침범,건조,맑음,단일로 - 기타,이륜,남,45세,상해없음,보행자,여,65세,중상
노인사고,2022011800100239,2022년 1월 18일 13시,화요일,부산광역시 연제구 연산동,중상사고,0,1,0,0,차대사람 - 횡단중,신호위반,건조,맑음,단일로 - 기타,승합,남,58세,상해없음,보행자,여,82세,중상
노인사고,2022011800100279,2022년 1월 18일 14시,화요일,부산광역시 북구 만덕동,중상사고,0,1,0,0,차대사람 - 기타,안전운전불이행,건조,맑음,단일로 - 기타,승합,남,60세,상해없음,보행자,남,79세,중상
노인사고,2.02201E+15,2022년 1월 18일 14시,화요일,부산광역시 해운대구 좌동,중상사고,0,1,0,0,차대사람 - 보도통행중,안전운전불이행,건조,맑음,기타 - 기타,자전거,남,10세,상해없음,보행자,여,83세,중상
노인사고,2022011800100281,2022년 1월 18일 14시,화요일,부산광역시 부산진구 당감동,중상사고,0,1,0,0,차대사람 - 횡단중,안전운전불이행,건조,맑음,단일로 - 기타,승용,남,79세,상해없음,보행자,여,72세,중상
노인사고,2022011900100133,2022년 1월 19일 10시,수요일,부산광역시 수영구 망미동,경상사고,0,0,1,0,차대차 - 기타,차로위반,건조,맑음,단일로 - 기타,화물,남,35세,상해없음,승용,남,61세,상해없음
노인사고,2022011900100264,2022년 1월 19일 15시,수요일,부산광역시 수영구 수영동,중상사고,0,1,0,0,차대사람 - 기타,안전운전불이행,건조,맑음,단일로 - 기타,화물,남,43세,상해없음,보행자,여,71세,중상
노인사고,2022011900100266,2022년 1월 19일 15시,수요일,부산광역시 강서구 대저1동,경상사고,0,0,1,3,차대차 - 측면충돌,안전운전불이행,건조,맑음,교차로 - 교차로안,화물,남,27세,상해없음,화물,남,54세,경상
노인사고,2022011900100267,2022년 1월 19일 15시,수요일,부산광역시 사상구 엄궁동,중상사고,0,1,0,0,차대사람 - 보도통행중,중앙선침범,건조,맑음,교차로 - 교차로부근,승용,여,63세,상해없음,보행자,남,72세,중상
노인사고,2022011900100352,2022년 1월 19일 18시,수요일,부산광역시 남구 문현동,중상사고,0,1,1,0,차대차 - 측면충돌,직진우회전진행방해,건조,맑음,교차로 - 교차로안,승용,남,45세,기타불명,승용,남,83세,중상
노인사고,2022011900100395,2022년 1월 19일 19시,수요일,부산광역시 사하구 괴정동,경상사고,0,0,1,0,차대사람 - 기타,안전운전불이행,건조,맑음,단일로 - 지하차도(도로)내,승용,남,62세,상해없음,보행자,남,69세,경상
노인사고,2022011900100417,2022년 1월 19일 20시,수요일,부산광역시 부산진구 전포동,중상사고,0,1,2,0,차대차 - 기타,안전운전불이행,건조,맑음,교차로 - 교차로안,승용,남,42세,상해없음,승용,남,78세,중상
노인사고,2022012000100057,2022년 1월 20일 08시,목요일,부산광역시 강서구 대저2동,중상사고,0,1,0,1,차대차 - 측면충돌,신호위반,건조,맑음,교차로 - 교차로안,화물,남,26세,부상신고,승용,남,66세,중상
노인사고,2022012000100183,2022년 1월 20일 12시,목요일,부산광역시 중구 동광동5가,중상사고,0,1,0,0,차대차 - 측면충돌,안전운전불이행,건조,맑음,단일로 - 기타,이륜,남,76세,중상,승용,여,63세,상해없음
노인사고,2022012000100212,2022년 1월 20일 13시,목요일,부산광역시 남구 감만동,사망사고,1,0,0,0,차대사람 - 횡단중,보행자보호의무위반,건조,맑음,단일로 - 기타,화물,남,74세,상해없음,보행자,남,75세,사망
노인사고,2022012000100341,2022년 1월 20일 17시,목요일,부산광역시 동구 초량동,중상사고,0,1,0,0,차량단독 - 기타,안전운전불이행,건조,맑음,단일로 - 기타,승합,남,60세,상해없음,,,,
노인사고,2022012000100343,2022년 1월 20일 17시,목요일,부산광역시 수영구 광안동,경상사고,0,0,1,0,차대차 - 기타,안전거리미확보,건조,맑음,단일로 - 기타,승용,남,63세,상해없음,승합,남,50세,상해없음
노인사고,2022012000100344,2022년 1월 20일 17시,목요일,부산광역시 해운대구 재송동,경상사고,0,0,2,0,차대사람 - 기타,보행자보호의무위반,적설,맑음,단일로 - 기타,화물,남,60세,상해없음,보행자,남,70세,경상
노인사고,2022012000100557,2022년 1월 20일 22시,목요일,부산광역시 동래구 사직동,경상사고,0,0,2,0,차대차 - 측면충돌,신호위반,건조,맑음,교차로 - 교차로부근,승용,남,52세,상해없음,승용,남,68세,경상
노인사고,2022012100100018,2022년 1월 21일 04시,금요일,부산광역시 연제구 거제동,중상사고,0,1,0,0,차대사람 - 횡단중,보행자보호의무위반,건조,맑음,단일로 - 기타,승용,남,50세,상해없음,보행자,남,67세,중상
노인사고,2022012100100087,2022년 1월 21일 08시,금요일,부산광역시 부산진구 개금동,경상사고,0,0,2,0,차대차 - 측면충돌,교차로운행방법위반,건조,맑음,교차로 - 교차로부근,승용,여,46세,상해없음,화물,남,66세,경상
노인사고,2.02201E+15,2022년 1월 21일 11시,금요일,부산광역시 강서구 명지동,중상사고,0,1,0,0,차대사람 - 횡단중,신호위반,건조,맑음,단일로 - 기타,이륜,남,31세,상해없음,보행자,여,68세,중상
노인사고,2022012100100248,2022년 1월 21일 12시,금요일,부산광역시 금정구 구서동,중상사고,0,1,0,0,차대차 - 측면충돌,기타,건조,맑음,단일로 - 기타,승용,여,51세,상해없음,이륜,남,68세,중상
노인사고,2022012100100249,2022년 1월 21일 12시,금요일,부산광역시 금정구 서동,경상사고,0,0,1,0,차대사람 - 횡단중,보행자보호의무위반,건조,맑음,교차로 - 교차로부근,승용,남,50세,상해없음,보행자,남,67세,경상
노인사고,2022012100100406,2022년 1월 21일 16시,금요일,부산광역시 부산진구 부암동,중상사고,0,1,0,0,차대사람 - 기타,안전운전불이행,건조,맑음,기타 - 기타,승용,여,39세,상해없음,보행자,여,73세,중상
노인사고,2.02201E+15,2022년 1월 21일 19시,금요일,부산광역시 북구 덕천동,경상사고,0,0,1,0,차대사람 - 횡단중,안전운전불이행,건조,맑음,기타 - 기타,화물,남,72세,상해없음,보행자,남,67세,경상
노인사고,2022012100100571,2022년 1월 21일 19시,금요일,부산광역시 사하구 하단동,경상사고,0,0,1,0,차대차 - 측면충돌,안전운전불이행,건조,맑음,교차로 - 교차로부근,승용,남,67세,상해없음,승용,남,66세,경상
노인사고,2022012100100572,2022년 1월 21일 19시,금요일,부산광역시 연제구 연산동,경상사고,0,0,1,0,차대사람 - 기타,안전운전불이행,건조,맑음,단일로 - 기타,승합,남,40세,상해없음,보행자,여,74세,경상
노인사고,2022012200100012,2022년 1월 22일 02시,토요일,부산광역시 북구 만덕동,중상사고,0,1,1,0,차대차 - 측면충돌,기타,건조,맑음,단일로 - 터널,승용,남,27세,상해없음,승합,남,68세,경상
노인사고,2022012200100056,2022년 1월 22일 08시,토요일,부산광역시 북구 만덕동,경상사고,0,0,2,0,차대차 - 측면충돌,안전운전불이행,건조,맑음,단일로 - 교량,승용,남,73세,상해없음,승용,남,65세,경상
노인사고,2022012200100093,2022년 1월 22일 10시,토요일,부산광역시 동래구 온천동,경상사고,0,0,1,0,차대사람 - 기타,안전운전불이행,건조,맑음,교차로 - 교차로부근,기타불명,기타불명,미분류,기타불명,보행자,여,67세,경상
노인사고,2022012200100129,2022년 1월 22일 11시,토요일,부산광역시 연제구 연산동,경상사고,0,0,5,0,차대차 - 기타,교차로운행방법위반,건조,맑음,교차로 - 교차로안,승용,남,45세,경상,승용,남,65세,경상
노인사고,2022012200100165,2022년 1월 22일 12시,토요일,부산광역시 사상구 주례동,사망사고,1,0,0,0,차량단독 - 기타,안전운전불이행,건조,맑음,교차로 - 교차로안,자전거,남,73세,사망,,,,
노인사고,2022012200100202,2022년 1월 22일 13시,토요일,부산광역시 금정구 구서동,경상사고,0,0,2,0,차대차 - 측면충돌,신호위반,건조,맑음,교차로 - 교차로안,승용,남,87세,기타불명,승용,남,65세,경상
노인사고,2022012200100263,2022년 1월 22일 15시,토요일,부산광역시 중구 남포동5가,중상사고,0,1,2,0,차대차 - 기타,기타,건조,맑음,단일로 - 기타,화물,남,66세,상해없음,이륜,여,70세,중상
노인사고,2022012200100327,2022년 1월 22일 17시,토요일,부산광역시 부산진구 연지동,경상사고,0,0,1,0,차대차 - 측면충돌,신호위반,건조,맑음,교차로 - 교차로부근,승합,남,69세,상해없음,승용,남,68세,경상
노인사고,2022012200100328,2022년 1월 22일 17시,토요일,부산광역시 사하구 하단동,경상사고,0,0,1,0,차대사람 - 차도통행중,안전운전불이행,건조,맑음,단일로 - 기타,승용,남,43세,상해없음,보행자,남,69세,경상
노인사고,2.02201E+15,2022년 1월 22일 23시,토요일,부산광역시 중구 중앙동6가,중상사고,0,1,2,0,차대차 - 측면충돌,신호위반,건조,맑음,교차로 - 교차로부근,승용,남,72세,상해없음,승합,남,43세,경상
노인사고,2022012300100177,2022년 1월 23일 15시,일요일,부산광역시 기장군 일광읍,경상사고,0,0,2,0,차대차 - 추돌,안전운전불이행,건조,맑음,단일로 - 기타,승용,여,47세,상해없음,승용,여,62세,경상
노인사고,2022012400100069,2022년 1월 24일 08시,월요일,부산광역시 남구 대연동,사망사고,1,0,0,0,차대사람 - 보도통행중,보행자보호의무위반,건조,흐림,단일로 - 기타,승용,남,62세,상해없음,보행자,남,74세,사망
노인사고,2022012400100071,2022년 1월 24일 08시,월요일,부산광역시 금정구 부곡동,중상사고,0,1,0,0,차대사람 - 횡단중,안전운전불이행,건조,맑음,단일로 - 기타,승용,남,72세,상해없음,보행자,여,89세,중상
노인사고,2022012400100181,2022년 1월 24일 11시,월요일,부산광역시 수영구 광안동,중상사고,0,1,0,0,차대차 - 측면충돌,안전운전불이행,건조,맑음,교차로 - 교차로안,승용,남,67세,상해없음,이륜,남,80세,중상
노인사고,2022012400100395,2022년 1월 24일 18시,월요일,부산광역시 해운대구 재송동,경상사고,0,0,2,0,차대차 - 추돌,안전운전불이행,건조,맑음,단일로 - 기타,승용,여,26세,상해없음,승용,여,56세,경상
노인사고,2022012400100456,2022년 1월 24일 19시,월요일,부산광역시 서구 암남동,중상사고,0,1,0,0,차대차 - 추돌,안전거리미확보,건조,맑음,단일로 - 기타,승용,남,52세,상해없음,승합,남,61세,상해없음
노인사고,2022012500100067,2022년 1월 25일 08시,화요일,부산광역시 동구 초량동,경상사고,0,0,2,0,차대차 - 추돌,안전운전불이행,건조,맑음,단일로 - 기타,승용,여,53세,상해없음,승용,남,71세,경상
노인사고,2022012500100117,2022년 1월 25일 10시,화요일,부산광역시 수영구 남천동,경상사고,0,0,1,0,차대사람 - 기타,안전운전불이행,건조,맑음,교차로 - 교차로부근,화물,남,55세,상해없음,보행자,여,72세,경상
노인사고,2022012500100118,2022년 1월 25일 10시,화요일,부산광역시 수영구 광안동,중상사고,0,1,0,0,차대사람 - 기타,안전운전불이행,건조,맑음,기타 - 기타,기타불명,기타불명,미분류,기타불명,보행자,여,67세,중상
노인사고,2.02201E+15,2022년 1월 25일 10시,화요일,부산광역시 해운대구 우동,중상사고,0,1,0,0,차대사람 - 횡단중,안전운전불이행,건조,흐림,교차로 - 교차로안,승용,남,60세,상해없음,보행자,여,81세,중상
노인사고,2022012500100122,2022년 1월 25일 10시,화요일,부산광역시 강서구 대저2동,경상사고,0,0,1,0,차대차 - 측면충돌,신호위반,건조,맑음,교차로 - 교차로안,승용,남,71세,상해없음,승용,남,77세,경상
노인사고,2.02201E+15,2022년 1월 25일 11시,화요일,부산광역시 동래구 안락동,부상신고사고,0,0,0,1,차대차 - 기타,직진우회전진행방해,건조,맑음,교차로 - 교차로안,승용,여,62세,상해없음,이륜,남,65세,부상신고
노인사고,2022012500100246,2022년 1월 25일 14시,화요일,부산광역시 남구 용호동,중상사고,0,1,0,0,차대사람 - 기타,안전운전불이행,건조,맑음,교차로 - 교차로안,승용,여,39세,상해없음,보행자,여,86세,중상
노인사고,2022012500100304,2022년 1월 25일 16시,화요일,부산광역시 사상구 학장동,경상사고,0,0,2,0,차대차 - 측면충돌,안전운전불이행,건조,맑음,주차장 - 주차장,승용,남,49세,상해없음,승용,여,44세,경상
노인사고,2022012500100491,2022년 1월 25일 21시,화요일,부산광역시 부산진구 당감동,경상사고,0,0,2,0,차대차 - 추돌,안전운전불이행,건조,맑음,교차로 - 교차로부근,승용,여,26세,상해없음,승용,남,69세,경상
노인사고,2022012600100027,2022년 1월 26일 05시,수요일,부산광역시 사상구 학장동,중상사고,0,1,0,0,차대차 - 추돌,안전운전불이행,건조,맑음,단일로 - 기타,승용,남,60세,상해없음,자전거,남,66세,중상
노인사고,2.02201E+15,2022년 1월 27일 07시,목요일,부산광역시 동래구 칠산동,중상사고,0,2,0,0,차대사람 - 보도통행중,기타,건조,맑음,단일로 - 기타,화물,남,55세,상해없음,보행자,여,65세,중상
노인사고,2022012700100097,2022년 1월 27일 09시,목요일,부산광역시 연제구 연산동,경상사고,0,0,2,0,차대차 - 기타,교차로운행방법위반,건조,맑음,교차로 - 교차로안,승용,남,64세,상해없음,승용,남,84세,경상
노인사고,2022012700100151,2022년 1월 27일 11시,목요일,부산광역시 부산진구 가야동,중상사고,0,1,0,0,차대차 - 기타,안전거리미확보,건조,맑음,단일로 - 기타,승용,남,59세,상해없음,승합,남,61세,상해없음
노인사고,2022012700100153,2022년 1월 27일 11시,목요일,부산광역시 사상구 모라동,중상사고,0,1,0,0,차대차 - 측면충돌,안전거리미확보,건조,맑음,단일로 - 기타,이륜,남,73세,중상,승용,남,61세,상해없음
노인사고,2022012700100281,2022년 1월 27일 15시,목요일,부산광역시 북구 화명동,중상사고,0,1,1,0,차대차 - 추돌,안전거리미확보,건조,맑음,단일로 - 기타,승용,남,52세,상해없음,승합,남,32세,상해없음
노인사고,2022012700100323,2022년 1월 27일 16시,목요일,부산광역시 해운대구 반여동,경상사고,0,0,1,0,차대차 - 기타,안전거리미확보,건조,맑음,교차로 - 교차로부근,승용,여,52세,상해없음,승합,남,50세,상해없음
노인사고,2022012700100354,2022년 1월 27일 17시,목요일,부산광역시 사상구 감전동,중상사고,0,2,0,0,차대차 - 측면충돌,교차로운행방법위반,건조,맑음,교차로 - 교차로안,화물,남,71세,상해없음,승용,남,64세,중상
노인사고,2.02201E+15,2022년 1월 27일 19시,목요일,부산광역시 부산진구 범천동,경상사고,0,0,2,0,차대사람 - 횡단중,안전운전불이행,건조,맑음,교차로 - 교차로안,승용,남,81세,상해없음,보행자,여,67세,경상
노인사고,2022012700100468,2022년 1월 27일 20시,목요일,부산광역시 중구 남포동6가,경상사고,0,0,1,0,차대차 - 측면충돌,교차로운행방법위반,건조,맑음,교차로 - 교차로안,이륜,남,65세,경상,승용,남,65세,상해없음
노인사고,2022012800100014,2022년 1월 28일 05시,금요일,부산광역시 남구 용당동,중상사고,0,1,0,0,차대사람 - 기타,안전운전불이행,건조,맑음,단일로 - 기타,승용,남,70세,상해없음,보행자,여,66세,중상
노인사고,2022012800100111,2022년 1월 28일 10시,금요일,부산광역시 중구 영주동,경상사고,0,0,1,1,차대차 - 측면충돌,차로위반,건조,맑음,단일로 - 기타,승용,남,68세,경상,승용,남,67세,부상신고
노인사고,2022012800100225,2022년 1월 28일 13시,금요일,부산광역시 수영구 남천동,경상사고,0,0,2,0,차대차 - 측면충돌,신호위반,건조,맑음,교차로 - 교차로안,승용,남,51세,상해없음,승용,남,70세,경상
노인사고,2022012800100265,2022년 1월 28일 14시,금요일,부산광역시 금정구 서동,중상사고,0,1,0,0,차대사람 - 기타,보행자보호의무위반,건조,맑음,교차로 - 교차로부근,화물,남,45세,상해없음,보행자,남,71세,중상
노인사고,2022012800100352,2022년 1월 28일 16시,금요일,부산광역시 서구 토성동5가,부상신고사고,0,0,0,1,차대차 - 측면충돌,신호위반,건조,맑음,교차로 - 교차로안,자전거,여,66세,부상신고,화물,남,36세,상해없음
노인사고,2022012800100353,2022년 1월 28일 16시,금요일,부산광역시 동래구 안락동,경상사고,0,0,1,0,차대차 - 추돌,안전운전불이행,건조,맑음,단일로 - 기타,승용,남,45세,상해없음,승용,여,67세,경상
노인사고,2022012800100438,2022년 1월 28일 18시,금요일,부산광역시 부산진구 가야동,경상사고,0,0,2,0,차대차 - 측면충돌,안전운전불이행,건조,맑음,단일로 - 기타,특수,남,49세,상해없음,승용,남,68세,경상
노인사고,2022012800100511,2022년 1월 28일 19시,금요일,부산광역시 부산진구 부전동,중상사고,0,1,0,0,차대차 - 기타,교차로운행방법위반,건조,맑음,교차로 - 교차로안,승용,남,34세,상해없음,승용,남,67세,중상
노인사고,2022012800100543,2022년 1월 28일 20시,금요일,부산광역시 사하구 신평동,중상사고,0,1,0,0,차대차 - 추돌,안전운전불이행,건조,맑음,단일로 - 기타,승용,여,60세,상해없음,승용,남,65세,중상
노인사고,2022012900100076,2022년 1월 29일 10시,토요일,부산광역시 강서구 송정동,사망사고,1,0,0,0,차대차 - 측면충돌,안전운전불이행,건조,맑음,교차로 - 교차로안,승용,남,57세,상해없음,이륜,남,66세,사망
노인사고,2022012900100104,2022년 1월 29일 11시,토요일,부산광역시 강서구 송정동,중상사고,0,1,0,0,차대차 - 추돌,안전운전불이행,건조,맑음,단일로 - 기타,승용,남,70세,중상,건설기계,남,59세,상해없음
노인사고,2022012900100105,2022년 1월 29일 11시,토요일,부산광역시 사상구 괘법동,경상사고,0,0,1,1,차대차 - 측면충돌,안전운전불이행,건조,맑음,교차로 - 교차로부근,승용,남,66세,부상신고,승용,여,56세,경상
노인사고,2022012900100135,2022년 1월 29일 12시,토요일,부산광역시 동구 초량동,경상사고,0,0,1,0,차대사람 - 차도통행중,안전운전불이행,건조,맑음,단일로 - 기타,승용,남,60세,상해없음,보행자,여,80세,경상
노인사고,2022012900100203,2022년 1월 29일 14시,토요일,부산광역시 수영구 민락동,중상사고,0,1,1,0,차대차 - 기타,안전운전불이행,건조,맑음,교차로 - 교차로안,화물,남,52세,상해없음,승용,남,69세,중상
노인사고,2022012900100258,2022년 1월 29일 16시,토요일,부산광역시 동래구 안락동,중상사고,0,1,0,0,차대사람 - 차도통행중,안전운전불이행,건조,맑음,단일로 - 기타,화물,남,35세,상해없음,보행자,남,69세,중상
노인사고,2022013000100026,2022년 1월 30일 06시,일요일,부산광역시 해운대구 반여동,중상사고,0,1,0,0,차대차 - 기타,신호위반,건조,맑음,교차로 - 교차로안,승용,남,66세,상해없음,자전거,남,67세,중상
노인사고,2022013000100032,2022년 1월 30일 08시,일요일,부산광역시 연제구 연산동,경상사고,0,0,1,0,차대차 - 기타,안전운전불이행,건조,맑음,교차로 - 교차로부근,승용,남,60세,상해없음,자전거,남,68세,경상
노인사고,2022013000100048,2022년 1월 30일 10시,일요일,부산광역시 동구 범일동,중상사고,0,1,0,0,차대차 - 측면충돌,교차로운행방법위반,건조,맑음,교차로 - 교차로부근,이륜,남,73세,중상,승용,여,38세,상해없음
노인사고,2.02201E+15,2022년 1월 30일 14시,일요일,부산광역시 금정구 두구동,중상사고,0,1,0,0,차대사람 - 기타,안전운전불이행,건조,맑음,교차로 - 교차로안,승용,남,64세,상해없음,보행자,남,73세,중상
노인사고,2.02201E+15,2022년 1월 30일 15시,일요일,부산광역시 금정구 서동,경상사고,0,0,1,0,차대차 - 후진중충돌,안전운전불이행,건조,맑음,단일로 - 기타,승용,여,81세,상해없음,화물,여,66세,경상
노인사고,2022013000100365,2022년 1월 30일 23시,일요일,부산광역시 남구 대연동,사망사고,1,0,0,0,차대사람 - 보도통행중,안전운전불이행,건조,맑음,교차로 - 교차로횡단보도내,승용,남,62세,상해없음,보행자,남,79세,사망
노인사고,2022013100100095,2022년 1월 31일 13시,월요일,부산광역시 동구 범일동,경상사고,0,0,1,1,차대차 - 기타,중앙선침범,건조,맑음,단일로 - 기타,승용,남,20세,부상신고,승용,남,73세,경상
노인사고,2022013100100217,2022년 1월 31일 18시,월요일,부산광역시 남구 용당동,중상사고,0,1,0,0,차대사람 - 길가장자리구역통행중,안전운전불이행,건조,맑음,교차로 - 교차로부근,승합,남,57세,상해없음,보행자,남,68세,중상
노인사고,2022020100100169,2022년 2월 1일 18시,화요일,부산광역시 동래구 명륜동,중상사고,0,1,0,0,차대차 - 기타,안전운전불이행,건조,맑음,단일로 - 기타,승용,남,38세,상해없음,승용,남,67세,중상
노인사고,2022020200100004,2022년 2월 2일 00시,수요일,부산광역시 동래구 안락동,경상사고,0,0,2,0,차대차 - 기타,안전운전불이행,건조,맑음,단일로 - 기타,승용,남,23세,상해없음,승용,남,37세,상해없음
노인사고,2022020200100011,2022년 2월 2일 01시,수요일,부산광역시 사하구 장림동,중상사고,0,1,0,0,차대사람 - 기타,안전운전불이행,건조,맑음,단일로 - 지하차도(도로)내,이륜,남,21세,기타불명,보행자,남,67세,중상
노인사고,2022020200100043,2022년 2월 2일 10시,수요일,부산광역시 서구 서대신동3가,중상사고,0,1,2,0,차대차 - 측면충돌,중앙선침범,건조,맑음,단일로 - 기타,승용,남,29세,경상,승용,여,73세,중상
노인사고,2022020200100057,2022년 2월 2일 11시,수요일,부산광역시 금정구 장전동,경상사고,0,0,2,1,차대차 - 측면충돌,신호위반,건조,맑음,교차로 - 교차로안,이륜,남,22세,부상신고,승용,남,65세,경상
노인사고,2022020300100282,2022년 2월 3일 16시,목요일,부산광역시 강서구 대저1동,중상사고,0,1,0,0,차대차 - 측면충돌,안전운전불이행,건조,맑음,단일로 - 기타,화물,남,67세,상해없음,승용,여,67세,중상
노인사고,2022020400100011,2022년 2월 4일 01시,금요일,부산광역시 금정구 서동,경상사고,0,0,1,0,차대차 - 측면충돌,안전운전불이행,건조,맑음,단일로 - 기타,승용,여,30세,상해없음,화물,남,66세,경상
노인사고,2022020400100054,2022년 2월 4일 08시,금요일,부산광역시 동래구 안락동,중상사고,0,1,0,0,차대사람 - 횡단중,안전운전불이행,건조,맑음,교차로 - 교차로안,승용,여,45세,상해없음,보행자,여,67세,중상
노인사고,2022020400100078,2022년 2월 4일 09시,금요일,부산광역시 기장군 기장읍,경상사고,0,0,4,0,차대차 - 추돌,안전운전불이행,건조,맑음,교차로 - 교차로부근,화물,남,59세,상해없음,승용,여,37세,경상
노인사고,2022020400100104,2022년 2월 4일 10시,금요일,부산광역시 남구 용호동,중상사고,0,1,0,0,차대차 - 추돌,신호위반,건조,맑음,교차로 - 교차로안,승합,남,67세,상해없음,자전거,남,69세,중상
노인사고,2022020400100131,2022년 2월 4일 11시,금요일,부산광역시 동래구 안락동,경상사고,0,0,1,0,차대사람 - 기타,보행자보호의무위반,건조,맑음,단일로 - 기타,승합,남,38세,상해없음,보행자,여,84세,경상
노인사고,2022020400100193,2022년 2월 4일 13시,금요일,부산광역시 부산진구 부암동,경상사고,0,0,1,0,차대사람 - 기타,안전운전불이행,건조,맑음,주차장 - 주차장,승용,남,54세,상해없음,보행자,여,74세,경상
노인사고,2022020400100219,2022년 2월 4일 14시,금요일,부산광역시 해운대구 반송동,중상사고,0,2,1,0,차대차 - 기타,안전운전불이행,건조,맑음,교차로 - 교차로부근,승용,남,60세,상해없음,승용,남,30세,경상
노인사고,2022020400100242,2022년 2월 4일 15시,금요일,부산광역시 수영구 광안동,중상사고,0,1,0,0,차대사람 - 횡단중,안전운전불이행,건조,맑음,교차로 - 교차로안,화물,남,81세,상해없음,보행자,남,92세,중상
노인사고,2022020400100342,2022년 2월 4일 18시,금요일,부산광역시 수영구 망미동,경상사고,0,0,1,0,차대차 - 기타,교차로운행방법위반,건조,맑음,교차로 - 교차로부근,화물,남,69세,상해없음,승용,남,70세,경상
노인사고,2022020400100448,2022년 2월 4일 21시,금요일,부산광역시 수영구 광안동,경상사고,0,0,1,0,차대사람 - 차도통행중,안전운전불이행,건조,맑음,교차로 - 교차로부근,승용,여,59세,상해없음,보행자,남,74세,경상
노인사고,2022020400100484,2022년 2월 4일 22시,금요일,부산광역시 부산진구 연지동,경상사고,0,0,1,0,차대차 - 추돌,안전거리미확보,건조,맑음,단일로 - 기타,이륜,남,42세,상해없음,승용,남,82세,경상
노인사고,2022020500100038,2022년 2월 5일 08시,토요일,부산광역시 금정구 금사동,중상사고,0,1,0,0,차대차 - 기타,안전운전불이행,건조,맑음,단일로 - 기타,화물,남,61세,상해없음,승용,여,67세,중상
노인사고,2022020500100081,2022년 2월 5일 11시,토요일,부산광역시 부산진구 가야동,경상사고,0,0,2,0,차대차 - 측면충돌,안전운전불이행,건조,맑음,교차로 - 교차로안,이륜,남,26세,경상,승용,남,71세,경상