사고부문,사고번호,사고일시,요일,시군구,사고내용,사망자수,중상자수,경상자수,부상신고자수,사고유형,법규위반,노면상태,기상상태,도로형태,가해운전자 차종,가해운전자 성별,가해운전자 연령,가해운전자 상해정도,피해운전자 차종,피해운전자 성별,피해운전자 연령,피해운전자 상해정도
노인사고,2022020500100135,2022년 2월 5일 13시,토요일,부산광역시 동래구 온천동,경상사고,0,0,1,0,차대차 - 측면충돌,안전운전불이행,건조,맑음,단일로 - 기타,이륜,남,53세,상해없음,승합,남,65세,경상
노인사고,2022020500100217,2022년 2월 5일 16시,토요일,부산광역시 금정구 노포동,경상사고,0,0,1,0,차대차 - 측면충돌,안전운전불이행,건조,맑음,단일로 - 기타,자전거,남,74세,경상,승합,남,46세,상해없음
노인사고,2022020500100243,2022년 2월 5일 17시,토요일,부산광역시 동래구 낙민동,경상사고,0,0,1,0,차대차 - 측면충돌,안전운전불이행,건조,맑음,교차로 - 교차로안,승용,남,68세,경상,승용,남,47세,상해없음
노인사고,2022020600100011,2022년 2월 6일 04시,일요일,부산광역시 기장군 기장읍,중상사고,0,1,0,0,차대사람 - 길가장자리구역통행중,안전운전불이행,건조,맑음,단일로 - 기타,승합,남,33세,상해없음,보행자,여,98세 이상,중상
노인사고,2.02202E+15,2022년 2월 6일 14시,일요일,부산광역시 영도구 남항동3가,경상사고,0,0,1,0,차대차 - 기타,안전운전불이행,건조,맑음,교차로 - 교차로안,승용,남,63세,상해없음,자전거,남,72세,경상
노인사고,2022020600100212,2022년 2월 6일 19시,일요일,부산광역시 기장군 정관읍,중상사고,0,1,0,0,차대사람 - 횡단중,보행자보호의무위반,건조,맑음,교차로 - 교차로횡단보도내,승용,남,69세,상해없음,보행자,남,78세,중상
노인사고,2022020700100033,2022년 2월 7일 07시,월요일,부산광역시 강서구 명지동,중상사고,0,4,3,0,차대차 - 추돌,안전운전불이행,건조,맑음,단일로 - 기타,승합,남,63세,상해없음,승용,남,62세,경상
노인사고,2022020700100077,2022년 2월 7일 09시,월요일,부산광역시 해운대구 송정동,경상사고,0,0,1,0,차대사람 - 횡단중,보행자보호의무위반,건조,맑음,교차로 - 교차로안,승용,여,64세,상해없음,보행자,여,66세,경상
노인사고,2022020700100078,2022년 2월 7일 09시,월요일,부산광역시 부산진구 범천동,부상신고사고,0,0,0,1,차대차 - 측면충돌,안전운전불이행,건조,맑음,교차로 - 교차로부근,승용,남,35세,상해없음,승용,남,71세,부상신고
노인사고,2022020700100079,2022년 2월 7일 09시,월요일,부산광역시 사하구 신평동,중상사고,0,1,0,0,차대차 - 기타,안전운전불이행,건조,맑음,교차로 - 교차로안,승용,여,27세,기타불명,이륜,남,70세,중상
노인사고,2.02202E+15,2022년 2월 7일 12시,월요일,부산광역시 금정구 남산동,경상사고,0,0,1,0,차대사람 - 길가장자리구역통행중,안전운전불이행,건조,맑음,단일로 - 기타,승용,여,44세,상해없음,보행자,여,89세,경상
노인사고,2022020800100035,2022년 2월 8일 06시,화요일,부산광역시 사하구 당리동,중상사고,0,1,0,0,차대사람 - 횡단중,보행자보호의무위반,건조,맑음,교차로 - 교차로횡단보도내,화물,남,68세,상해없음,보행자,남,71세,중상
노인사고,2022020800100107,2022년 2월 8일 09시,화요일,부산광역시 동구 좌천동,중상사고,0,1,2,0,차대차 - 측면충돌,안전거리미확보,건조,맑음,단일로 - 기타,특수,남,68세,상해없음,승용,남,65세,중상
노인사고,2022020800100147,2022년 2월 8일 11시,화요일,부산광역시 서구 암남동,중상사고,0,1,4,0,차대차 - 추돌,안전운전불이행,건조,맑음,단일로 - 기타,승합,남,58세,상해없음,승합,남,48세,상해없음
노인사고,2022020800100148,2022년 2월 8일 11시,화요일,부산광역시 북구 금곡동,중상사고,0,1,0,0,차대차 - 기타,신호위반,건조,맑음,교차로 - 교차로횡단보도내,이륜,남,23세,상해없음,자전거,남,73세,중상
노인사고,2022020800100169,2022년 2월 8일 12시,화요일,부산광역시 부산진구 부전동,경상사고,0,0,1,0,차대차 - 추돌,기타,건조,맑음,교차로 - 교차로안,승용,남,35세,상해없음,승용,남,74세,경상
노인사고,2022020800100313,2022년 2월 8일 17시,화요일,부산광역시 금정구 장전동,중상사고,0,1,1,0,차대차 - 기타,신호위반,건조,맑음,교차로 - 교차로안,이륜,남,70세,중상,승용,남,33세,경상
노인사고,2022020800100314,2022년 2월 8일 17시,화요일,부산광역시 사하구 괴정동,중상사고,0,1,0,0,차대사람 - 횡단중,보행자보호의무위반,건조,맑음,교차로 - 교차로횡단보도내,승용,여,56세,상해없음,보행자,여,68세,중상
노인사고,2022020800100344,2022년 2월 8일 18시,화요일,부산광역시 남구 대연동,경상사고,0,0,1,0,차대차 - 측면충돌,안전운전불이행,건조,맑음,단일로 - 교량,승용,여,19세,기타불명,승용,남,69세,경상
노인사고,2022020800100396,2022년 2월 8일 19시,화요일,부산광역시 해운대구 재송동,경상사고,0,0,3,0,차대차 - 측면충돌,안전거리미확보,건조,맑음,단일로 - 지하차도(도로)내,승용,여,59세,상해없음,승용,남,43세,경상
노인사고,2022020900100074,2022년 2월 9일 08시,수요일,부산광역시 부산진구 전포동,중상사고,0,1,0,0,차대사람 - 횡단중,안전운전불이행,건조,맑음,단일로 - 기타,승합,남,61세,상해없음,보행자,남,76세,중상
노인사고,2022020900100075,2022년 2월 9일 08시,수요일,부산광역시 사하구 하단동,중상사고,0,1,0,0,차대차 - 기타,안전운전불이행,건조,맑음,단일로 - 기타,자전거,남,75세,중상,승용,남,36세,상해없음
노인사고,2022020900100102,2022년 2월 9일 09시,수요일,부산광역시 동구 범일동,중상사고,0,1,0,0,차대차 - 측면충돌,차로위반,건조,맑음,교차로 - 교차로부근,이륜,남,72세,중상,승용,여,48세,상해없음
노인사고,2022020900100103,2022년 2월 9일 09시,수요일,부산광역시 서구 남부민동,중상사고,0,1,0,0,차대사람 - 횡단중,보행자보호의무위반,건조,맑음,교차로 - 교차로횡단보도내,승용,여,60세,상해없음,보행자,여,89세,중상
노인사고,2022020900100207,2022년 2월 9일 13시,수요일,부산광역시 사하구 다대동,경상사고,0,0,2,0,차대차 - 측면충돌,교차로운행방법위반,건조,맑음,교차로 - 교차로안,이륜,남,70세,경상,이륜,남,29세,경상
노인사고,2022020900100257,2022년 2월 9일 15시,수요일,부산광역시 동구 초량동,경상사고,0,0,1,0,차량단독 - 기타,안전운전불이행,건조,맑음,단일로 - 지하차도(도로)내,승합,남,66세,상해없음,,,,
노인사고,2022020900100296,2022년 2월 9일 16시,수요일,부산광역시 동래구 온천동,경상사고,0,0,1,0,차대사람 - 길가장자리구역통행중,안전운전불이행,건조,맑음,단일로 - 기타,승용,여,37세,상해없음,보행자,남,68세,경상
노인사고,2022020900100355,2022년 2월 9일 18시,수요일,부산광역시 기장군 정관읍,경상사고,0,0,4,0,차대차 - 추돌,안전운전불이행,건조,맑음,교차로 - 교차로부근,승용,여,27세,상해없음,승용,남,67세,경상
노인사고,2022020900100401,2022년 2월 9일 19시,수요일,부산광역시 사하구 감천동,중상사고,0,1,0,0,차대차 - 정면충돌,중앙선침범,건조,맑음,단일로 - 기타,승용,남,36세,상해없음,승용,남,68세,중상
노인사고,2.02202E+15,2022년 2월 10일 10시,목요일,부산광역시 부산진구 범천동,경상사고,0,0,1,0,차대차 - 측면충돌,안전거리미확보,건조,맑음,기타 - 기타,승용,여,63세,기타불명,승용,남,67세,경상
노인사고,2022021000100196,2022년 2월 10일 13시,목요일,부산광역시 동구 범일동,경상사고,0,0,1,0,차대사람 - 차도통행중,교차로운행방법위반,건조,맑음,교차로 - 교차로안,승용,여,55세,상해없음,보행자,남,82세,경상
노인사고,2022021000100198,2022년 2월 10일 13시,목요일,부산광역시 영도구 영선동2가,경상사고,0,0,1,0,차대사람 - 기타,안전운전불이행,건조,맑음,단일로 - 기타,승용,여,45세,상해없음,보행자,여,80세,경상
노인사고,2022021000100229,2022년 2월 10일 14시,목요일,부산광역시 남구 용호동,중상사고,0,1,0,0,차대사람 - 기타,안전운전불이행,건조,맑음,단일로 - 기타,승용,여,42세,상해없음,보행자,여,66세,중상
노인사고,2022021100100085,2022년 2월 11일 09시,금요일,부산광역시 금정구 남산동,중상사고,0,1,0,0,차대사람 - 기타,기타,건조,맑음,단일로 - 기타,승용,여,49세,상해없음,보행자,남,73세,중상
노인사고,2022021100100112,2022년 2월 11일 10시,금요일,부산광역시 중구 동광동5가,경상사고,0,0,1,0,차대차 - 측면충돌,교차로운행방법위반,건조,맑음,교차로 - 교차로안,승용,남,48세,상해없음,이륜,남,71세,경상
노인사고,2022021100100206,2022년 2월 11일 13시,금요일,부산광역시 강서구 생곡동,경상사고,0,0,4,0,차대차 - 측면충돌,안전운전불이행,건조,맑음,단일로 - 기타,화물,남,47세,상해없음,승용,여,34세,경상
노인사고,2022021100100251,2022년 2월 11일 15시,금요일,부산광역시 동구 범일동,중상사고,0,1,2,0,차대차 - 측면충돌,교차로운행방법위반,건조,맑음,교차로 - 교차로안,승용,남,62세,중상,승용,여,29세,경상
노인사고,2022021100100252,2022년 2월 11일 15시,금요일,부산광역시 부산진구 개금동,부상신고사고,0,0,0,1,차량단독 - 기타,기타,건조,맑음,교차로 - 교차로안,승합,남,71세,상해없음,,,,
노인사고,2022021100100292,2022년 2월 11일 16시,금요일,부산광역시 강서구 동선동,중상사고,0,2,0,0,차대차 - 추돌,안전운전불이행,건조,맑음,단일로 - 기타,승용,남,34세,상해없음,승용,남,24세,중상
노인사고,2022021100100317,2022년 2월 11일 17시,금요일,부산광역시 북구 덕천동,중상사고,0,1,0,0,차대사람 - 횡단중,보행자보호의무위반,건조,맑음,단일로 - 지하차도(도로)내,화물,남,83세,상해없음,보행자,남,67세,중상
노인사고,2022021100100318,2022년 2월 11일 17시,금요일,부산광역시 해운대구 재송동,중상사고,0,1,0,0,차대차 - 측면충돌,안전운전불이행,건조,맑음,교차로 - 교차로안,승용,남,21세,상해없음,자전거,남,79세,중상
노인사고,2022021100100322,2022년 2월 11일 17시,금요일,부산광역시 연제구 거제동,중상사고,0,1,0,0,차대차 - 측면충돌,안전거리미확보,건조,맑음,단일로 - 기타,화물,남,46세,상해없음,승용,남,80세,중상
노인사고,2022021100100354,2022년 2월 11일 18시,금요일,부산광역시 기장군 정관읍,경상사고,0,0,1,0,차대사람 - 횡단중,안전운전불이행,건조,맑음,교차로 - 교차로부근,승용,여,53세,상해없음,보행자,여,74세,경상
노인사고,2022021100100442,2022년 2월 11일 20시,금요일,부산광역시 연제구 연산동,경상사고,0,0,2,0,차대차 - 측면충돌,안전거리미확보,건조,맑음,교차로 - 교차로부근,승용,남,68세,상해없음,승용,남,59세,경상
노인사고,2022021100100503,2022년 2월 11일 22시,금요일,부산광역시 서구 남부민동,경상사고,0,0,1,1,차대차 - 추돌,안전운전불이행,건조,맑음,단일로 - 기타,승용,남,34세,상해없음,승용,남,63세,경상
노인사고,2022021200100027,2022년 2월 12일 04시,토요일,부산광역시 금정구 부곡동,경상사고,0,0,1,0,차대사람 - 기타,안전운전불이행,건조,맑음,기타 - 기타,승용,여,52세,상해없음,보행자,남,75세,경상
노인사고,2022021200100134,2022년 2월 12일 12시,토요일,부산광역시 금정구 구서동,경상사고,0,0,1,0,차대차 - 측면충돌,안전운전불이행,건조,맑음,교차로 - 교차로안,승용,여,39세,상해없음,자전거,남,76세,경상
노인사고,2022021200100157,2022년 2월 12일 13시,토요일,부산광역시 북구 화명동,경상사고,0,0,1,0,차량단독 - 기타,기타,건조,맑음,단일로 - 기타,승합,남,68세,상해없음,,,,
노인사고,2022021200100331,2022년 2월 12일 19시,토요일,부산광역시 동래구 명장동,중상사고,0,1,0,0,차대사람 - 기타,안전운전불이행,건조,맑음,주차장 - 주차장,승용,남,59세,상해없음,보행자,여,73세,중상
노인사고,2022021200100389,2022년 2월 12일 21시,토요일,부산광역시 사상구 감전동,중상사고,0,2,1,0,차대차 - 측면충돌,신호위반,건조,흐림,교차로 - 교차로안,화물,남,69세,중상,승용,남,50세,경상
노인사고,2022021300100056,2022년 2월 13일 11시,일요일,부산광역시 남구 용호동,경상사고,0,0,2,0,차대차 - 추돌,안전거리미확보,건조,맑음,단일로 - 기타,승용,남,53세,상해없음,승용,남,39세,경상
노인사고,2022021300100074,2022년 2월 13일 12시,일요일,부산광역시 서구 충무동1가,중상사고,0,1,0,0,차량단독 - 기타,안전운전불이행,건조,맑음,교차로 - 교차로부근,승합,남,47세,상해없음,,,,
노인사고,2022021300100115,2022년 2월 13일 14시,일요일,부산광역시 남구 문현동,경상사고,0,0,1,0,차대사람 - 길가장자리구역통행중,안전운전불이행,건조,맑음,교차로 - 교차로안,승용,남,29세,상해없음,보행자,남,79세,경상
노인사고,2022021400100094,2022년 2월 14일 09시,월요일,부산광역시 사상구 모라동,경상사고,0,0,1,0,차대사람 - 기타,안전운전불이행,건조,맑음,교차로 - 교차로안,승용,남,62세,상해없음,보행자,남,80세,경상
노인사고,2022021400100145,2022년 2월 14일 11시,월요일,부산광역시 중구 부평동2가,경상사고,0,0,1,0,차대사람 - 횡단중,신호위반,건조,맑음,교차로 - 교차로부근,승용,남,56세,상해없음,보행자,여,71세,경상
노인사고,2022021400100272,2022년 2월 14일 15시,월요일,부산광역시 해운대구 우동,중상사고,0,1,1,0,차대차 - 정면충돌,중앙선침범,건조,맑음,단일로 - 기타,승용,남,81세,중상,승용,남,48세,경상
노인사고,2022021400100273,2022년 2월 14일 15시,월요일,부산광역시 부산진구 부전동,중상사고,0,1,0,0,차대차 - 측면충돌,안전거리미확보,건조,맑음,기타 - 기타,승용,남,80세,기타불명,승용,남,67세,중상
노인사고,2022021400100493,2022년 2월 14일 23시,월요일,부산광역시 연제구 거제동,중상사고,0,1,0,0,차대차 - 측면충돌,신호위반,건조,맑음,단일로 - 기타,이륜,남,18세,상해없음,승용,남,71세,중상
노인사고,2022021500100019,2022년 2월 15일 06시,화요일,부산광역시 동구 초량동,경상사고,0,0,2,0,차대차 - 기타,안전운전불이행,건조,맑음,단일로 - 지하차도(도로)내,화물,남,55세,상해없음,건설기계,남,58세,상해없음
노인사고,2022021500100043,2022년 2월 15일 08시,화요일,부산광역시 동구 초량동,경상사고,0,0,2,0,차대차 - 측면충돌,안전거리미확보,건조,맑음,단일로 - 지하차도(도로)내,건설기계,남,59세,경상,승용,남,67세,경상
노인사고,2.02202E+15,2022년 2월 15일 09시,화요일,부산광역시 동구 수정동,경상사고,0,0,1,0,차대사람 - 보도통행중,보행자보호의무위반,건조,맑음,단일로 - 기타,승용,남,60세,상해없음,보행자,남,79세,경상
노인사고,2022021500100109,2022년 2월 15일 11시,화요일,부산광역시 사상구 모라동,경상사고,0,0,4,0,차대차 - 측면충돌,신호위반,건조,맑음,교차로 - 교차로안,승용,남,83세,기타불명,승용,남,71세,경상
노인사고,2022021500100133,2022년 2월 15일 12시,화요일,부산광역시 금정구 두구동,경상사고,0,0,1,0,차대차 - 기타,안전거리미확보,건조,맑음,단일로 - 기타,승합,남,57세,상해없음,승용,남,61세,상해없음
노인사고,2022021500100166,2022년 2월 15일 13시,화요일,부산광역시 사하구 장림동,경상사고,0,0,1,0,차대차 - 기타,안전운전불이행,건조,맑음,단일로 - 기타,기타불명,기타불명,미분류,기타불명,승합,남,62세,상해없음
노인사고,2022021500100191,2022년 2월 15일 14시,화요일,부산광역시 남구 대연동,중상사고,0,1,0,0,차대사람 - 보도통행중,보행자보호의무위반,건조,맑음,단일로 - 기타,승용,남,74세,상해없음,보행자,남,86세,중상
노인사고,2022021500100192,2022년 2월 15일 14시,화요일,부산광역시 부산진구 범천동,경상사고,0,0,1,0,차대차 - 측면충돌,안전운전불이행,건조,맑음,단일로 - 기타,이륜,남,32세,상해없음,승합,남,36세,상해없음
노인사고,2022021500100407,2022년 2월 15일 21시,화요일,부산광역시 동구 수정동,경상사고,0,0,1,0,차대사람 - 횡단중,보행자보호의무위반,건조,맑음,단일로 - 기타,승용,여,65세,상해없음,보행자,여,66세,경상
노인사고,2022021600100276,2022년 2월 16일 17시,수요일,부산광역시 북구 만덕동,경상사고,0,0,1,0,차대사람 - 횡단중,안전운전불이행,건조,맑음,교차로 - 교차로횡단보도내,승용,여,49세,상해없음,보행자,남,68세,경상
노인사고,2022021600100382,2022년 2월 16일 20시,수요일,부산광역시 부산진구 부암동,중상사고,0,1,0,0,차대사람 - 기타,안전운전불이행,건조,맑음,단일로 - 기타,승용,남,43세,상해없음,보행자,여,73세,중상
노인사고,2022021700100024,2022년 2월 17일 06시,목요일,부산광역시 부산진구 전포동,중상사고,0,1,0,0,차대사람 - 횡단중,신호위반,건조,맑음,기타 - 기타,승용,남,62세,상해없음,보행자,여,66세,중상
노인사고,2022021700100089,2022년 2월 17일 09시,목요일,부산광역시 영도구 청학동,중상사고,0,1,0,0,차대차 - 기타,안전운전불이행,건조,맑음,단일로 - 기타,승용,남,68세,상해없음,승용,여,40세,기타불명
노인사고,2022021700100217,2022년 2월 17일 14시,목요일,부산광역시 수영구 광안동,중상사고,0,1,0,0,차대사람 - 기타,안전운전불이행,건조,맑음,교차로 - 교차로안,승용,남,52세,상해없음,보행자,여,74세,중상
노인사고,2022021700100219,2022년 2월 17일 14시,목요일,부산광역시 연제구 연산동,경상사고,0,0,1,0,차대차 - 추돌,안전운전불이행,건조,맑음,교차로 - 교차로횡단보도내,자전거,남,77세,경상,승용,남,57세,상해없음
노인사고,2022021700100278,2022년 2월 17일 16시,목요일,부산광역시 중구 영주동,중상사고,0,1,0,0,차대사람 - 기타,안전운전불이행,건조,맑음,단일로 - 기타,이륜,남,23세,상해없음,보행자,여,83세,중상
노인사고,2022021800100036,2022년 2월 18일 06시,금요일,부산광역시 남구 대연동,중상사고,0,1,0,0,차대차 - 측면충돌,안전운전불이행,건조,맑음,교차로 - 교차로안,기타불명,기타불명,미분류,기타불명,승합,남,56세,상해없음
노인사고,2022021800100128,2022년 2월 18일 10시,금요일,부산광역시 연제구 연산동,경상사고,0,0,1,0,차대차 - 측면충돌,중앙선침범,건조,맑음,단일로 - 기타,승용,남,52세,상해없음,승용,남,69세,경상
노인사고,2.02202E+15,2022년 2월 18일 15시,금요일,부산광역시 사하구 괴정동,중상사고,0,1,0,0,차대사람 - 기타,안전운전불이행,건조,맑음,단일로 - 기타,화물,여,42세,상해없음,보행자,여,72세,중상
노인사고,2022021800100335,2022년 2월 18일 17시,금요일,부산광역시 사상구 모라동,경상사고,0,0,2,0,차대차 - 추돌,안전거리미확보,기타,기타,단일로 - 터널,화물,여,42세,경상,승용,남,74세,경상
노인사고,2022021800100373,2022년 2월 18일 18시,금요일,부산광역시 사상구 괘법동,경상사고,0,0,1,0,차대차 - 기타,안전운전불이행,건조,맑음,교차로 - 교차로부근,승합,남,70세,경상,승용,남,24세,상해없음
노인사고,2022021800100405,2022년 2월 18일 19시,금요일,부산광역시 해운대구 중동,중상사고,0,1,0,0,차대사람 - 횡단중,안전운전불이행,건조,맑음,단일로 - 기타,승용,여,39세,상해없음,보행자,남,72세,중상
노인사고,2022021800100438,2022년 2월 18일 20시,금요일,부산광역시 해운대구 반여동,경상사고,0,0,1,0,차량단독 - 기타,안전운전불이행,건조,맑음,단일로 - 기타,승합,남,52세,상해없음,,,,
노인사고,2022021900100218,2022년 2월 19일 15시,토요일,부산광역시 북구 구포동,경상사고,0,0,1,0,차대사람 - 기타,안전운전불이행,건조,맑음,단일로 - 지하차도(도로)내,승용,여,27세,상해없음,보행자,남,72세,경상
노인사고,2022021900100219,2022년 2월 19일 15시,토요일,부산광역시 부산진구 부전동,중상사고,0,1,0,0,차대사람 - 횡단중,신호위반,건조,맑음,단일로 - 기타,승용,여,36세,상해없음,보행자,남,65세,중상
노인사고,2022021900100271,2022년 2월 19일 17시,토요일,부산광역시 부산진구 부전동,중상사고,0,1,0,0,차대사람 - 차도통행중,안전운전불이행,건조,맑음,교차로 - 교차로안,승용,남,54세,상해없음,보행자,남,71세,중상
노인사고,2.02202E+15,2022년 2월 20일 12시,일요일,부산광역시 금정구 서동,중상사고,0,1,4,0,차대차 - 기타,교차로운행방법위반,건조,맑음,교차로 - 교차로안,승용,남,72세,상해없음,원동기,남,18세,중상
노인사고,2022022000100238,2022년 2월 20일 18시,일요일,부산광역시 기장군 철마면,중상사고,0,1,0,0,차대사람 - 횡단중,안전운전불이행,건조,맑음,단일로 - 기타,승합,남,40세,상해없음,보행자,여,73세,중상
노인사고,2022022100100095,2022년 2월 21일 09시,월요일,부산광역시 남구 우암동,경상사고,0,0,1,0,차대차 - 측면충돌,안전운전불이행,건조,맑음,단일로 - 기타,승용,여,45세,상해없음,이륜,남,73세,경상
노인사고,2022022100100097,2022년 2월 21일 09시,월요일,부산광역시 강서구 명지동,경상사고,0,0,2,0,차대차 - 추돌,안전운전불이행,건조,맑음,교차로 - 교차로부근,화물,남,33세,상해없음,승용,남,44세,경상
노인사고,2022022100100184,2022년 2월 21일 12시,월요일,부산광역시 영도구 동삼동,중상사고,0,1,0,0,차대사람 - 횡단중,보행자보호의무위반,건조,맑음,기타 - 기타,화물,남,53세,상해없음,보행자,남,72세,중상
노인사고,2022022100100214,2022년 2월 21일 13시,월요일,부산광역시 북구 덕천동,경상사고,0,0,1,0,차대차 - 측면충돌,신호위반,건조,맑음,교차로 - 교차로안,승용,남,82세,상해없음,승용,남,68세,경상
노인사고,2022022100100284,2022년 2월 21일 15시,월요일,부산광역시 동래구 사직동,중상사고,0,1,0,0,차대차 - 기타,안전운전불이행,건조,맑음,교차로 - 교차로안,승합,남,71세,상해없음,승합,남,58세,기타불명
노인사고,2022022100100324,2022년 2월 21일 16시,월요일,부산광역시 영도구 청학동,경상사고,0,0,4,0,차대차 - 추돌,안전운전불이행,건조,맑음,단일로 - 기타,승용,여,29세,경상,승용,남,33세,경상
노인사고,2022022100100326,2022년 2월 21일 16시,월요일,부산광역시 강서구 성북동,중상사고,0,1,2,0,차대차 - 추돌,안전거리미확보,건조,맑음,단일로 - 기타,특수,남,42세,상해없음,특수,남,56세,경상
노인사고,2022022100100485,2022년 2월 21일 21시,월요일,부산광역시 동래구 온천동,경상사고,0,0,1,0,차대차 - 추돌,안전운전불이행,건조,맑음,단일로 - 기타,이륜,남,19세,기타불명,승용,남,66세,경상
노인사고,2022022200100022,2022년 2월 22일 06시,화요일,부산광역시 남구 우암동,사망사고,1,0,0,0,차대사람 - 보도통행중,안전운전불이행,건조,맑음,교차로 - 교차로부근,건설기계,남,55세,상해없음,보행자,여,82세,사망
노인사고,2022022200100059,2022년 2월 22일 08시,화요일,부산광역시 중구 부평동1가,부상신고사고,0,0,0,1,차대차 - 측면충돌,중앙선침범,건조,맑음,교차로 - 교차로부근,이륜,남,66세,부상신고,승용,남,31세,상해없음
노인사고,2022022200100061,2022년 2월 22일 08시,화요일,부산광역시 금정구 남산동,경상사고,0,0,1,0,차대사람 - 횡단중,안전운전불이행,건조,기타,기타 - 기타,기타불명,기타불명,미분류,기타불명,보행자,여,69세,경상
노인사고,2022022200100062,2022년 2월 22일 08시,화요일,부산광역시 연제구 연산동,경상사고,0,0,1,0,차대차 - 정면충돌,신호위반,건조,맑음,교차로 - 교차로안,승용,여,20세,기타불명,화물,남,65세,경상
노인사고,2022022200100135,2022년 2월 22일 11시,화요일,부산광역시 강서구 대저2동,경상사고,0,0,2,0,차대차 - 측면충돌,안전운전불이행,건조,맑음,교차로 - 교차로안,승용,남,41세,경상,승용,남,67세,경상
노인사고,2022022200100317,2022년 2월 22일 17시,화요일,부산광역시 동래구 명륜동,경상사고,0,0,1,0,차대차 - 측면충돌,안전운전불이행,건조,맑음,단일로 - 기타,승용,남,67세,상해없음,승용,남,67세,경상
노인사고,2022022200100347,2022년 2월 22일 18시,화요일,부산광역시 동래구 낙민동,경상사고,0,0,1,0,차대차 - 측면충돌,안전거리미확보,건조,맑음,단일로 - 기타,승용,남,55세,상해없음,승용,남,65세,경상
노인사고,2022022300100087,2022년 2월 23일 10시,수요일,부산광역시 연제구 거제동,중상사고,0,1,0,0,차량단독 - 기타,기타,건조,맑음,단일로 - 기타,승합,남,52세,상해없음,,,,
노인사고,2022022300100117,2022년 2월 23일 11시,수요일,부산광역시 남구 문현동,중상사고,0,1,0,0,차대사람 - 기타,안전운전불이행,건조,맑음,기타 - 기타,화물,남,66세,상해없음,보행자,여,73세,중상
노인사고,2022022300100205,2022년 2월 23일 14시,수요일,부산광역시 부산진구 부전동,중상사고,0,1,0,0,차대사람 - 길가장자리구역통행중,안전운전불이행,건조,맑음,교차로 - 교차로안,승용,남,38세,상해없음,보행자,남,88세,중상
노인사고,2022022300100347,2022년 2월 23일 18시,수요일,부산광역시 서구 암남동,경상사고,0,0,1,0,차량단독 - 기타,안전운전불이행,건조,맑음,단일로 - 기타,승합,남,50세,상해없음,,,,
노인사고,2022022300100377,2022년 2월 23일 19시,수요일,부산광역시 금정구 부곡동,경상사고,0,0,1,0,차대사람 - 횡단중,보행자보호의무위반,건조,맑음,교차로 - 교차로안,승용,남,62세,상해없음,보행자,남,65세,경상
노인사고,2022022300100421,2022년 2월 23일 21시,수요일,부산광역시 남구 대연동,중상사고,0,1,0,0,차대사람 - 보도통행중,안전운전불이행,건조,맑음,교차로 - 교차로안,승용,남,73세,상해없음,보행자,남,67세,중상
노인사고,2022022300100444,2022년 2월 23일 22시,수요일,부산광역시 사하구 하단동,중상사고,0,1,0,0,차대차 - 기타,안전운전불이행,건조,맑음,단일로 - 지하차도(도로)내,승용,여,35세,상해없음,자전거,남,66세,중상
노인사고,2022022400100023,2022년 2월 24일 06시,목요일,부산광역시 동래구 온천동,경상사고,0,0,1,0,차대차 - 기타,신호위반,건조,맑음,단일로 - 기타,승합,남,52세,상해없음,자전거,남,81세,경상
노인사고,2022022400100099,2022년 2월 24일 09시,목요일,부산광역시 부산진구 부암동,중상사고,0,1,0,0,차대차 - 측면충돌,안전거리미확보,건조,맑음,기타 - 기타,승용,남,79세,상해없음,승용,여,67세,중상
노인사고,2022022400100101,2022년 2월 24일 09시,목요일,부산광역시 강서구 대저2동,중상사고,0,2,0,0,차대차 - 기타,신호위반,건조,맑음,교차로 - 교차로안,승용,남,78세,상해없음,승용,남,57세,상해없음
노인사고,2022022400100181,2022년 2월 24일 12시,목요일,부산광역시 서구 충무동1가,부상신고사고,0,0,0,1,차량단독 - 기타,안전운전불이행,건조,맑음,교차로 - 교차로부근,승합,남,60세,상해없음,,,,
노인사고,2022022400100274,2022년 2월 24일 15시,목요일,부산광역시 사하구 장림동,중상사고,0,1,0,0,차대사람 - 기타,안전운전불이행,건조,맑음,단일로 - 기타,승용,남,40세,상해없음,보행자,여,82세,중상
노인사고,2022022400100346,2022년 2월 24일 17시,목요일,부산광역시 금정구 노포동,경상사고,0,0,1,0,차대차 - 측면충돌,안전운전불이행,건조,맑음,단일로 - 기타,원동기,남,68세,경상,승용,여,46세,상해없음
노인사고,2022022400100423,2022년 2월 24일 19시,목요일,부산광역시 남구 감만동,경상사고,0,0,1,0,차대차 - 측면충돌,안전운전불이행,건조,맑음,교차로 - 교차로안,승용,여,32세,상해없음,승용,남,70세,경상
노인사고,2022022500100276,2022년 2월 25일 14시,금요일,부산광역시 사하구 괴정동,중상사고,0,1,0,0,차대사람 - 차도통행중,안전운전불이행,건조,맑음,교차로 - 교차로부근,승용,남,59세,상해없음,보행자,남,72세,중상
노인사고,2022022600100335,2022년 2월 26일 18시,토요일,부산광역시 동래구 사직동,경상사고,0,0,1,0,차대차 - 정면충돌,중앙선침범,건조,맑음,단일로 - 기타,이륜,남,32세,상해없음,이륜,남,71세,경상