사고부문,사고번호,사고일시,요일,시군구,사고내용,사망자수,중상자수,경상자수,부상신고자수,사고유형,법규위반,노면상태,기상상태,도로형태,가해운전자 차종,가해운전자 성별,가해운전자 연령,가해운전자 상해정도,피해운전자 차종,피해운전자 성별,피해운전자 연령,피해운전자 상해정도
노인사고,2022022700100078,2022년 2월 27일 11시,일요일,부산광역시 금정구 청룡동,중상사고,0,1,1,0,차량단독 - 기타,안전운전불이행,건조,맑음,단일로 - 기타,승합,남,64세,상해없음,,,,
노인사고,2.02202E+15,2022년 2월 27일 13시,일요일,부산광역시 사하구 다대동,경상사고,0,0,1,0,차대차 - 기타,안전운전불이행,건조,맑음,단일로 - 기타,승용,남,45세,상해없음,승용,여,67세,경상
노인사고,2.02202E+15,2022년 2월 28일 10시,월요일,부산광역시 연제구 연산동,중상사고,0,2,0,0,차대사람 - 횡단중,안전운전불이행,건조,맑음,단일로 - 기타,이륜,남,81세,상해없음,보행자,여,83세,중상
노인사고,2022022800100176,2022년 2월 28일 12시,월요일,부산광역시 수영구 남천동,경상사고,0,0,1,0,차대사람 - 기타,안전운전불이행,건조,맑음,교차로 - 교차로부근,승용,여,55세,상해없음,보행자,남,79세,경상
노인사고,2022022800100209,2022년 2월 28일 13시,월요일,부산광역시 서구 암남동,중상사고,0,1,0,0,차대사람 - 기타,안전운전불이행,건조,맑음,교차로 - 교차로안,화물,남,75세,상해없음,보행자,여,83세,중상
노인사고,2.02202E+15,2022년 2월 28일 13시,월요일,부산광역시 남구 대연동,중상사고,0,1,0,0,차대사람 - 길가장자리구역통행중,안전운전불이행,건조,맑음,교차로 - 교차로부근,화물,남,75세,상해없음,보행자,여,90세,중상
노인사고,2022030200100033,2022년 3월 2일 07시,수요일,부산광역시 중구 대창동2가,중상사고,0,1,0,0,차대사람 - 횡단중,안전운전불이행,건조,맑음,교차로 - 교차로부근,승합,남,57세,상해없음,보행자,남,65세,중상
노인사고,2022030200100055,2022년 3월 2일 08시,수요일,부산광역시 동래구 수안동,경상사고,0,0,1,0,차대차 - 측면충돌,안전운전불이행,건조,맑음,단일로 - 교량,승용,남,47세,상해없음,화물,남,38세,상해없음
노인사고,2022030200100057,2022년 3월 2일 08시,수요일,부산광역시 부산진구 개금동,중상사고,0,1,0,1,차대차 - 기타,교차로운행방법위반,건조,기타,교차로 - 교차로부근,이륜,남,69세,부상신고,승용,남,48세,상해없음
노인사고,2.02203E+15,2022년 3월 2일 09시,수요일,부산광역시 기장군 정관읍,경상사고,0,0,1,0,차대차 - 기타,기타,건조,맑음,단일로 - 기타,승용,여,40세,상해없음,승용,남,36세,상해없음
노인사고,2022030200100126,2022년 3월 2일 10시,수요일,부산광역시 사상구 감전동,중상사고,0,1,0,0,차대차 - 측면충돌,안전운전불이행,건조,맑음,교차로 - 교차로부근,승합,남,57세,상해없음,자전거,남,78세,중상
노인사고,2022030200100159,2022년 3월 2일 11시,수요일,부산광역시 부산진구 부전동,경상사고,0,0,1,0,차대차 - 추돌,안전운전불이행,건조,맑음,교차로 - 교차로부근,승용,여,62세,기타불명,이륜,남,73세,경상
노인사고,2.02203E+15,2022년 3월 2일 12시,수요일,부산광역시 중구 부평동1가,중상사고,0,1,0,0,차대사람 - 기타,안전운전불이행,건조,맑음,단일로 - 기타,이륜,남,62세,상해없음,보행자,여,79세,중상
노인사고,2022030200100252,2022년 3월 2일 14시,수요일,부산광역시 강서구 대저2동,사망사고,1,1,3,0,차대차 - 추돌,안전운전불이행,건조,맑음,교차로 - 교차로부근,화물,남,32세,상해없음,화물,남,73세,사망
노인사고,2022030200100285,2022년 3월 2일 15시,수요일,부산광역시 금정구 금사동,경상사고,0,0,1,0,차대차 - 측면충돌,신호위반,건조,맑음,교차로 - 교차로안,승용,남,73세,상해없음,승용,여,73세,경상
노인사고,2022030200100318,2022년 3월 2일 16시,수요일,부산광역시 사하구 괴정동,중상사고,0,1,1,0,차대사람 - 기타,안전운전불이행,건조,맑음,단일로 - 기타,원동기,여,41세,경상,보행자,여,85세,중상
노인사고,2022030200100357,2022년 3월 2일 17시,수요일,부산광역시 기장군 기장읍,경상사고,0,0,1,0,차대차 - 기타,직진우회전진행방해,건조,맑음,교차로 - 교차로안,승용,남,41세,상해없음,승용,남,71세,경상
노인사고,2022030200100438,2022년 3월 2일 19시,수요일,부산광역시 사하구 구평동,경상사고,0,0,1,0,차대차 - 추돌,안전운전불이행,건조,맑음,교차로 - 교차로부근,화물,남,40세,상해없음,승용,남,67세,경상
노인사고,2022030300100143,2022년 3월 3일 10시,목요일,부산광역시 기장군 기장읍,경상사고,0,0,1,0,차대차 - 추돌,안전운전불이행,건조,맑음,교차로 - 교차로안,승용,남,26세,상해없음,화물,남,65세,경상
노인사고,2.02203E+15,2022년 3월 3일 13시,목요일,부산광역시 사하구 하단동,경상사고,0,0,2,0,차대차 - 기타,교차로운행방법위반,건조,맑음,교차로 - 교차로안,승용,남,74세,상해없음,승용,남,58세,상해없음
노인사고,2022030300100317,2022년 3월 3일 16시,목요일,부산광역시 금정구 서동,경상사고,0,0,1,0,차대사람 - 기타,안전운전불이행,건조,맑음,단일로 - 기타,승용,남,59세,상해없음,보행자,남,84세,경상
노인사고,2022030400100031,2022년 3월 4일 07시,금요일,부산광역시 사하구 신평동,경상사고,0,0,1,0,차대차 - 측면충돌,안전운전불이행,건조,맑음,단일로 - 기타,승합,남,65세,상해없음,승용,남,69세,경상
노인사고,2022030400100041,2022년 3월 4일 08시,금요일,부산광역시 해운대구 재송동,경상사고,0,0,1,0,차대사람 - 기타,보행자보호의무위반,건조,맑음,교차로 - 교차로횡단보도내,승용,여,47세,상해없음,보행자,여,84세,경상
노인사고,2022030400100102,2022년 3월 4일 11시,금요일,부산광역시 서구 암남동,중상사고,0,1,0,0,차대사람 - 횡단중,안전운전불이행,건조,맑음,교차로 - 교차로횡단보도내,승용,남,59세,상해없음,보행자,여,80세,중상
노인사고,2022030400100221,2022년 3월 4일 15시,금요일,부산광역시 동구 좌천동,중상사고,0,1,0,0,차대차 - 정면충돌,신호위반,건조,맑음,단일로 - 기타,자전거,남,66세,중상,승용,남,27세,상해없음
노인사고,2022030400100222,2022년 3월 4일 15시,금요일,부산광역시 부산진구 가야동,경상사고,0,0,1,0,차대사람 - 기타,안전운전불이행,건조,맑음,단일로 - 기타,승용,여,23세,상해없음,보행자,여,77세,경상
노인사고,2022030400100384,2022년 3월 4일 20시,금요일,부산광역시 사하구 장림동,중상사고,0,2,0,0,차대사람 - 횡단중,안전운전불이행,건조,맑음,단일로 - 기타,이륜,남,17세,중상,보행자,여,80세,중상
노인사고,2022030400100471,2022년 3월 4일 23시,금요일,부산광역시 부산진구 가야동,경상사고,0,0,1,0,차대차 - 추돌,안전운전불이행,건조,맑음,단일로 - 기타,승용,남,20세,상해없음,승용,남,70세,경상
노인사고,2022030500100031,2022년 3월 5일 06시,토요일,부산광역시 동래구 온천동,중상사고,0,1,0,0,차대사람 - 기타,안전운전불이행,건조,맑음,교차로 - 교차로안,승용,남,57세,상해없음,보행자,남,79세,중상
노인사고,2022030500100032,2022년 3월 5일 06시,토요일,부산광역시 사하구 하단동,중상사고,0,1,0,0,차대사람 - 횡단중,안전운전불이행,건조,맑음,단일로 - 지하차도(도로)내,승용,남,46세,상해없음,보행자,남,86세,중상
노인사고,2022030500100069,2022년 3월 5일 09시,토요일,부산광역시 부산진구 개금동,경상사고,0,0,1,0,차대사람 - 기타,안전운전불이행,건조,맑음,기타 - 기타,승용,남,65세,상해없음,보행자,여,80세,경상
노인사고,2.02203E+15,2022년 3월 5일 11시,토요일,부산광역시 사하구 신평동,경상사고,0,0,1,0,차대사람 - 기타,기타,건조,맑음,단일로 - 기타,승용,남,25세,상해없음,보행자,남,65세,경상
노인사고,2022030500100121,2022년 3월 5일 11시,토요일,부산광역시 사하구 장림동,중상사고,0,1,0,0,차대사람 - 기타,안전운전불이행,건조,맑음,단일로 - 기타,승용,여,36세,상해없음,보행자,여,65세,중상
노인사고,2022030500100442,2022년 3월 5일 23시,토요일,부산광역시 서구 충무동1가,중상사고,0,1,0,0,차대차 - 기타,안전운전불이행,건조,맑음,교차로 - 교차로횡단보도내,승용,여,46세,상해없음,자전거,남,70세,중상
노인사고,2022030500100443,2022년 3월 5일 23시,토요일,부산광역시 영도구 대교동1가,경상사고,0,0,2,0,차대차 - 추돌,안전거리미확보,건조,맑음,단일로 - 교량,승용,남,55세,기타불명,승용,남,70세,경상
노인사고,2022030700100016,2022년 3월 7일 05시,월요일,부산광역시 기장군 기장읍,경상사고,0,0,1,0,차대차 - 측면충돌,안전운전불이행,건조,맑음,교차로 - 교차로안,승용,남,35세,상해없음,자전거,여,76세,경상
노인사고,2022030700100205,2022년 3월 7일 13시,월요일,부산광역시 부산진구 당감동,경상사고,0,0,1,0,차대차 - 기타,안전운전불이행,건조,맑음,단일로 - 기타,승용,남,61세,상해없음,승용,남,66세,경상
노인사고,2022030700100345,2022년 3월 7일 19시,월요일,부산광역시 부산진구 전포동,중상사고,0,1,0,0,차대사람 - 횡단중,보행자보호의무위반,건조,맑음,교차로 - 교차로횡단보도내,승용,남,62세,상해없음,보행자,남,65세,중상
노인사고,2022030700100347,2022년 3월 7일 19시,월요일,부산광역시 강서구 명지동,경상사고,0,0,2,0,차대차 - 추돌,안전운전불이행,건조,맑음,단일로 - 기타,승용,남,39세,상해없음,승용,남,73세,경상
노인사고,2022030800100044,2022년 3월 8일 08시,화요일,부산광역시 사상구 덕포동,경상사고,0,0,1,0,차대차 - 측면충돌,안전운전불이행,건조,맑음,교차로 - 교차로안,원동기,남,75세,경상,승합,여,50세,상해없음
노인사고,2022030800100103,2022년 3월 8일 10시,화요일,부산광역시 동래구 온천동,경상사고,0,0,1,0,차대차 - 추돌,신호위반,건조,맑음,교차로 - 교차로안,승용,남,51세,상해없음,승용,남,79세,경상
노인사고,2.02203E+15,2022년 3월 8일 12시,화요일,부산광역시 영도구 동삼동,경상사고,0,0,1,0,차대차 - 추돌,안전운전불이행,건조,맑음,단일로 - 지하차도(도로)내,이륜,남,32세,상해없음,이륜,남,67세,경상
노인사고,2022030800100183,2022년 3월 8일 13시,화요일,부산광역시 해운대구 송정동,중상사고,0,1,0,0,차대차 - 기타,신호위반,건조,맑음,교차로 - 교차로안,이륜,남,48세,상해없음,이륜,남,69세,중상
노인사고,2022030800100241,2022년 3월 8일 15시,화요일,부산광역시 연제구 거제동,경상사고,0,0,2,0,차대차 - 측면충돌,안전거리미확보,건조,맑음,단일로 - 기타,승용,남,65세,경상,승용,여,31세,경상
노인사고,2022030800100269,2022년 3월 8일 16시,화요일,부산광역시 부산진구 부전동,경상사고,0,0,1,0,차대차 - 측면충돌,신호위반,건조,맑음,교차로 - 교차로안,승용,여,31세,상해없음,승용,남,67세,경상
노인사고,2.02203E+15,2022년 3월 8일 16시,화요일,부산광역시 사하구 하단동,중상사고,0,1,0,0,차대차 - 정면충돌,안전운전불이행,건조,맑음,교차로 - 교차로안,승용,남,49세,상해없음,이륜,남,68세,중상
노인사고,2022030800100376,2022년 3월 8일 19시,화요일,부산광역시 금정구 서동,경상사고,0,0,1,0,차대사람 - 횡단중,안전운전불이행,건조,맑음,교차로 - 교차로안,승용,여,58세,상해없음,보행자,남,85세,경상
노인사고,2022030800100377,2022년 3월 8일 19시,화요일,부산광역시 수영구 수영동,경상사고,0,0,1,0,차대사람 - 차도통행중,안전운전불이행,건조,맑음,단일로 - 기타,승용,남,35세,상해없음,보행자,남,65세,경상
노인사고,2022030800100414,2022년 3월 8일 20시,화요일,부산광역시 연제구 연산동,경상사고,0,0,1,0,차대사람 - 차도통행중,안전운전불이행,건조,맑음,단일로 - 기타,승용,남,64세,상해없음,보행자,남,71세,경상
노인사고,2022030800100431,2022년 3월 8일 21시,화요일,부산광역시 연제구 연산동,중상사고,0,1,0,0,차대사람 - 기타,안전운전불이행,건조,맑음,교차로 - 교차로안,승용,여,50세,상해없음,보행자,남,79세,중상
노인사고,2.02203E+15,2022년 3월 9일 05시,수요일,부산광역시 사하구 하단동,중상사고,0,1,0,0,차대차 - 기타,기타,건조,흐림,교차로 - 교차로부근,승용,남,49세,상해없음,승용,남,75세,상해없음
노인사고,2022030900100061,2022년 3월 9일 08시,수요일,부산광역시 강서구 강동동,중상사고,0,1,2,0,차대차 - 기타,안전거리미확보,건조,맑음,단일로 - 기타,화물,남,69세,중상,승용,남,30세,경상
노인사고,2022030900100165,2022년 3월 9일 13시,수요일,부산광역시 남구 문현동,중상사고,0,1,0,0,차대사람 - 횡단중,안전운전불이행,건조,맑음,교차로 - 교차로횡단보도내,승용,남,38세,상해없음,보행자,여,67세,중상
노인사고,2022030900100303,2022년 3월 9일 18시,수요일,부산광역시 기장군 기장읍,중상사고,0,1,0,0,차대사람 - 횡단중,안전운전불이행,건조,맑음,단일로 - 기타,이륜,남,51세,상해없음,보행자,여,78세,중상
노인사고,2022030900100327,2022년 3월 9일 19시,수요일,부산광역시 부산진구 개금동,중상사고,0,1,0,0,차대사람 - 횡단중,보행자보호의무위반,건조,맑음,단일로 - 기타,승용,남,33세,상해없음,보행자,여,89세,중상
노인사고,2022031000100142,2022년 3월 10일 11시,목요일,부산광역시 동래구 안락동,중상사고,0,1,0,0,차대사람 - 횡단중,중앙선침범,건조,맑음,단일로 - 기타,승용,남,24세,상해없음,보행자,여,71세,중상
노인사고,2022031100100044,2022년 3월 11일 07시,금요일,부산광역시 북구 덕천동,중상사고,0,1,0,0,차대사람 - 차도통행중,안전운전불이행,건조,맑음,단일로 - 지하차도(도로)내,승용,남,47세,상해없음,보행자,여,81세,중상
노인사고,2022031100100088,2022년 3월 11일 09시,금요일,부산광역시 남구 대연동,중상사고,0,1,0,0,차대사람 - 기타,안전운전불이행,건조,맑음,교차로 - 교차로안,승용,여,46세,상해없음,보행자,남,71세,중상
노인사고,2022031100100141,2022년 3월 11일 11시,금요일,부산광역시 북구 금곡동,중상사고,0,1,0,0,차대사람 - 기타,안전운전불이행,건조,맑음,단일로 - 지하차도(도로)내,승용,남,47세,상해없음,보행자,여,75세,중상
노인사고,2022031100100177,2022년 3월 11일 12시,금요일,부산광역시 사상구 괘법동,경상사고,0,0,1,0,차대사람 - 차도통행중,안전운전불이행,건조,맑음,단일로 - 기타,승용,남,60세,상해없음,보행자,남,77세,경상
노인사고,2.02203E+15,2022년 3월 11일 16시,금요일,부산광역시 부산진구 당감동,중상사고,0,1,0,0,차대사람 - 길가장자리구역통행중,안전운전불이행,건조,맑음,교차로 - 교차로부근,화물,남,47세,상해없음,보행자,여,80세,중상
노인사고,2022031100100359,2022년 3월 11일 18시,금요일,부산광역시 사상구 주례동,경상사고,0,0,1,0,차대사람 - 횡단중,안전운전불이행,건조,맑음,단일로 - 기타,승용,남,33세,상해없음,보행자,남,80세,경상
노인사고,2022031100100419,2022년 3월 11일 20시,금요일,부산광역시 북구 덕천동,중상사고,0,1,0,0,차대차 - 기타,신호위반,건조,맑음,교차로 - 교차로안,이륜,남,18세,상해없음,이륜,남,66세,중상
노인사고,2022031100100501,2022년 3월 11일 23시,금요일,부산광역시 동래구 온천동,경상사고,0,0,2,0,차대차 - 측면충돌,안전운전불이행,건조,맑음,교차로 - 교차로안,승용,남,28세,기타불명,승용,남,35세,경상
노인사고,2022031200100052,2022년 3월 12일 09시,토요일,부산광역시 서구 암남동,경상사고,0,0,1,0,차대차 - 추돌,안전거리미확보,건조,맑음,교차로 - 교차로부근,승용,남,56세,상해없음,이륜,남,85세,경상
노인사고,2.02203E+15,2022년 3월 12일 11시,토요일,부산광역시 수영구 수영동,경상사고,0,0,1,0,차대차 - 측면충돌,직진우회전진행방해,건조,맑음,교차로 - 교차로안,승합,남,43세,상해없음,승용,남,81세,경상
노인사고,2022031200100221,2022년 3월 12일 15시,토요일,부산광역시 남구 감만동,경상사고,0,0,1,0,차대사람 - 횡단중,안전운전불이행,건조,맑음,교차로 - 교차로부근,화물,남,36세,상해없음,보행자,남,70세,경상
노인사고,2022031200100273,2022년 3월 12일 17시,토요일,부산광역시 부산진구 당감동,중상사고,0,1,0,0,차대사람 - 기타,안전운전불이행,건조,기타,기타 - 기타,승용,남,49세,상해없음,보행자,남,81세,중상
노인사고,2.02203E+15,2022년 3월 13일 02시,일요일,부산광역시 동구 수정동,경상사고,0,0,1,0,차대차 - 측면충돌,교차로운행방법위반,건조,맑음,교차로 - 교차로부근,승용,남,31세,상해없음,승용,남,66세,경상
노인사고,2022031300100081,2022년 3월 13일 12시,일요일,부산광역시 기장군 기장읍,중상사고,0,2,2,0,차대차 - 측면충돌,직진우회전진행방해,젖음/습기,비,교차로 - 교차로안,승합,남,61세,경상,화물,남,67세,중상
노인사고,2022031300100223,2022년 3월 13일 18시,일요일,부산광역시 부산진구 범천동,부상신고사고,0,0,0,1,차대사람 - 기타,안전운전불이행,건조,맑음,단일로 - 기타,승합,남,67세,부상신고,보행자,여,67세,기타불명
노인사고,2022031300100224,2022년 3월 13일 18시,일요일,부산광역시 금정구 서동,중상사고,0,1,0,0,차대사람 - 횡단중,보행자보호의무위반,젖음/습기,비,단일로 - 기타,이륜,남,50세,상해없음,보행자,여,71세,중상
노인사고,2022031400100165,2022년 3월 14일 12시,월요일,부산광역시 사상구 학장동,경상사고,0,0,1,0,차대사람 - 기타,안전운전불이행,기타,맑음,단일로 - 기타,승용,여,60세,상해없음,보행자,여,75세,경상
노인사고,2022031400100355,2022년 3월 14일 19시,월요일,부산광역시 동구 초량동,중상사고,0,1,0,0,차대사람 - 기타,안전운전불이행,건조,맑음,단일로 - 기타,승용,남,67세,상해없음,보행자,여,67세,중상
노인사고,2.02203E+15,2022년 3월 14일 23시,월요일,부산광역시 사상구 주례동,경상사고,0,0,1,0,차대차 - 추돌,안전운전불이행,건조,맑음,교차로 - 교차로부근,승용,남,27세,상해없음,승용,남,70세,경상
노인사고,2.02203E+15,2022년 3월 15일 11시,화요일,부산광역시 동구 초량동,부상신고사고,0,0,0,1,차량단독 - 기타,안전운전불이행,건조,맑음,단일로 - 기타,승합,남,42세,상해없음,,,,
노인사고,2022031500100151,2022년 3월 15일 11시,화요일,부산광역시 동래구 복천동,경상사고,0,0,1,0,차대차 - 추돌,안전운전불이행,건조,맑음,단일로 - 기타,승용,여,40세,상해없음,승용,남,70세,경상
노인사고,2022031500100183,2022년 3월 15일 12시,화요일,부산광역시 수영구 광안동,중상사고,0,1,0,0,차대사람 - 기타,안전운전불이행,건조,맑음,단일로 - 기타,승용,남,68세,상해없음,보행자,여,78세,중상
노인사고,2022031500100199,2022년 3월 15일 13시,화요일,부산광역시 남구 문현동,경상사고,0,0,1,0,차대차 - 기타,안전운전불이행,건조,맑음,단일로 - 기타,승용,여,35세,상해없음,승용,남,66세,경상
노인사고,2022031500100306,2022년 3월 15일 17시,화요일,부산광역시 사하구 당리동,중상사고,0,1,0,0,차대차 - 기타,안전운전불이행,건조,맑음,단일로 - 기타,승용,남,31세,상해없음,개인형이동수단(PM),남,75세,중상
노인사고,2022031600100019,2022년 3월 16일 05시,수요일,부산광역시 부산진구 범천동,경상사고,0,0,2,0,차대차 - 기타,신호위반,건조,맑음,교차로 - 교차로안,승용,남,66세,상해없음,승용,남,65세,경상
노인사고,2022031600100042,2022년 3월 16일 07시,수요일,부산광역시 수영구 광안동,경상사고,0,0,3,0,차대차 - 기타,신호위반,건조,맑음,교차로 - 교차로안,승용,남,59세,상해없음,승용,남,41세,경상
노인사고,2022031600100043,2022년 3월 16일 07시,수요일,부산광역시 사하구 괴정동,중상사고,0,1,2,0,차대차 - 추돌,신호위반,건조,맑음,단일로 - 기타,승용,남,63세,상해없음,승용,여,43세,경상
노인사고,2022031600100146,2022년 3월 16일 11시,수요일,부산광역시 동구 범일동,중상사고,0,2,2,0,차대차 - 측면충돌,교차로운행방법위반,건조,맑음,교차로 - 교차로안,승용,여,47세,경상,화물,남,65세,경상
노인사고,2022031700100053,2022년 3월 17일 08시,목요일,부산광역시 동래구 온천동,중상사고,0,1,0,0,차대사람 - 보도통행중,안전운전불이행,건조,맑음,교차로 - 교차로안,승용,남,64세,상해없음,보행자,여,80세,중상
노인사고,2022031700100147,2022년 3월 17일 12시,목요일,부산광역시 사하구 신평동,중상사고,0,1,0,0,차대차 - 기타,신호위반,건조,맑음,교차로 - 교차로안,이륜,남,67세,중상,승용,남,79세,상해없음
노인사고,2022031700100183,2022년 3월 17일 14시,목요일,부산광역시 남구 대연동,경상사고,0,0,1,0,차대사람 - 기타,보행자보호의무위반,건조,맑음,기타 - 기타,승용,여,53세,상해없음,보행자,남,82세,경상
노인사고,2022031700100205,2022년 3월 17일 15시,목요일,부산광역시 서구 동대신동1가,경상사고,0,0,1,0,차대차 - 측면충돌,신호위반,젖음/습기,비,교차로 - 교차로안,승용,여,60세,상해없음,승용,남,74세,경상
노인사고,2022031700100414,2022년 3월 17일 21시,목요일,부산광역시 수영구 망미동,중상사고,0,1,0,0,차대사람 - 횡단중,신호위반,젖음/습기,비,단일로 - 기타,승용,여,55세,상해없음,보행자,여,75세,중상
노인사고,2022031700100441,2022년 3월 17일 22시,목요일,부산광역시 북구 화명동,경상사고,0,0,3,0,차대차 - 기타,신호위반,젖음/습기,흐림,교차로 - 교차로안,승용,남,22세,상해없음,승용,남,34세,경상
노인사고,2022031700100466,2022년 3월 17일 23시,목요일,부산광역시 동래구 온천동,중상사고,0,2,0,0,차대차 - 측면충돌,중앙선침범,젖음/습기,비,교차로 - 교차로안,승용,여,56세,상해없음,승용,남,65세,중상
노인사고,2022031800100025,2022년 3월 18일 05시,금요일,부산광역시 해운대구 좌동,중상사고,0,1,0,0,차대사람 - 횡단중,보행자보호의무위반,젖음/습기,비,교차로 - 교차로횡단보도내,승용,여,53세,상해없음,보행자,여,65세,중상
노인사고,2022031800100299,2022년 3월 18일 19시,금요일,부산광역시 해운대구 좌동,중상사고,0,1,0,0,차대사람 - 기타,안전운전불이행,건조,흐림,기타 - 기타,승용,남,61세,상해없음,보행자,여,67세,중상
노인사고,2022031800100379,2022년 3월 18일 22시,금요일,부산광역시 남구 우암동,경상사고,0,0,1,0,차대차 - 추돌,안전운전불이행,젖음/습기,흐림,단일로 - 기타,승용,남,52세,상해없음,승합,남,75세,상해없음
노인사고,2022031900100079,2022년 3월 19일 10시,토요일,부산광역시 남구 감만동,중상사고,0,1,1,0,차대차 - 기타,안전거리미확보,젖음/습기,비,단일로 - 기타,승용,여,54세,상해없음,특수,남,67세,중상
노인사고,2022031900100138,2022년 3월 19일 12시,토요일,부산광역시 수영구 광안동,경상사고,0,0,1,0,차대차 - 추돌,안전운전불이행,젖음/습기,흐림,교차로 - 교차로부근,이륜,남,27세,기타불명,승용,여,43세,상해없음
노인사고,2.02203E+15,2022년 3월 19일 13시,토요일,부산광역시 동래구 복천동,경상사고,0,0,1,0,차대차 - 측면충돌,안전운전불이행,건조,맑음,교차로 - 교차로부근,화물,남,60세,상해없음,승용,남,73세,경상
노인사고,2022032000100166,2022년 3월 20일 16시,일요일,부산광역시 영도구 동삼동,경상사고,0,0,1,0,차대사람 - 횡단중,안전운전불이행,건조,맑음,단일로 - 지하차도(도로)내,승용,여,46세,상해없음,보행자,여,84세,경상
노인사고,2022032000100167,2022년 3월 20일 16시,일요일,부산광역시 금정구 장전동,중상사고,0,1,0,0,차대사람 - 횡단중,보행자보호의무위반,건조,맑음,교차로 - 교차로안,승용,남,32세,상해없음,보행자,여,87세,중상
노인사고,2022032000100184,2022년 3월 20일 17시,일요일,부산광역시 남구 대연동,중상사고,0,1,0,0,차대사람 - 차도통행중,교차로운행방법위반,건조,맑음,교차로 - 교차로부근,승용,남,54세,상해없음,보행자,여,70세,중상
노인사고,2022032100100108,2022년 3월 21일 10시,월요일,부산광역시 북구 구포동,중상사고,0,1,0,0,차대사람 - 기타,안전운전불이행,건조,맑음,기타 - 기타,화물,남,61세,상해없음,보행자,여,79세,중상
노인사고,2.02203E+15,2022년 3월 21일 21시,월요일,부산광역시 부산진구 부전동,경상사고,0,0,1,0,차대사람 - 기타,안전운전불이행,건조,맑음,단일로 - 기타,승용,남,18세,상해없음,보행자,남,74세,경상
노인사고,2022032200100057,2022년 3월 22일 09시,화요일,부산광역시 기장군 기장읍,경상사고,0,0,2,0,차대사람 - 기타,안전운전불이행,건조,맑음,단일로 - 기타,승용,여,65세,상해없음,보행자,남,66세,경상
노인사고,2022032200100189,2022년 3월 22일 14시,화요일,부산광역시 부산진구 부전동,경상사고,0,0,1,1,차대차 - 추돌,안전운전불이행,건조,기타,교차로 - 교차로부근,승용,남,60세,상해없음,승용,여,66세,경상
노인사고,2022032200100214,2022년 3월 22일 15시,화요일,부산광역시 서구 충무동3가,경상사고,0,0,1,0,차대차 - 측면충돌,신호위반,건조,맑음,교차로 - 교차로안,이륜,남,57세,상해없음,화물,남,68세,경상
노인사고,2022032300100199,2022년 3월 23일 14시,수요일,부산광역시 동래구 온천동,경상사고,0,0,1,0,차대사람 - 기타,안전운전불이행,건조,맑음,단일로 - 기타,승용,여,46세,상해없음,보행자,남,81세,경상
노인사고,2022032300100276,2022년 3월 23일 17시,수요일,부산광역시 남구 용호동,경상사고,0,0,1,0,차대사람 - 길가장자리구역통행중,안전운전불이행,건조,맑음,교차로 - 교차로부근,화물,남,46세,상해없음,보행자,여,69세,경상
노인사고,2022032300100344,2022년 3월 23일 19시,수요일,부산광역시 동구 범일동,중상사고,0,1,0,0,차대사람 - 기타,안전운전불이행,건조,맑음,단일로 - 기타,승용,남,46세,상해없음,보행자,여,89세,중상
노인사고,2022032400100102,2022년 3월 24일 10시,목요일,부산광역시 사하구 괴정동,부상신고사고,0,0,0,1,차량단독 - 기타,안전운전불이행,건조,맑음,단일로 - 기타,승합,남,63세,상해없음,,,,
노인사고,2.02203E+15,2022년 3월 24일 11시,목요일,부산광역시 사상구 모라동,경상사고,0,0,1,1,차대차 - 추돌,안전운전불이행,건조,맑음,단일로 - 터널,승용,남,81세,상해없음,승용,남,78세,부상신고
노인사고,2022032400100151,2022년 3월 24일 12시,목요일,부산광역시 남구 용호동,경상사고,0,0,1,0,차대사람 - 기타,안전운전불이행,건조,맑음,단일로 - 기타,승합,남,46세,상해없음,보행자,여,81세,경상
노인사고,2022032400100152,2022년 3월 24일 12시,목요일,부산광역시 남구 문현동,중상사고,0,1,0,0,차대차 - 기타,신호위반,건조,맑음,교차로 - 교차로안,승용,남,71세,상해없음,이륜,남,75세,중상
노인사고,2022032400100265,2022년 3월 24일 16시,목요일,부산광역시 동구 범일동,경상사고,0,0,1,0,차대사람 - 기타,안전운전불이행,건조,맑음,단일로 - 기타,승용,남,34세,상해없음,보행자,여,70세,경상
노인사고,2022032500100037,2022년 3월 25일 07시,금요일,부산광역시 금정구 회동동,중상사고,0,1,2,0,차대차 - 추돌,직진우회전진행방해,건조,맑음,교차로 - 교차로안,건설기계,남,69세,경상,화물,남,40세,경상
노인사고,2022032500100038,2022년 3월 25일 07시,금요일,부산광역시 사상구 괘법동,중상사고,0,1,0,0,차대차 - 추돌,안전거리미확보,건조,맑음,단일로 - 지하차도(도로)내,승용,남,68세,기타불명,승합,남,47세,상해없음
노인사고,2022032500100092,2022년 3월 25일 09시,금요일,부산광역시 연제구 거제동,경상사고,0,0,1,0,차대차 - 측면충돌,교차로운행방법위반,건조,맑음,교차로 - 교차로안,승용,남,70세,상해없음,원동기,남,75세,경상
노인사고,2022032500100113,2022년 3월 25일 10시,금요일,부산광역시 부산진구 전포동,경상사고,0,0,1,0,차대사람 - 횡단중,안전운전불이행,건조,맑음,단일로 - 기타,화물,남,54세,상해없음,보행자,여,77세,경상
노인사고,2022032500100218,2022년 3월 25일 14시,금요일,부산광역시 북구 화명동,경상사고,0,0,1,0,차량단독 - 기타,기타,건조,맑음,단일로 - 지하차도(도로)내,승합,남,69세,상해없음,,,,