사고부문,사고번호,사고일시,요일,시군구,사고내용,사망자수,중상자수,경상자수,부상신고자수,사고유형,법규위반,노면상태,기상상태,도로형태,가해운전자 차종,가해운전자 성별,가해운전자 연령,가해운전자 상해정도,피해운전자 차종,피해운전자 성별,피해운전자 연령,피해운전자 상해정도
노인사고,2022032500100249,2022년 3월 25일 15시,금요일,부산광역시 서구 서대신동3가,경상사고,0,0,1,0,차대사람 - 횡단중,신호위반,건조,맑음,교차로 - 교차로안,승용,남,85세,상해없음,보행자,여,73세,경상
노인사고,2022032500100392,2022년 3월 25일 19시,금요일,부산광역시 금정구 장전동,경상사고,0,0,1,0,차대차 - 측면충돌,기타,건조,맑음,교차로 - 교차로안,승용,여,41세,상해없음,승용,남,73세,경상
노인사고,2022032600100051,2022년 3월 26일 04시,토요일,부산광역시 서구 토성동3가,경상사고,0,0,3,0,차대차 - 측면충돌,신호위반,젖음/습기,비,교차로 - 교차로안,승용,남,25세,상해없음,승용,남,65세,경상
노인사고,2022032600100082,2022년 3월 26일 08시,토요일,부산광역시 동구 범일동,중상사고,0,1,0,0,차대차 - 추돌,안전운전불이행,젖음/습기,흐림,단일로 - 기타,승용,남,36세,상해없음,자전거,남,73세,중상
노인사고,2022032600100183,2022년 3월 26일 13시,토요일,부산광역시 강서구 명지동,경상사고,0,0,5,0,차대차 - 추돌,안전거리미확보,건조,맑음,단일로 - 기타,승합,남,77세,상해없음,승용,여,28세,경상
노인사고,2022032600100237,2022년 3월 26일 15시,토요일,부산광역시 연제구 연산동,경상사고,0,0,4,0,차대차 - 추돌,안전운전불이행,건조,맑음,단일로 - 기타,승용,여,65세,상해없음,승용,남,66세,경상
노인사고,2.02203E+15,2022년 3월 27일 11시,일요일,부산광역시 강서구 명지동,중상사고,0,1,0,0,차대사람 - 횡단중,안전운전불이행,건조,맑음,교차로 - 교차로부근,승용,남,54세,상해없음,보행자,여,68세,중상
노인사고,2022032800100128,2022년 3월 28일 10시,월요일,부산광역시 동구 범일동,중상사고,0,1,0,0,차대사람 - 기타,안전운전불이행,건조,맑음,단일로 - 기타,승용,남,59세,상해없음,보행자,여,69세,중상
노인사고,2022032800100129,2022년 3월 28일 10시,월요일,부산광역시 사상구 모라동,중상사고,0,1,1,0,차대차 - 측면충돌,신호위반,건조,맑음,교차로 - 교차로안,승용,여,57세,기타불명,이륜,남,71세,중상
노인사고,2022032800100244,2022년 3월 28일 14시,월요일,부산광역시 연제구 거제동,경상사고,0,0,1,0,차대차 - 추돌,안전운전불이행,건조,맑음,교차로 - 교차로부근,건설기계,남,49세,상해없음,승용,남,65세,경상
노인사고,2022032800100406,2022년 3월 28일 19시,월요일,부산광역시 연제구 연산동,경상사고,0,0,1,0,차대차 - 측면충돌,안전운전불이행,건조,맑음,단일로 - 기타,승용,남,68세,상해없음,승용,여,70세,경상
노인사고,2022032800100465,2022년 3월 28일 22시,월요일,부산광역시 동구 좌천동,중상사고,0,2,1,0,차대차 - 추돌,안전운전불이행,건조,맑음,단일로 - 지하차도(도로)내,특수,남,67세,중상,특수,남,30세,중상
노인사고,2022032900100031,2022년 3월 29일 07시,화요일,부산광역시 동래구 안락동,경상사고,0,0,1,1,차대차 - 기타,안전운전불이행,건조,맑음,교차로 - 교차로안,자전거,남,75세,부상신고,승용,여,46세,경상
노인사고,2022032900100032,2022년 3월 29일 07시,화요일,부산광역시 사상구 엄궁동,경상사고,0,0,2,0,차대차 - 추돌,안전운전불이행,건조,맑음,교차로 - 교차로안,승용,남,48세,상해없음,승용,남,60세,경상
노인사고,2022032900100051,2022년 3월 29일 08시,화요일,부산광역시 영도구 청학동,중상사고,0,1,0,0,차대사람 - 기타,안전운전불이행,건조,맑음,단일로 - 기타,이륜,남,62세,상해없음,보행자,남,73세,중상
노인사고,2022032900100108,2022년 3월 29일 10시,화요일,부산광역시 영도구 신선동2가,중상사고,0,1,0,0,차대사람 - 횡단중,안전운전불이행,건조,맑음,기타 - 기타,승용,남,77세,상해없음,보행자,여,72세,중상
노인사고,2022032900100159,2022년 3월 29일 12시,화요일,부산광역시 남구 용호동,중상사고,0,1,0,0,차대사람 - 횡단중,보행자보호의무위반,건조,맑음,단일로 - 기타,승용,남,74세,상해없음,보행자,여,68세,중상
노인사고,2.02203E+15,2022년 3월 29일 12시,화요일,부산광역시 영도구 동삼동,경상사고,0,0,2,0,차대차 - 측면충돌,안전거리미확보,건조,맑음,기타 - 기타,이륜,남,33세,경상,승용,남,65세,경상
노인사고,2022032900100161,2022년 3월 29일 12시,화요일,부산광역시 해운대구 좌동,경상사고,0,0,2,0,차대차 - 추돌,안전운전불이행,건조,맑음,단일로 - 기타,승용,여,44세,상해없음,승용,여,66세,경상
노인사고,2.02203E+15,2022년 3월 29일 14시,화요일,부산광역시 중구 남포동4가,경상사고,0,0,1,0,차대사람 - 횡단중,안전운전불이행,건조,맑음,교차로 - 교차로안,화물,남,36세,상해없음,보행자,남,72세,경상
노인사고,2022032900100335,2022년 3월 29일 17시,화요일,부산광역시 강서구 대저1동,경상사고,0,0,1,0,차대차 - 정면충돌,중앙선침범,건조,맑음,단일로 - 지하차도(도로)내,승용,남,55세,상해없음,화물,남,70세,경상
노인사고,2022032900100451,2022년 3월 29일 20시,화요일,부산광역시 수영구 수영동,중상사고,0,1,0,0,차대사람 - 횡단중,보행자보호의무위반,건조,맑음,단일로 - 기타,승용,남,40세,상해없음,보행자,남,69세,중상
노인사고,2022032900100452,2022년 3월 29일 20시,화요일,부산광역시 기장군 철마면,중상사고,0,1,0,0,차대차 - 기타,안전운전불이행,건조,맑음,단일로 - 기타,화물,남,61세,상해없음,승용,여,69세,중상
노인사고,2022033000100042,2022년 3월 30일 07시,수요일,부산광역시 부산진구 부전동,경상사고,0,0,1,0,차대차 - 추돌,안전운전불이행,건조,맑음,단일로 - 기타,승용,남,30세,상해없음,승용,여,67세,경상
노인사고,2022033000100054,2022년 3월 30일 08시,수요일,부산광역시 남구 대연동,경상사고,0,0,1,0,차대차 - 기타,안전운전불이행,건조,맑음,단일로 - 기타,화물,남,28세,상해없음,승용,남,75세,경상
노인사고,2022033000100114,2022년 3월 30일 10시,수요일,부산광역시 중구 남포동5가,중상사고,0,1,0,0,차대사람 - 차도통행중,교차로운행방법위반,건조,맑음,교차로 - 교차로부근,승용,남,82세,상해없음,보행자,여,76세,중상
노인사고,2022033000100115,2022년 3월 30일 10시,수요일,부산광역시 중구 대청동3가,경상사고,0,0,1,0,차대차 - 측면충돌,중앙선침범,건조,맑음,교차로 - 교차로부근,이륜,남,68세,경상,승용,남,68세,상해없음
노인사고,2022033000100134,2022년 3월 30일 11시,수요일,부산광역시 남구 문현동,경상사고,0,0,1,0,차대차 - 측면충돌,안전운전불이행,건조,맑음,교차로 - 교차로부근,건설기계,남,56세,상해없음,자전거,남,69세,경상
노인사고,2022033000100135,2022년 3월 30일 11시,수요일,부산광역시 강서구 명지동,경상사고,0,0,2,0,차대차 - 측면충돌,안전운전불이행,건조,맑음,단일로 - 기타,승용,남,66세,상해없음,승용,남,67세,경상
노인사고,2022033000100191,2022년 3월 30일 13시,수요일,부산광역시 수영구 광안동,부상신고사고,0,0,0,1,차대차 - 추돌,안전거리미확보,건조,맑음,단일로 - 기타,화물,남,63세,상해없음,화물,남,72세,부상신고
노인사고,2022033000100222,2022년 3월 30일 14시,수요일,부산광역시 수영구 수영동,중상사고,0,1,0,0,차대차 - 기타,안전운전불이행,건조,맑음,단일로 - 기타,자전거,남,70세,기타불명,자전거,여,66세,중상
노인사고,2022033000100315,2022년 3월 30일 17시,수요일,부산광역시 사하구 장림동,경상사고,0,0,1,0,차대차 - 측면충돌,안전운전불이행,건조,맑음,단일로 - 기타,승용,남,64세,상해없음,승용,남,69세,경상
노인사고,2.02203E+15,2022년 3월 31일 06시,목요일,부산광역시 북구 금곡동,중상사고,0,2,0,0,차대차 - 추돌,기타,건조,맑음,교차로 - 교차로부근,화물,남,66세,중상,승용,남,64세,중상
노인사고,2022033100100063,2022년 3월 31일 08시,목요일,부산광역시 남구 우암동,중상사고,0,1,0,0,차대차 - 측면충돌,안전운전불이행,건조,맑음,단일로 - 기타,화물,남,41세,기타불명,자전거,여,67세,중상
노인사고,2022033100100103,2022년 3월 31일 10시,목요일,부산광역시 동래구 낙민동,중상사고,0,1,0,0,차량단독 - 기타,안전운전불이행,건조,맑음,단일로 - 기타,승합,남,55세,상해없음,,,,
노인사고,2022033100100158,2022년 3월 31일 12시,목요일,부산광역시 금정구 구서동,중상사고,0,1,0,0,차대차 - 측면충돌,직진우회전진행방해,건조,맑음,교차로 - 교차로안,승용,남,19세,상해없음,승합,남,70세,중상
노인사고,2022033100100238,2022년 3월 31일 15시,목요일,부산광역시 북구 화명동,중상사고,0,1,0,0,차대사람 - 기타,안전운전불이행,건조,맑음,단일로 - 기타,승용,남,52세,상해없음,보행자,남,68세,중상
노인사고,2022033100100267,2022년 3월 31일 16시,목요일,부산광역시 연제구 연산동,중상사고,0,1,0,1,차대사람 - 보도통행중,안전운전불이행,건조,흐림,단일로 - 기타,자전거,남,65세,부상신고,보행자,여,70세,중상
노인사고,2.02203E+15,2022년 3월 31일 18시,목요일,부산광역시 연제구 연산동,중상사고,0,1,2,0,차대차 - 측면충돌,교차로운행방법위반,건조,맑음,교차로 - 교차로안,승용,여,63세,경상,승용,남,65세,경상
노인사고,2022040100100093,2022년 4월 1일 09시,금요일,부산광역시 사하구 괴정동,경상사고,0,0,4,0,차대차 - 추돌,안전거리미확보,건조,맑음,단일로 - 기타,승용,남,33세,경상,승용,남,42세,상해없음
노인사고,2022040100100123,2022년 4월 1일 10시,금요일,부산광역시 금정구 장전동,경상사고,0,0,1,0,차대차 - 후진중충돌,안전운전불이행,건조,맑음,단일로 - 기타,승용,남,35세,상해없음,승용,남,65세,경상
노인사고,2022040100100366,2022년 4월 1일 18시,금요일,부산광역시 해운대구 우동,경상사고,0,0,1,0,차대차 - 기타,안전운전불이행,건조,맑음,단일로 - 기타,이륜,남,69세,경상,승용,여,48세,상해없음
노인사고,2022040100100449,2022년 4월 1일 20시,금요일,부산광역시 사상구 학장동,중상사고,0,1,0,0,차대사람 - 횡단중,안전운전불이행,건조,맑음,단일로 - 기타,승용,남,20세,상해없음,보행자,여,70세,중상
노인사고,2022040100100514,2022년 4월 1일 22시,금요일,부산광역시 부산진구 부전동,중상사고,0,1,0,0,차대차 - 정면충돌,안전운전불이행,건조,맑음,기타 - 기타,이륜,남,38세,상해없음,기타불명,여,73세,중상
노인사고,2022040200100051,2022년 4월 2일 07시,토요일,부산광역시 기장군 장안읍,중상사고,0,1,0,0,차량단독 - 기타,안전운전불이행,건조,맑음,교차로 - 교차로안,승합,남,63세,상해없음,,,,
노인사고,2022040200100058,2022년 4월 2일 08시,토요일,부산광역시 남구 문현동,경상사고,0,0,1,0,차대차 - 측면충돌,안전운전불이행,건조,맑음,교차로 - 교차로부근,화물,남,40세,상해없음,자전거,남,73세,경상
노인사고,2022040200100217,2022년 4월 2일 13시,토요일,부산광역시 동래구 명장동,중상사고,0,1,0,0,차대차 - 측면충돌,신호위반,건조,맑음,교차로 - 교차로안,화물,남,59세,기타불명,승용,남,65세,중상
노인사고,2022040200100285,2022년 4월 2일 15시,토요일,부산광역시 동래구 온천동,경상사고,0,0,1,0,차대차 - 기타,안전운전불이행,건조,맑음,단일로 - 기타,승용,남,29세,상해없음,승용,여,69세,경상
노인사고,2022040200100286,2022년 4월 2일 15시,토요일,부산광역시 사상구 괘법동,경상사고,0,0,1,0,차대차 - 기타,안전운전불이행,건조,맑음,교차로 - 교차로부근,승합,남,33세,상해없음,이륜,남,50세,기타불명
노인사고,2022040200100369,2022년 4월 2일 17시,토요일,부산광역시 동래구 수안동,경상사고,0,0,1,0,차대사람 - 기타,안전운전불이행,건조,맑음,단일로 - 기타,승용,남,81세,상해없음,보행자,여,80세,경상
노인사고,2022040300100002,2022년 4월 3일 00시,일요일,부산광역시 사하구 하단동,경상사고,0,0,1,0,차대차 - 추돌,안전운전불이행,건조,맑음,단일로 - 기타,화물,남,30세,상해없음,승용,남,72세,경상
노인사고,2022040300100028,2022년 4월 3일 05시,일요일,부산광역시 남구 대연동,중상사고,0,1,0,0,차대사람 - 기타,안전운전불이행,건조,맑음,단일로 - 기타,이륜,남,26세,상해없음,보행자,여,76세,중상
노인사고,2022040300100038,2022년 4월 3일 07시,일요일,부산광역시 수영구 민락동,중상사고,0,1,0,0,차대사람 - 횡단중,보행자보호의무위반,건조,맑음,기타 - 기타,승용,남,73세,상해없음,보행자,남,78세,중상
노인사고,2022040300100047,2022년 4월 3일 09시,일요일,부산광역시 사상구 엄궁동,경상사고,0,0,2,0,차대차 - 추돌,안전거리미확보,건조,맑음,교차로 - 교차로안,승용,남,55세,경상,승용,여,66세,경상
노인사고,2022040300100098,2022년 4월 3일 12시,일요일,부산광역시 동구 범일동,경상사고,0,0,1,0,차대차 - 기타,신호위반,건조,맑음,교차로 - 교차로안,승용,남,29세,상해없음,승용,남,69세,경상
노인사고,2022040300100101,2022년 4월 3일 12시,일요일,부산광역시 사하구 하단동,중상사고,0,1,0,0,차대사람 - 길가장자리구역통행중,안전운전불이행,건조,맑음,단일로 - 기타,승용,남,37세,상해없음,보행자,여,66세,중상
노인사고,2022040400100004,2022년 4월 4일 00시,월요일,부산광역시 금정구 부곡동,경상사고,0,0,4,0,차대차 - 측면충돌,안전운전불이행,건조,맑음,교차로 - 교차로부근,승용,남,51세,상해없음,승용,여,65세,경상
노인사고,2022040400100037,2022년 4월 4일 06시,월요일,부산광역시 부산진구 부전동,중상사고,0,1,1,0,차대차 - 측면충돌,신호위반,건조,맑음,교차로 - 교차로안,승용,남,71세,경상,이륜,남,33세,중상
노인사고,2022040400100159,2022년 4월 4일 10시,월요일,부산광역시 수영구 망미동,중상사고,0,1,0,0,차대사람 - 횡단중,신호위반,건조,맑음,단일로 - 기타,원동기,남,20세,상해없음,보행자,남,78세,중상
노인사고,2.02204E+15,2022년 4월 4일 12시,월요일,부산광역시 금정구 부곡동,중상사고,0,1,0,0,차대사람 - 기타,보행자보호의무위반,건조,맑음,교차로 - 교차로안,승용,여,47세,상해없음,보행자,여,70세,중상
노인사고,2022040400100246,2022년 4월 4일 13시,월요일,부산광역시 중구 중앙동4가,중상사고,0,1,0,0,차대차 - 기타,안전운전불이행,건조,맑음,교차로 - 교차로안,승용,남,64세,상해없음,이륜,남,67세,중상
노인사고,2022040400100295,2022년 4월 4일 15시,월요일,부산광역시 동구 초량동,중상사고,0,1,0,0,차량단독 - 기타,안전운전불이행,건조,맑음,단일로 - 기타,승합,남,46세,상해없음,,,,
노인사고,2022040400100406,2022년 4월 4일 18시,월요일,부산광역시 금정구 남산동,중상사고,0,1,0,0,차대사람 - 횡단중,보행자보호의무위반,건조,맑음,교차로 - 교차로횡단보도내,승용,여,51세,상해없음,보행자,여,81세,중상
노인사고,2022040400100512,2022년 4월 4일 22시,월요일,부산광역시 금정구 서동,경상사고,0,0,1,0,차대사람 - 횡단중,보행자보호의무위반,건조,맑음,단일로 - 기타,승용,남,34세,상해없음,보행자,남,75세,경상
노인사고,2022040500100036,2022년 4월 5일 06시,화요일,부산광역시 동구 초량동,부상신고사고,0,0,0,1,차대차 - 추돌,안전운전불이행,건조,맑음,단일로 - 기타,승용,남,54세,상해없음,승용,남,74세,부상신고
노인사고,2022040500100037,2022년 4월 5일 06시,화요일,부산광역시 강서구 범방동,중상사고,0,1,2,1,차대차 - 추돌,안전운전불이행,건조,맑음,단일로 - 기타,화물,남,66세,중상,화물,남,40세,경상
노인사고,2022040500100208,2022년 4월 5일 12시,화요일,부산광역시 서구 서대신동2가,경상사고,0,0,1,0,차대사람 - 보도통행중,안전운전불이행,건조,맑음,기타 - 기타,화물,남,68세,상해없음,보행자,여,68세,경상
노인사고,2022040500100242,2022년 4월 5일 13시,화요일,부산광역시 영도구 동삼동,중상사고,0,2,0,0,차대차 - 측면충돌,불법유턴,건조,맑음,단일로 - 지하차도(도로)내,건설기계,남,50세,상해없음,이륜,남,67세,중상
노인사고,2022040500100549,2022년 4월 5일 23시,화요일,부산광역시 북구 만덕동,경상사고,0,0,1,0,차량단독 - 기타,안전운전불이행,건조,맑음,교차로 - 교차로부근,이륜,남,67세,경상,,,,
노인사고,2022040600100104,2022년 4월 6일 09시,수요일,부산광역시 부산진구 연지동,중상사고,0,1,0,0,차대사람 - 횡단중,신호위반,건조,맑음,단일로 - 기타,승용,여,40세,상해없음,보행자,여,76세,중상
노인사고,2022040600100105,2022년 4월 6일 09시,수요일,부산광역시 사하구 하단동,경상사고,0,0,2,0,차대차 - 추돌,안전거리미확보,건조,맑음,단일로 - 기타,건설기계,남,65세,경상,화물,남,35세,경상
노인사고,2022040600100125,2022년 4월 6일 10시,수요일,부산광역시 강서구 식만동,경상사고,0,0,2,0,차대차 - 정면충돌,안전운전불이행,건조,맑음,단일로 - 기타,화물,남,64세,상해없음,승용,남,66세,경상
노인사고,2022040600100127,2022년 4월 6일 10시,수요일,부산광역시 기장군 철마면,경상사고,0,0,1,0,차대사람 - 기타,안전운전불이행,건조,맑음,단일로 - 기타,승용,여,63세,상해없음,보행자,여,93세,경상
노인사고,2022040600100259,2022년 4월 6일 15시,수요일,부산광역시 부산진구 연지동,중상사고,0,1,0,0,차대사람 - 횡단중,안전운전불이행,건조,맑음,교차로 - 교차로안,승용,여,53세,상해없음,보행자,여,89세,중상
노인사고,2022040600100297,2022년 4월 6일 16시,수요일,부산광역시 수영구 민락동,경상사고,0,0,1,0,차대차 - 측면충돌,교차로운행방법위반,건조,맑음,교차로 - 교차로안,승용,여,61세,상해없음,자전거,남,65세,경상
노인사고,2022040700100159,2022년 4월 7일 11시,목요일,부산광역시 서구 아미동1가,경상사고,0,0,1,0,차대차 - 측면충돌,안전운전불이행,건조,맑음,교차로 - 교차로부근,승용,여,48세,상해없음,승용,여,69세,경상
노인사고,2022040700100191,2022년 4월 7일 12시,목요일,부산광역시 연제구 연산동,중상사고,0,1,0,0,차대사람 - 횡단중,신호위반,건조,맑음,교차로 - 교차로횡단보도내,승용,여,23세,상해없음,보행자,여,85세,중상
노인사고,2022040700100453,2022년 4월 7일 19시,목요일,부산광역시 부산진구 양정동,중상사고,0,1,0,0,차대사람 - 기타,안전운전불이행,건조,맑음,단일로 - 기타,승용,남,56세,상해없음,보행자,여,71세,중상
노인사고,2022040700100491,2022년 4월 7일 20시,목요일,부산광역시 연제구 거제동,경상사고,0,0,4,0,차대차 - 기타,안전운전불이행,건조,맑음,교차로 - 교차로부근,이륜,남,47세,상해없음,승용,남,67세,경상
노인사고,2022040800100128,2022년 4월 8일 09시,금요일,부산광역시 중구 대청동4가,부상신고사고,0,0,0,1,차대차 - 기타,안전운전불이행,건조,맑음,교차로 - 교차로부근,이륜,남,65세,부상신고,화물,남,74세,상해없음
노인사고,2022040800100129,2022년 4월 8일 09시,금요일,부산광역시 부산진구 가야동,경상사고,0,0,4,0,차대차 - 추돌,안전운전불이행,건조,맑음,단일로 - 기타,승용,남,30세,상해없음,화물,남,39세,경상
노인사고,2022040800100187,2022년 4월 8일 11시,금요일,부산광역시 북구 구포동,경상사고,0,0,1,0,차대사람 - 횡단중,안전운전불이행,건조,맑음,단일로 - 지하차도(도로)내,이륜,남,26세,상해없음,보행자,여,81세,경상
노인사고,2022040800100219,2022년 4월 8일 12시,금요일,부산광역시 영도구 남항동1가,중상사고,0,1,0,0,차대사람 - 기타,안전운전불이행,건조,맑음,단일로 - 기타,승용,남,63세,상해없음,보행자,여,68세,중상
노인사고,2022040800100317,2022년 4월 8일 15시,금요일,부산광역시 수영구 남천동,경상사고,0,0,1,0,차대차 - 측면충돌,안전운전불이행,건조,맑음,단일로 - 기타,승용,남,67세,상해없음,승용,여,70세,경상
노인사고,2.02204E+15,2022년 4월 8일 15시,금요일,부산광역시 금정구 부곡동,경상사고,0,0,1,0,차대사람 - 횡단중,안전운전불이행,건조,맑음,단일로 - 기타,이륜,남,19세,상해없음,보행자,여,83세,경상
노인사고,2022040800100416,2022년 4월 8일 17시,금요일,부산광역시 강서구 명지동,중상사고,0,1,5,0,차대차 - 추돌,안전운전불이행,건조,맑음,단일로 - 기타,승용,남,36세,상해없음,승용,남,74세,경상
노인사고,2022040800100529,2022년 4월 8일 19시,금요일,부산광역시 연제구 연산동,중상사고,0,1,0,0,차대사람 - 횡단중,신호위반,건조,맑음,단일로 - 기타,이륜,남,41세,상해없음,보행자,여,68세,중상
노인사고,2.02204E+15,2022년 4월 8일 19시,금요일,부산광역시 강서구 대저1동,중상사고,0,1,0,0,차대사람 - 횡단중,안전운전불이행,건조,맑음,교차로 - 교차로안,화물,남,46세,상해없음,보행자,남,79세,중상
노인사고,2022040800100532,2022년 4월 8일 19시,금요일,부산광역시 기장군 정관읍,경상사고,0,0,2,0,차대차 - 기타,안전운전불이행,건조,맑음,단일로 - 기타,이륜,남,22세,기타불명,승용,남,39세,경상
노인사고,2022040900100051,2022년 4월 9일 04시,토요일,부산광역시 기장군 일광읍,경상사고,0,0,1,0,차대차 - 측면충돌,신호위반,건조,맑음,교차로 - 교차로안,승용,여,45세,상해없음,승용,남,69세,경상
노인사고,2022040900100156,2022년 4월 9일 11시,토요일,부산광역시 남구 대연동,부상신고사고,0,0,0,1,차대차 - 측면충돌,안전운전불이행,건조,맑음,교차로 - 교차로부근,화물,남,51세,기타불명,승용,여,72세,부상신고
노인사고,2022040900100157,2022년 4월 9일 11시,토요일,부산광역시 남구 대연동,경상사고,0,0,1,0,차대사람 - 기타,안전운전불이행,건조,맑음,단일로 - 기타,승합,남,53세,상해없음,보행자,여,65세,경상
노인사고,2022040900100193,2022년 4월 9일 12시,토요일,부산광역시 수영구 수영동,중상사고,0,1,2,0,차대차 - 기타,교차로운행방법위반,건조,맑음,교차로 - 교차로부근,승용,여,25세,상해없음,승용,남,67세,경상
노인사고,2022040900100557,2022년 4월 9일 21시,토요일,부산광역시 동래구 명륜동,경상사고,0,0,1,0,차대사람 - 기타,안전운전불이행,건조,맑음,단일로 - 기타,승용,여,21세,상해없음,보행자,남,68세,경상
노인사고,2022041000100038,2022년 4월 10일 03시,일요일,부산광역시 사하구 하단동,중상사고,0,1,1,0,차대차 - 측면충돌,직진우회전진행방해,건조,맑음,교차로 - 교차로안,승용,남,68세,경상,승용,남,66세,중상
노인사고,2022041000100133,2022년 4월 10일 12시,일요일,부산광역시 부산진구 전포동,경상사고,0,0,2,0,차대차 - 측면충돌,안전거리미확보,건조,맑음,교차로 - 교차로부근,승용,남,65세,경상,승용,여,44세,경상
노인사고,2022041000100307,2022년 4월 10일 17시,일요일,부산광역시 서구 동대신동3가,중상사고,0,1,0,0,차대차 - 기타,안전운전불이행,건조,맑음,단일로 - 기타,이륜,남,53세,상해없음,특수,남,60세,상해없음
노인사고,2022041000100387,2022년 4월 10일 20시,일요일,부산광역시 강서구 대저1동,경상사고,0,0,2,0,차대차 - 추돌,안전운전불이행,건조,맑음,교차로 - 교차로부근,승용,남,53세,상해없음,승용,남,68세,경상
노인사고,2022041000100405,2022년 4월 10일 21시,일요일,부산광역시 영도구 동삼동,경상사고,0,0,1,0,차대사람 - 기타,안전운전불이행,건조,맑음,단일로 - 기타,승용,남,23세,상해없음,보행자,남,68세,경상
노인사고,2.02204E+15,2022년 4월 10일 22시,일요일,부산광역시 동구 초량동,중상사고,0,1,6,1,차대차 - 기타,신호위반,건조,맑음,단일로 - 기타,승용,남,42세,상해없음,승합,남,53세,부상신고
노인사고,2022041100100077,2022년 4월 11일 08시,월요일,부산광역시 중구 중앙동4가,경상사고,0,0,1,0,차대차 - 정면충돌,신호위반,건조,맑음,교차로 - 교차로안,승용,남,33세,상해없음,승용,남,69세,경상
노인사고,2022041100100197,2022년 4월 11일 11시,월요일,부산광역시 사상구 주례동,경상사고,0,0,1,0,차대사람 - 횡단중,안전운전불이행,건조,맑음,기타 - 기타,화물,남,27세,상해없음,보행자,남,72세,경상
노인사고,2.02204E+15,2022년 4월 11일 13시,월요일,부산광역시 동래구 수안동,중상사고,0,1,0,0,차대차 - 측면충돌,안전운전불이행,건조,맑음,단일로 - 기타,이륜,남,68세,중상,승합,남,41세,상해없음
노인사고,2022041100100261,2022년 4월 11일 13시,월요일,부산광역시 금정구 부곡동,경상사고,0,0,1,0,차대사람 - 횡단중,안전운전불이행,건조,맑음,교차로 - 교차로안,화물,남,58세,상해없음,보행자,남,76세,경상
노인사고,2022041100100262,2022년 4월 11일 13시,월요일,부산광역시 사상구 모라동,경상사고,0,0,1,0,차대사람 - 횡단중,보행자보호의무위반,건조,맑음,교차로 - 교차로부근,화물,남,52세,상해없음,보행자,여,74세,경상
노인사고,2022041100100574,2022년 4월 11일 22시,월요일,부산광역시 강서구 죽동동,경상사고,0,0,1,0,차대차 - 측면충돌,교차로운행방법위반,건조,맑음,교차로 - 교차로안,특수,남,62세,상해없음,화물,남,68세,경상
노인사고,2022041100100594,2022년 4월 11일 23시,월요일,부산광역시 부산진구 부전동,경상사고,0,0,2,0,차대차 - 추돌,안전거리미확보,건조,맑음,단일로 - 기타,승용,남,68세,상해없음,승용,남,72세,경상
노인사고,2022041200100189,2022년 4월 12일 11시,화요일,부산광역시 동래구 수안동,중상사고,0,1,0,0,차대차 - 기타,안전운전불이행,건조,맑음,교차로 - 교차로안,승용,남,56세,상해없음,이륜,남,69세,중상
노인사고,2.02204E+15,2022년 4월 12일 11시,화요일,부산광역시 부산진구 부암동,중상사고,0,1,0,0,차대차 - 기타,중앙선침범,건조,맑음,단일로 - 기타,자전거,남,88세,중상,화물,남,47세,상해없음
노인사고,2022041200100243,2022년 4월 12일 13시,화요일,부산광역시 금정구 회동동,중상사고,0,1,0,0,차대사람 - 횡단중,안전운전불이행,건조,맑음,교차로 - 교차로안,화물,남,64세,상해없음,보행자,남,76세,중상
노인사고,2022041200100327,2022년 4월 12일 16시,화요일,부산광역시 북구 덕천동,경상사고,0,0,6,0,차대차 - 추돌,안전운전불이행,건조,맑음,단일로 - 지하차도(도로)내,화물,남,57세,상해없음,승용,남,66세,경상
노인사고,2022041200100449,2022년 4월 12일 19시,화요일,부산광역시 북구 덕천동,중상사고,0,1,0,0,차대차 - 기타,중앙선침범,건조,맑음,단일로 - 기타,기타불명,남,70세,중상,승용,남,55세,상해없음
노인사고,2022041200100451,2022년 4월 12일 19시,화요일,부산광역시 부산진구 전포동,중상사고,0,1,1,0,차대차 - 측면충돌,안전거리미확보,건조,맑음,교차로 - 교차로부근,승용,여,36세,상해없음,이륜,남,68세,중상
노인사고,2.02204E+15,2022년 4월 13일 08시,수요일,부산광역시 동래구 안락동,중상사고,0,1,0,0,차대사람 - 횡단중,보행자보호의무위반,건조,맑음,교차로 - 교차로안,승용,여,31세,상해없음,보행자,여,66세,중상
노인사고,2022041300100142,2022년 4월 13일 10시,수요일,부산광역시 동래구 온천동,경상사고,0,0,1,0,차대사람 - 횡단중,보행자보호의무위반,건조,맑음,교차로 - 교차로횡단보도내,승용,남,79세,상해없음,보행자,남,81세,경상
노인사고,2022041300100268,2022년 4월 13일 15시,수요일,부산광역시 중구 부평동2가,중상사고,0,1,0,0,차대사람 - 차도통행중,안전운전불이행,건조,맑음,단일로 - 기타,승용,남,35세,상해없음,보행자,여,65세,중상
노인사고,2022041300100269,2022년 4월 13일 15시,수요일,부산광역시 동래구 수안동,경상사고,0,0,1,0,차량단독 - 기타,안전운전불이행,건조,맑음,단일로 - 기타,승합,남,57세,상해없음,,,,
노인사고,2022041300100307,2022년 4월 13일 16시,수요일,부산광역시 사하구 신평동,중상사고,0,1,0,0,차대차 - 측면충돌,신호위반,건조,맑음,교차로 - 교차로안,승용,남,58세,상해없음,승용,남,67세,중상