사고부문,사고번호,사고일시,요일,시군구,사고내용,사망자수,중상자수,경상자수,부상신고자수,사고유형,법규위반,노면상태,기상상태,도로형태,가해운전자 차종,가해운전자 성별,가해운전자 연령,가해운전자 상해정도,피해운전자 차종,피해운전자 성별,피해운전자 연령,피해운전자 상해정도
노인사고,2022041300100386,2022년 4월 13일 18시,수요일,부산광역시 강서구 대저1동,사망사고,1,0,0,0,차량단독 - 공작물충돌,안전운전불이행,건조,맑음,단일로 - 기타,화물,남,68세,사망,,,,
노인사고,2022041400100055,2022년 4월 14일 07시,목요일,부산광역시 서구 부민동2가,경상사고,0,0,1,0,차대차 - 기타,신호위반,젖음/습기,비,교차로 - 교차로안,승용,여,59세,상해없음,승용,남,70세,경상
노인사고,2022041400100232,2022년 4월 14일 13시,목요일,부산광역시 남구 용호동,중상사고,0,1,0,0,차대사람 - 길가장자리구역통행중,안전운전불이행,건조,흐림,교차로 - 교차로부근,화물,남,54세,상해없음,보행자,여,81세,중상
노인사고,2022041400100233,2022년 4월 14일 13시,목요일,부산광역시 남구 용호동,중상사고,0,1,4,0,차대차 - 측면충돌,안전운전불이행,건조,맑음,단일로 - 기타,화물,남,63세,상해없음,승용,여,64세,경상
노인사고,2022041400100236,2022년 4월 14일 13시,목요일,부산광역시 부산진구 초읍동,중상사고,0,1,0,0,차량단독 - 전도전복 - 전도,기타,건조,맑음,기타 - 기타,승합,남,65세,상해없음,,,,
노인사고,2022041400100298,2022년 4월 14일 15시,목요일,부산광역시 서구 암남동,중상사고,0,3,0,0,차대차 - 추돌,안전거리미확보,건조,맑음,교차로 - 교차로안,승용,남,62세,상해없음,승용,여,52세,중상
노인사고,2022041400100299,2022년 4월 14일 15시,목요일,부산광역시 남구 대연동,중상사고,0,1,0,0,차대차 - 측면충돌,안전운전불이행,건조,맑음,교차로 - 교차로안,승용,여,32세,상해없음,기타불명,여,80세,중상
노인사고,2022041400100334,2022년 4월 14일 16시,목요일,부산광역시 사상구 감전동,중상사고,0,1,0,0,차대차 - 추돌,안전운전불이행,건조,맑음,교차로 - 교차로부근,화물,남,39세,기타불명,화물,남,67세,중상
노인사고,2022041400100508,2022년 4월 14일 23시,목요일,부산광역시 사하구 신평동,경상사고,0,0,3,1,차대차 - 추돌,신호위반,건조,맑음,교차로 - 교차로안,승용,남,27세,경상,승용,남,71세,경상
노인사고,2022041500100022,2022년 4월 15일 04시,금요일,부산광역시 북구 덕천동,중상사고,0,1,0,0,차대사람 - 기타,안전운전불이행,건조,맑음,단일로 - 기타,승용,남,64세,상해없음,보행자,여,81세,중상
노인사고,2.02204E+15,2022년 4월 15일 07시,금요일,부산광역시 해운대구 반여동,경상사고,0,0,1,0,차대사람 - 횡단중,안전운전불이행,건조,맑음,교차로 - 교차로안,승용,남,68세,상해없음,보행자,남,68세,경상
노인사고,2022041500100188,2022년 4월 15일 11시,금요일,부산광역시 서구 토성동5가,중상사고,0,1,0,0,차대사람 - 횡단중,안전운전불이행,건조,맑음,교차로 - 교차로횡단보도내,화물,남,62세,상해없음,보행자,여,73세,중상
노인사고,2022041500100215,2022년 4월 15일 12시,금요일,부산광역시 금정구 부곡동,경상사고,0,0,1,0,차대사람 - 기타,안전운전불이행,건조,맑음,기타 - 기타,승용,여,52세,상해없음,보행자,남,67세,경상
노인사고,2022041500100216,2022년 4월 15일 12시,금요일,부산광역시 사하구 장림동,중상사고,0,2,0,0,차대차 - 측면충돌,중앙선침범,건조,맑음,단일로 - 기타,승용,남,46세,상해없음,이륜,남,69세,중상
노인사고,2022041500100316,2022년 4월 15일 15시,금요일,부산광역시 남구 용호동,경상사고,0,0,1,0,차대사람 - 횡단중,안전운전불이행,건조,맑음,단일로 - 기타,화물,남,21세,상해없음,보행자,여,76세,경상
노인사고,2022041600100045,2022년 4월 16일 04시,토요일,부산광역시 해운대구 중동,사망사고,1,0,0,0,차대사람 - 횡단중,안전운전불이행,건조,맑음,단일로 - 기타,승용,남,42세,상해없음,보행자,여,73세,사망
노인사고,2022041600100125,2022년 4월 16일 10시,토요일,부산광역시 부산진구 전포동,경상사고,0,0,1,0,차대차 - 정면충돌,중앙선침범,건조,맑음,단일로 - 기타,이륜,남,74세,경상,승용,남,42세,상해없음
노인사고,2022041600100164,2022년 4월 16일 11시,토요일,부산광역시 서구 토성동5가,경상사고,0,0,1,0,차대차 - 기타,신호위반,건조,맑음,교차로 - 교차로안,화물,남,57세,상해없음,자전거,여,68세,경상
노인사고,2022041600100252,2022년 4월 16일 13시,토요일,부산광역시 연제구 거제동,경상사고,0,0,7,0,차대차 - 기타,안전거리미확보,건조,맑음,교차로 - 교차로부근,승용,남,36세,상해없음,승합,남,33세,경상
노인사고,2022041600100301,2022년 4월 16일 14시,토요일,부산광역시 동구 초량동,경상사고,0,0,6,1,차대차 - 기타,안전운전불이행,건조,맑음,단일로 - 기타,승용,남,60세,상해없음,승용,남,73세,부상신고
노인사고,2022041600100304,2022년 4월 16일 14시,토요일,부산광역시 부산진구 부암동,중상사고,0,1,0,0,차대차 - 측면충돌,안전운전불이행,건조,맑음,단일로 - 기타,승용,남,40세,기타불명,자전거,남,65세,중상
노인사고,2022041600100395,2022년 4월 16일 16시,토요일,부산광역시 기장군 기장읍,경상사고,0,0,1,0,차대차 - 기타,중앙선침범,건조,맑음,단일로 - 기타,승용,남,23세,상해없음,승용,여,69세,경상
노인사고,2022041600100442,2022년 4월 16일 17시,토요일,부산광역시 해운대구 반여동,경상사고,0,0,1,0,차대사람 - 횡단중,신호위반,건조,맑음,단일로 - 지하차도(도로)내,자전거,남,14세,상해없음,보행자,여,69세,경상
노인사고,2022041600100488,2022년 4월 16일 18시,토요일,부산광역시 수영구 광안동,경상사고,0,0,2,0,차대사람 - 보도통행중,기타,건조,맑음,기타 - 기타,승용,여,43세,상해없음,보행자,남,78세,경상
노인사고,2022041600100521,2022년 4월 16일 19시,토요일,부산광역시 중구 영주동,경상사고,0,0,1,0,차대차 - 정면충돌,중앙선침범,건조,맑음,기타 - 기타,승용,남,51세,상해없음,승용,남,69세,경상
노인사고,2022041600100522,2022년 4월 16일 19시,토요일,부산광역시 동래구 온천동,중상사고,0,1,0,0,차대사람 - 횡단중,안전운전불이행,건조,맑음,단일로 - 기타,승용,남,60세,상해없음,보행자,남,87세,중상
노인사고,2022041700100032,2022년 4월 17일 01시,일요일,부산광역시 금정구 남산동,중상사고,0,1,1,0,차대차 - 측면충돌,안전운전불이행,건조,맑음,단일로 - 기타,승용,남,70세,경상,이륜,남,34세,중상
노인사고,2022041700100113,2022년 4월 17일 10시,일요일,부산광역시 부산진구 가야동,경상사고,0,0,1,0,차대차 - 기타,교차로운행방법위반,건조,맑음,교차로 - 교차로안,승용,남,68세,상해없음,이륜,남,75세,경상
노인사고,2022041700100164,2022년 4월 17일 12시,일요일,부산광역시 금정구 부곡동,경상사고,0,0,1,0,차대사람 - 기타,교차로운행방법위반,건조,맑음,교차로 - 교차로부근,이륜,남,41세,상해없음,보행자,여,67세,경상
노인사고,2022041700100221,2022년 4월 17일 14시,일요일,부산광역시 기장군 일광읍,경상사고,0,0,2,0,차대차 - 정면충돌,안전운전불이행,건조,맑음,단일로 - 기타,승용,여,26세,상해없음,승용,남,44세,경상
노인사고,2022041700100295,2022년 4월 17일 16시,일요일,부산광역시 수영구 망미동,경상사고,0,0,1,0,차대차 - 측면충돌,신호위반,건조,맑음,교차로 - 교차로안,이륜,남,29세,상해없음,승용,남,69세,경상
노인사고,2022041700100357,2022년 4월 17일 18시,일요일,부산광역시 중구 대창동1가,경상사고,0,0,1,0,차대차 - 측면충돌,안전운전불이행,건조,맑음,단일로 - 기타,이륜,남,22세,상해없음,자전거,남,80세,경상
노인사고,2022041700100444,2022년 4월 17일 21시,일요일,부산광역시 사하구 하단동,경상사고,0,0,8,1,차대차 - 기타,신호위반,건조,맑음,교차로 - 교차로안,승용,여,30세,상해없음,승합,남,47세,경상
노인사고,2022041800100051,2022년 4월 18일 07시,월요일,부산광역시 남구 문현동,중상사고,0,1,0,0,차대사람 - 기타,안전운전불이행,건조,맑음,주차장 - 주차장,승용,여,42세,상해없음,보행자,남,65세,중상
노인사고,2022041800100078,2022년 4월 18일 08시,월요일,부산광역시 부산진구 양정동,경상사고,0,0,1,1,차대차 - 기타,안전운전불이행,건조,맑음,단일로 - 기타,건설기계,남,55세,기타불명,승용,남,66세,경상
노인사고,2022041800100276,2022년 4월 18일 14시,월요일,부산광역시 북구 금곡동,중상사고,0,1,0,0,차대사람 - 길가장자리구역통행중,안전운전불이행,건조,맑음,기타 - 기타,승합,남,62세,상해없음,보행자,여,82세,중상
노인사고,2022041800100277,2022년 4월 18일 14시,월요일,부산광역시 사하구 신평동,경상사고,0,0,1,0,차대사람 - 횡단중,보행자보호의무위반,건조,맑음,교차로 - 교차로횡단보도내,승용,남,29세,상해없음,보행자,남,69세,경상
노인사고,2022041800100351,2022년 4월 18일 16시,월요일,부산광역시 강서구 대저1동,경상사고,0,0,1,0,차량단독 - 공작물충돌,안전운전불이행,건조,맑음,단일로 - 기타,승용,남,66세,경상,,,,
노인사고,2022041800100391,2022년 4월 18일 17시,월요일,부산광역시 영도구 영선동3가,중상사고,0,1,0,0,차대사람 - 기타,안전운전불이행,건조,맑음,단일로 - 기타,승용,남,65세,상해없음,보행자,여,72세,중상
노인사고,2022041800100556,2022년 4월 18일 23시,월요일,부산광역시 연제구 연산동,중상사고,0,1,0,0,차대차 - 추돌,안전운전불이행,건조,맑음,교차로 - 교차로안,승용,남,58세,상해없음,승용,남,68세,중상
노인사고,2022041900100004,2022년 4월 19일 00시,화요일,부산광역시 사상구 감전동,중상사고,0,3,3,0,차대차 - 추돌,안전운전불이행,건조,맑음,교차로 - 교차로부근,화물,남,38세,기타불명,화물,남,41세,중상
노인사고,2022041900100052,2022년 4월 19일 06시,화요일,부산광역시 영도구 남항동2가,중상사고,0,1,0,0,차대사람 - 횡단중,안전운전불이행,건조,맑음,교차로 - 교차로횡단보도내,승용,남,42세,상해없음,보행자,여,75세,중상
노인사고,2022041900100177,2022년 4월 19일 10시,화요일,부산광역시 동래구 안락동,경상사고,0,0,2,0,차대차 - 추돌,안전운전불이행,건조,맑음,단일로 - 기타,화물,남,53세,상해없음,승용,남,72세,경상
노인사고,2022041900100178,2022년 4월 19일 10시,화요일,부산광역시 부산진구 부전동,부상신고사고,0,0,0,1,차대차 - 측면충돌,불법유턴,건조,맑음,단일로 - 기타,자전거,남,77세,부상신고,승용,남,33세,상해없음
노인사고,2022041900100214,2022년 4월 19일 11시,화요일,부산광역시 동래구 안락동,경상사고,0,0,1,0,차대차 - 기타,신호위반,건조,맑음,교차로 - 교차로안,이륜,남,45세,기타불명,승합,남,47세,상해없음
노인사고,2022041900100215,2022년 4월 19일 11시,화요일,부산광역시 사하구 장림동,경상사고,0,0,2,0,차대차 - 기타,안전운전불이행,건조,맑음,단일로 - 지하차도(도로)내,승용,남,65세,기타불명,화물,남,57세,경상
노인사고,2022041900100247,2022년 4월 19일 12시,화요일,부산광역시 동래구 안락동,경상사고,0,0,1,0,차대차 - 측면충돌,안전운전불이행,건조,맑음,단일로 - 기타,승용,여,64세,상해없음,승합,남,73세,경상
노인사고,2022041900100433,2022년 4월 19일 17시,화요일,부산광역시 동구 범일동,중상사고,0,1,0,0,차대사람 - 횡단중,안전운전불이행,건조,맑음,단일로 - 기타,승용,여,39세,상해없음,보행자,여,83세,중상
노인사고,2022041900100482,2022년 4월 19일 18시,화요일,부산광역시 금정구 회동동,사망사고,1,0,0,0,차대사람 - 기타,안전운전불이행,건조,맑음,단일로 - 기타,승용,남,32세,상해없음,보행자,남,82세,사망
노인사고,2022042000100004,2022년 4월 20일 00시,수요일,부산광역시 부산진구 양정동,경상사고,0,0,1,0,차대차 - 추돌,안전운전불이행,건조,맑음,교차로 - 교차로부근,이륜,남,30세,상해없음,승용,남,67세,경상
노인사고,2022042000100093,2022년 4월 20일 08시,수요일,부산광역시 서구 암남동,경상사고,0,0,2,0,차대차 - 기타,안전거리미확보,건조,맑음,단일로 - 기타,승합,남,60세,상해없음,승용,남,56세,경상
노인사고,2022042000100218,2022년 4월 20일 11시,수요일,부산광역시 북구 만덕동,중상사고,0,1,1,0,차대사람 - 기타,안전운전불이행,건조,맑음,교차로 - 교차로안,화물,남,22세,상해없음,보행자,여,75세,중상
노인사고,2022042000100247,2022년 4월 20일 12시,수요일,부산광역시 동구 수정동,중상사고,0,1,0,0,차대사람 - 횡단중,보행자보호의무위반,건조,맑음,교차로 - 교차로안,승용,남,80세,상해없음,보행자,여,82세,중상
노인사고,2022042100100006,2022년 4월 21일 00시,목요일,부산광역시 부산진구 부전동,경상사고,0,0,3,1,차대차 - 추돌,안전운전불이행,건조,맑음,단일로 - 기타,승용,남,50세,상해없음,승용,남,66세,부상신고
노인사고,2022042100100072,2022년 4월 21일 08시,목요일,부산광역시 부산진구 가야동,경상사고,0,0,1,0,차대사람 - 횡단중,보행자보호의무위반,건조,맑음,단일로 - 기타,화물,남,43세,상해없음,보행자,여,66세,경상
노인사고,2022042100100173,2022년 4월 21일 11시,목요일,부산광역시 해운대구 우동,중상사고,0,3,0,0,차대차 - 추돌,기타,건조,맑음,단일로 - 기타,승용,남,67세,중상,특수,남,67세,상해없음
노인사고,2022042100100174,2022년 4월 21일 11시,목요일,부산광역시 부산진구 전포동,경상사고,0,0,1,0,차대사람 - 차도통행중,안전운전불이행,건조,맑음,단일로 - 기타,이륜,여,24세,상해없음,보행자,남,66세,경상
노인사고,2022042100100176,2022년 4월 21일 11시,목요일,부산광역시 사하구 신평동,경상사고,0,0,1,0,차대사람 - 기타,안전운전불이행,건조,맑음,교차로 - 교차로안,승용,남,64세,상해없음,보행자,남,89세,경상
노인사고,2022042200100045,2022년 4월 22일 05시,금요일,부산광역시 북구 덕천동,경상사고,0,0,1,0,차대사람 - 횡단중,안전운전불이행,건조,맑음,단일로 - 지하차도(도로)내,승용,남,60세,상해없음,보행자,남,65세,경상
노인사고,2022042200100123,2022년 4월 22일 09시,금요일,부산광역시 수영구 망미동,중상사고,0,1,0,0,차대차 - 측면충돌,안전운전불이행,건조,맑음,교차로 - 교차로안,화물,남,51세,상해없음,승용,남,65세,중상
노인사고,2022042200100332,2022년 4월 22일 16시,금요일,부산광역시 남구 감만동,경상사고,0,0,1,0,차대차 - 기타,기타,건조,맑음,단일로 - 기타,화물,남,67세,상해없음,화물,남,67세,경상
노인사고,2022042200100333,2022년 4월 22일 16시,금요일,부산광역시 동래구 사직동,경상사고,0,0,1,0,차대사람 - 기타,안전운전불이행,건조,맑음,단일로 - 기타,승용,남,71세,상해없음,보행자,여,80세,경상
노인사고,2022042300100002,2022년 4월 23일 00시,토요일,부산광역시 부산진구 부전동,경상사고,0,0,3,0,차대차 - 측면충돌,기타,건조,맑음,교차로 - 교차로안,승용,남,19세,기타불명,승용,남,65세,경상
노인사고,2022042300100063,2022년 4월 23일 06시,토요일,부산광역시 부산진구 초읍동,부상신고사고,0,0,0,1,차대차 - 추돌,안전거리미확보,건조,맑음,기타 - 기타,이륜,남,74세,부상신고,승용,남,61세,상해없음
노인사고,2022042300100152,2022년 4월 23일 11시,토요일,부산광역시 북구 만덕동,경상사고,0,0,2,0,차대차 - 측면충돌,안전거리미확보,건조,맑음,단일로 - 기타,승용,남,27세,상해없음,승용,남,49세,경상
노인사고,2022042300100363,2022년 4월 23일 17시,토요일,부산광역시 서구 서대신동3가,경상사고,0,0,1,0,차량단독 - 기타,안전운전불이행,건조,맑음,단일로 - 기타,승합,남,49세,상해없음,,,,
노인사고,2.02204E+15,2022년 4월 23일 22시,토요일,부산광역시 수영구 수영동,경상사고,0,0,1,0,차대차 - 추돌,안전운전불이행,건조,맑음,교차로 - 교차로부근,승용,남,49세,상해없음,승용,남,66세,경상
노인사고,2022042400100031,2022년 4월 24일 02시,일요일,부산광역시 영도구 청학동,경상사고,0,0,4,0,차대차 - 추돌,안전운전불이행,건조,맑음,교차로 - 교차로부근,승용,남,47세,상해없음,승용,남,69세,경상
노인사고,2022042400100235,2022년 4월 24일 15시,일요일,부산광역시 남구 용호동,중상사고,0,1,0,0,차대사람 - 보도통행중,보행자보호의무위반,건조,맑음,교차로 - 교차로부근,승용,남,39세,상해없음,보행자,남,79세,중상
노인사고,2022042400100236,2022년 4월 24일 15시,일요일,부산광역시 사하구 감천동,경상사고,0,0,6,0,차대차 - 기타,신호위반,건조,맑음,교차로 - 교차로안,승용,여,23세,상해없음,승용,남,67세,경상
노인사고,2022042400100268,2022년 4월 24일 16시,일요일,부산광역시 해운대구 좌동,경상사고,0,0,1,0,차대차 - 기타,신호위반,건조,맑음,교차로 - 교차로안,기타불명,기타불명,미분류,기타불명,승용,남,67세,상해없음
노인사고,2022042400100302,2022년 4월 24일 17시,일요일,부산광역시 중구 보수동1가,경상사고,0,0,1,0,차대사람 - 횡단중,보행자보호의무위반,건조,맑음,교차로 - 교차로안,승용,남,61세,상해없음,보행자,여,65세,경상
노인사고,2022042400100356,2022년 4월 24일 19시,일요일,부산광역시 사하구 감천동,부상신고사고,0,0,0,1,차대사람 - 기타,안전운전불이행,건조,맑음,단일로 - 기타,기타불명,기타불명,미분류,기타불명,보행자,여,71세,부상신고
노인사고,2.02204E+15,2022년 4월 24일 20시,일요일,부산광역시 해운대구 우동,경상사고,0,0,2,0,차대차 - 측면충돌,안전운전불이행,건조,맑음,교차로 - 교차로부근,승용,남,71세,경상,승용,여,38세,상해없음
노인사고,2022042500100021,2022년 4월 25일 04시,월요일,부산광역시 동구 초량동,중상사고,0,1,1,0,차대차 - 측면충돌,안전운전불이행,젖음/습기,흐림,단일로 - 기타,화물,남,57세,상해없음,승용,남,65세,경상
노인사고,2022042500100029,2022년 4월 25일 05시,월요일,부산광역시 수영구 민락동,중상사고,0,1,0,0,차대사람 - 횡단중,안전운전불이행,건조,맑음,교차로 - 교차로부근,승용,남,29세,상해없음,보행자,여,76세,중상
노인사고,2022042500100089,2022년 4월 25일 08시,월요일,부산광역시 사하구 괴정동,중상사고,0,1,0,0,차대사람 - 횡단중,안전운전불이행,건조,맑음,단일로 - 기타,승용,여,66세,상해없음,보행자,남,84세,중상
노인사고,2022042500100184,2022년 4월 25일 11시,월요일,부산광역시 사상구 모라동,경상사고,0,0,1,0,차대사람 - 횡단중,안전운전불이행,건조,맑음,단일로 - 기타,화물,남,65세,기타불명,보행자,여,79세,경상
노인사고,2022042500100246,2022년 4월 25일 13시,월요일,부산광역시 부산진구 당감동,중상사고,0,1,0,0,차대차 - 측면충돌,신호위반,건조,맑음,교차로 - 교차로부근,화물,남,53세,상해없음,자전거,남,89세,중상
노인사고,2022042500100279,2022년 4월 25일 14시,월요일,부산광역시 남구 대연동,중상사고,0,1,0,0,차량단독 - 기타,안전운전불이행,건조,맑음,단일로 - 기타,승합,남,51세,상해없음,,,,
노인사고,2022042500100322,2022년 4월 25일 15시,월요일,부산광역시 서구 동대신동3가,중상사고,0,1,0,0,차대사람 - 기타,안전운전불이행,건조,맑음,기타 - 기타,원동기,남,71세,상해없음,보행자,여,70세,중상
노인사고,2022042500100323,2022년 4월 25일 15시,월요일,부산광역시 부산진구 개금동,중상사고,0,1,1,0,차대차 - 기타,안전운전불이행,건조,맑음,단일로 - 고가도로위,승용,남,45세,상해없음,승용,남,67세,중상
노인사고,2022042500100324,2022년 4월 25일 15시,월요일,부산광역시 사하구 감천동,중상사고,0,1,0,0,차대사람 - 기타,기타,건조,맑음,단일로 - 기타,승용,여,59세,상해없음,보행자,여,74세,중상
노인사고,2022042500100376,2022년 4월 25일 16시,월요일,부산광역시 영도구 청학동,경상사고,0,0,2,0,차대차 - 추돌,안전운전불이행,건조,맑음,교차로 - 교차로안,승용,남,65세,기타불명,승용,남,63세,경상
노인사고,2022042500100421,2022년 4월 25일 17시,월요일,부산광역시 사하구 신평동,경상사고,0,0,1,0,차대사람 - 차도통행중,안전운전불이행,건조,맑음,단일로 - 기타,승용,남,41세,상해없음,보행자,여,73세,경상
노인사고,2022042500100461,2022년 4월 25일 18시,월요일,부산광역시 남구 대연동,경상사고,0,0,1,0,차대차 - 추돌,안전운전불이행,건조,맑음,교차로 - 교차로안,승용,남,35세,상해없음,승용,여,71세,경상
노인사고,2022042600100036,2022년 4월 26일 02시,화요일,부산광역시 북구 화명동,중상사고,0,1,0,0,차대사람 - 기타,안전운전불이행,젖음/습기,비,단일로 - 기타,이륜,남,24세,상해없음,보행자,여,71세,중상
노인사고,2022042600100051,2022년 4월 26일 05시,화요일,부산광역시 부산진구 전포동,중상사고,0,1,1,0,차대차 - 측면충돌,신호위반,젖음/습기,비,교차로 - 교차로안,승용,남,32세,상해없음,화물,남,67세,경상
노인사고,2022042600100154,2022년 4월 26일 09시,화요일,부산광역시 사하구 당리동,중상사고,0,1,0,0,차대사람 - 횡단중,보행자보호의무위반,건조,맑음,교차로 - 교차로횡단보도내,승용,여,43세,상해없음,보행자,여,83세,중상
노인사고,2022042600100189,2022년 4월 26일 10시,화요일,부산광역시 영도구 청학동,중상사고,0,1,0,0,차대사람 - 횡단중,안전운전불이행,건조,맑음,교차로 - 교차로안,승용,남,66세,상해없음,보행자,여,75세,중상
노인사고,2022042700100029,2022년 4월 27일 04시,수요일,부산광역시 부산진구 범전동,중상사고,0,1,0,0,차대사람 - 횡단중,신호위반,건조,맑음,기타 - 기타,승용,남,65세,상해없음,보행자,남,84세,중상
노인사고,2022042700100062,2022년 4월 27일 07시,수요일,부산광역시 강서구 구랑동,경상사고,0,0,8,0,차대차 - 측면충돌,차로위반,건조,맑음,교차로 - 교차로부근,승용,남,33세,상해없음,승합,남,54세,경상
노인사고,2022042700100255,2022년 4월 27일 13시,수요일,부산광역시 서구 아미동2가,경상사고,0,0,1,0,차대차 - 측면충돌,기타,건조,맑음,교차로 - 교차로안,승용,남,24세,상해없음,승용,남,73세,경상
노인사고,2022042700100257,2022년 4월 27일 13시,수요일,부산광역시 사하구 신평동,경상사고,0,0,1,0,차대차 - 정면충돌,안전운전불이행,건조,맑음,단일로 - 기타,승용,남,28세,상해없음,자전거,남,68세,경상
노인사고,2022042700100494,2022년 4월 27일 19시,수요일,부산광역시 남구 우암동,중상사고,0,1,0,0,차량단독 - 기타,기타,건조,맑음,단일로 - 기타,승합,남,71세,상해없음,,,,
노인사고,2022042700100526,2022년 4월 27일 20시,수요일,부산광역시 동래구 사직동,중상사고,0,1,0,0,차대사람 - 길가장자리구역통행중,안전운전불이행,건조,맑음,단일로 - 기타,이륜,여,21세,상해없음,보행자,여,65세,중상
노인사고,2022042800100158,2022년 4월 28일 10시,목요일,부산광역시 부산진구 부전동,중상사고,0,1,0,0,차대사람 - 기타,안전운전불이행,건조,맑음,기타 - 기타,화물,남,44세,상해없음,보행자,여,65세,중상
노인사고,2022042800100195,2022년 4월 28일 11시,목요일,부산광역시 연제구 연산동,중상사고,0,1,0,0,차대차 - 측면충돌,안전운전불이행,건조,맑음,교차로 - 교차로부근,승용,남,39세,상해없음,자전거,여,79세,중상
노인사고,2022042800100267,2022년 4월 28일 13시,목요일,부산광역시 동래구 안락동,경상사고,0,0,1,0,차대차 - 측면충돌,안전거리미확보,건조,맑음,단일로 - 기타,승용,여,40세,기타불명,승용,남,70세,경상
노인사고,2022042800100292,2022년 4월 28일 14시,목요일,부산광역시 남구 대연동,경상사고,0,0,1,0,차대차 - 기타,안전거리미확보,건조,맑음,단일로 - 기타,승용,남,68세,상해없음,승용,남,72세,경상
노인사고,2022042800100293,2022년 4월 28일 14시,목요일,부산광역시 사하구 신평동,경상사고,0,0,1,0,차대사람 - 횡단중,보행자보호의무위반,건조,맑음,교차로 - 교차로횡단보도내,화물,남,35세,상해없음,보행자,여,66세,경상
노인사고,2022042800100331,2022년 4월 28일 15시,목요일,부산광역시 기장군 장안읍,경상사고,0,0,1,0,차대차 - 측면충돌,안전운전불이행,건조,맑음,단일로 - 기타,승용,남,65세,상해없음,승용,여,65세,경상
노인사고,2.02204E+15,2022년 4월 29일 08시,금요일,부산광역시 영도구 동삼동,중상사고,0,1,0,0,차대사람 - 기타,안전운전불이행,젖음/습기,비,교차로 - 교차로부근,승합,남,54세,상해없음,보행자,여,75세,중상
노인사고,2022042900100293,2022년 4월 29일 13시,금요일,부산광역시 해운대구 재송동,중상사고,0,1,0,0,차대사람 - 횡단중,신호위반,건조,맑음,교차로 - 교차로안,이륜,남,17세,상해없음,보행자,여,66세,중상
노인사고,2022042900100592,2022년 4월 29일 21시,금요일,부산광역시 남구 문현동,중상사고,0,1,0,0,차대사람 - 기타,안전운전불이행,젖음/습기,흐림,교차로 - 교차로횡단보도내,승용,여,33세,상해없음,보행자,여,67세,중상
노인사고,2022042900100615,2022년 4월 29일 22시,금요일,부산광역시 부산진구 부전동,경상사고,0,0,2,0,차대차 - 측면충돌,안전운전불이행,건조,맑음,기타 - 기타,승용,남,51세,상해없음,승용,남,70세,경상
노인사고,2022043000100081,2022년 4월 30일 08시,토요일,부산광역시 사하구 하단동,경상사고,0,0,1,0,차대사람 - 보도통행중,기타,건조,맑음,기타 - 기타,화물,남,56세,상해없음,보행자,남,85세,경상
노인사고,2022043000100147,2022년 4월 30일 11시,토요일,부산광역시 부산진구 전포동,경상사고,0,0,1,0,차대차 - 측면충돌,안전운전불이행,건조,맑음,기타 - 기타,승용,여,35세,상해없음,자전거,여,66세,경상
노인사고,2022043000100218,2022년 4월 30일 13시,토요일,부산광역시 남구 용호동,중상사고,0,1,0,0,차대차 - 기타,안전운전불이행,건조,맑음,단일로 - 기타,자전거,남,69세,중상,승용,여,44세,상해없음
노인사고,2022043000100222,2022년 4월 30일 13시,토요일,부산광역시 강서구 대저1동,부상신고사고,0,0,0,1,차대차 - 측면충돌,신호위반,건조,맑음,교차로 - 교차로안,자전거,남,73세,부상신고,승용,여,60세,상해없음
노인사고,2022043000100408,2022년 4월 30일 18시,토요일,부산광역시 사상구 감전동,경상사고,0,0,2,0,차대차 - 측면충돌,안전운전불이행,건조,맑음,교차로 - 교차로안,승용,남,82세,상해없음,승용,남,71세,경상
노인사고,2022043000100497,2022년 4월 30일 21시,토요일,부산광역시 부산진구 범천동,중상사고,0,1,2,0,차대차 - 추돌,중앙선침범,건조,맑음,단일로 - 기타,이륜,남,67세,중상,승용,남,58세,경상
노인사고,2022043000100538,2022년 4월 30일 23시,토요일,부산광역시 해운대구 반여동,경상사고,0,0,2,0,차대차 - 기타,신호위반,건조,맑음,교차로 - 교차로안,승용,여,44세,상해없음,승용,남,65세,경상
노인사고,2022050100100003,2022년 5월 1일 00시,일요일,부산광역시 동래구 명장동,경상사고,0,0,3,0,차대차 - 추돌,안전운전불이행,건조,맑음,단일로 - 기타,승용,남,34세,상해없음,승용,남,66세,경상
노인사고,2022050100100089,2022년 5월 1일 09시,일요일,부산광역시 부산진구 전포동,경상사고,0,0,1,0,차대차 - 측면충돌,안전운전불이행,건조,맑음,단일로 - 기타,승용,남,45세,상해없음,승용,여,71세,경상
노인사고,2022050100100112,2022년 5월 1일 10시,일요일,부산광역시 동래구 명륜동,경상사고,0,0,1,0,차량단독 - 기타,안전운전불이행,건조,맑음,단일로 - 기타,승합,남,45세,기타불명,,,,
노인사고,2022050100100179,2022년 5월 1일 13시,일요일,부산광역시 남구 대연동,중상사고,0,1,0,0,차대차 - 기타,안전운전불이행,건조,맑음,기타 - 기타,승용,남,71세,상해없음,자전거,남,67세,중상
노인사고,2022050100100181,2022년 5월 1일 13시,일요일,부산광역시 연제구 연산동,경상사고,0,0,2,0,차대차 - 기타,신호위반,건조,맑음,교차로 - 교차로안,승용,남,69세,상해없음,승용,남,66세,경상