사고부문,사고번호,사고일시,요일,시군구,사고내용,사망자수,중상자수,경상자수,부상신고자수,사고유형,법규위반,노면상태,기상상태,도로형태,가해운전자 차종,가해운전자 성별,가해운전자 연령,가해운전자 상해정도,피해운전자 차종,피해운전자 성별,피해운전자 연령,피해운전자 상해정도
노인사고,2022062400100071,2022년 6월 24일 06시,금요일,부산광역시 기장군 기장읍,경상사고,0,0,6,0,차대차 - 추돌,안전운전불이행,젖음/습기,비,단일로 - 기타,승용,남,63세,상해없음,화물,남,57세,경상
노인사고,2022062400100107,2022년 6월 24일 08시,금요일,부산광역시 수영구 민락동,경상사고,0,0,1,0,차대차 - 측면충돌,교차로운행방법위반,젖음/습기,비,교차로 - 교차로안,승용,남,33세,상해없음,승용,남,67세,경상
노인사고,2022062400100229,2022년 6월 24일 12시,금요일,부산광역시 남구 문현동,경상사고,0,0,3,0,차대차 - 기타,교차로운행방법위반,건조,맑음,교차로 - 교차로안,승용,남,34세,경상,승합,남,66세,경상
노인사고,2.02206E+15,2022년 6월 24일 12시,금요일,부산광역시 사하구 장림동,경상사고,0,0,1,0,차대차 - 측면충돌,안전운전불이행,건조,맑음,기타 - 기타,화물,남,59세,상해없음,승용,남,68세,경상
노인사고,2022062400100326,2022년 6월 24일 15시,금요일,부산광역시 영도구 동삼동,경상사고,0,0,1,0,차량단독 - 기타,안전운전불이행,건조,맑음,교차로 - 교차로부근,승합,남,46세,상해없음,,,,
노인사고,2022062400100512,2022년 6월 24일 19시,금요일,부산광역시 해운대구 우동,경상사고,0,0,1,0,차대차 - 측면충돌,안전운전불이행,건조,맑음,교차로 - 교차로부근,이륜,남,37세,상해없음,승용,여,70세,경상
노인사고,2022062400100624,2022년 6월 24일 23시,금요일,부산광역시 부산진구 양정동,중상사고,0,2,1,0,차대차 - 기타,신호위반,건조,맑음,교차로 - 교차로안,승용,여,33세,기타불명,승용,여,59세,경상
노인사고,2022062500100285,2022년 6월 25일 13시,토요일,부산광역시 부산진구 범천동,경상사고,0,0,3,0,차대차 - 측면충돌,안전운전불이행,건조,맑음,단일로 - 기타,승용,여,72세,경상,승용,남,53세,경상
노인사고,2022062500100377,2022년 6월 25일 15시,토요일,부산광역시 해운대구 반여동,경상사고,0,0,6,0,차대차 - 측면충돌,안전거리미확보,건조,맑음,단일로 - 기타,승용,남,72세,경상,승합,남,44세,경상
노인사고,2022062600100002,2022년 6월 26일 00시,일요일,부산광역시 동구 초량동,경상사고,0,0,16,8,차대차 - 기타,신호위반,건조,맑음,단일로 - 기타,승용,남,69세,부상신고,승합,남,56세,경상
노인사고,2022062600100092,2022년 6월 26일 10시,일요일,부산광역시 남구 용호동,경상사고,0,0,1,0,차대사람 - 기타,기타,건조,맑음,교차로 - 교차로안,승용,여,57세,상해없음,보행자,남,65세,경상
노인사고,2022062600100158,2022년 6월 26일 13시,일요일,부산광역시 연제구 연산동,경상사고,0,0,2,0,차대차 - 측면충돌,안전운전불이행,건조,맑음,교차로 - 교차로부근,이륜,남,31세,기타불명,승용,남,69세,경상
노인사고,2.02206E+15,2022년 6월 26일 15시,일요일,부산광역시 연제구 연산동,경상사고,0,0,4,1,차대차 - 기타,안전운전불이행,건조,맑음,단일로 - 기타,승용,남,68세,부상신고,승합,남,56세,경상
노인사고,2022062600100233,2022년 6월 26일 16시,일요일,부산광역시 기장군 철마면,경상사고,0,0,1,0,차대차 - 후진중충돌,안전운전불이행,건조,맑음,단일로 - 기타,승용,남,54세,상해없음,승용,남,70세,경상
노인사고,2022062700100053,2022년 6월 27일 07시,월요일,부산광역시 서구 동대신동3가,경상사고,0,0,1,1,차대차 - 측면충돌,안전운전불이행,젖음/습기,비,단일로 - 기타,승용,여,70세,부상신고,승용,여,32세,경상
노인사고,2022062700100054,2022년 6월 27일 07시,월요일,부산광역시 사상구 엄궁동,경상사고,0,0,2,0,차대차 - 측면충돌,안전거리미확보,건조,맑음,교차로 - 교차로부근,화물,남,67세,경상,승용,여,48세,경상
노인사고,2022062700100089,2022년 6월 27일 08시,월요일,부산광역시 금정구 부곡동,경상사고,0,0,2,0,차대차 - 추돌,안전거리미확보,건조,맑음,단일로 - 기타,화물,남,70세,상해없음,승용,남,69세,경상
노인사고,2022062700100222,2022년 6월 27일 12시,월요일,부산광역시 동래구 안락동,중상사고,0,1,0,0,차대사람 - 기타,안전운전불이행,젖음/습기,비,기타 - 기타,이륜,남,27세,상해없음,보행자,여,74세,중상
노인사고,2022062700100545,2022년 6월 27일 23시,월요일,부산광역시 동래구 명륜동,경상사고,0,0,3,0,차대차 - 측면충돌,교차로운행방법위반,젖음/습기,비,교차로 - 교차로안,승용,여,30세,경상,승용,남,66세,경상
노인사고,2022062800100109,2022년 6월 28일 09시,화요일,부산광역시 동래구 명장동,경상사고,0,0,1,0,차대차 - 측면충돌,신호위반,젖음/습기,흐림,교차로 - 교차로안,승용,남,62세,상해없음,승용,남,67세,경상
노인사고,2.02206E+15,2022년 6월 28일 09시,화요일,부산광역시 동래구 사직동,경상사고,0,0,2,0,차대차 - 추돌,안전운전불이행,건조,맑음,교차로 - 교차로안,승용,남,38세,상해없음,승용,남,66세,경상
노인사고,2022062800100171,2022년 6월 28일 11시,화요일,부산광역시 부산진구 부전동,중상사고,0,1,0,0,차대사람 - 횡단중,보행자보호의무위반,젖음/습기,비,교차로 - 교차로안,승합,남,37세,상해없음,보행자,여,68세,중상
노인사고,2022062800100172,2022년 6월 28일 11시,화요일,부산광역시 연제구 거제동,중상사고,0,1,0,0,차대사람 - 보도통행중,기타,건조,맑음,단일로 - 기타,화물,남,33세,상해없음,보행자,여,83세,중상
노인사고,2022062800100194,2022년 6월 28일 12시,화요일,부산광역시 부산진구 양정동,중상사고,0,2,1,0,차대차 - 기타,기타,건조,맑음,단일로 - 기타,원동기,남,45세,경상,승용,남,75세,중상
노인사고,2022062800100228,2022년 6월 28일 13시,화요일,부산광역시 영도구 동삼동,중상사고,0,1,0,0,차대사람 - 기타,안전운전불이행,건조,맑음,단일로 - 기타,승합,남,43세,상해없음,보행자,남,86세,중상
노인사고,2022062800100229,2022년 6월 28일 13시,화요일,부산광역시 사하구 구평동,중상사고,0,1,0,0,차대사람 - 기타,안전운전불이행,젖음/습기,비,단일로 - 기타,승용,여,49세,상해없음,보행자,여,82세,중상
노인사고,2.02206E+15,2022년 6월 28일 17시,화요일,부산광역시 해운대구 중동,중상사고,0,1,0,0,차대사람 - 길가장자리구역통행중,안전운전불이행,건조,맑음,단일로 - 기타,승용,남,63세,상해없음,보행자,여,70세,중상
노인사고,2022062800100402,2022년 6월 28일 18시,화요일,부산광역시 수영구 망미동,경상사고,0,0,1,0,차대사람 - 기타,기타,젖음/습기,비,단일로 - 기타,승용,남,56세,상해없음,보행자,여,67세,경상
노인사고,2022062800100483,2022년 6월 28일 20시,화요일,부산광역시 북구 화명동,경상사고,0,0,1,0,차대사람 - 횡단중,신호위반,젖음/습기,흐림,교차로 - 교차로횡단보도내,승용,남,75세,상해없음,보행자,여,83세,경상
노인사고,2022062800100537,2022년 6월 28일 22시,화요일,부산광역시 부산진구 부전동,중상사고,0,1,2,0,차대차 - 측면충돌,신호위반,젖음/습기,흐림,교차로 - 교차로안,이륜,남,26세,중상,승용,남,73세,경상
노인사고,2022062900100081,2022년 6월 29일 08시,수요일,부산광역시 동래구 안락동,중상사고,0,1,0,0,차대차 - 측면충돌,안전운전불이행,젖음/습기,흐림,교차로 - 교차로안,승용,여,57세,상해없음,승용,남,61세,기타불명
노인사고,2022062900100429,2022년 6월 29일 18시,수요일,부산광역시 사하구 괴정동,중상사고,0,1,0,0,차대사람 - 기타,안전운전불이행,젖음/습기,비,교차로 - 교차로부근,승용,남,38세,상해없음,보행자,여,69세,중상
노인사고,2022062900100472,2022년 6월 29일 19시,수요일,부산광역시 기장군 기장읍,경상사고,0,0,2,0,차대차 - 기타,안전운전불이행,젖음/습기,비,단일로 - 기타,승용,남,18세,기타불명,승용,여,74세,경상
노인사고,2022063000100112,2022년 6월 30일 08시,목요일,부산광역시 사상구 주례동,중상사고,0,1,0,0,차대차 - 정면충돌,안전거리미확보,건조,맑음,교차로 - 교차로부근,승용,남,55세,상해없음,자전거,남,73세,중상
노인사고,2022063000100208,2022년 6월 30일 11시,목요일,부산광역시 중구 신창동4가,중상사고,0,1,0,0,차대사람 - 기타,안전운전불이행,건조,맑음,기타 - 기타,개인형이동수단(PM),남,61세,상해없음,보행자,여,71세,중상
노인사고,2022063000100562,2022년 6월 30일 22시,목요일,부산광역시 서구 토성동5가,경상사고,0,0,1,1,차대차 - 측면충돌,신호위반,건조,맑음,교차로 - 교차로부근,이륜,남,52세,부상신고,승용,남,65세,경상
노인사고,2022070100100135,2022년 7월 1일 09시,금요일,부산광역시 남구 대연동,중상사고,0,1,0,0,차대사람 - 기타,기타,건조,맑음,기타 - 기타,승용,남,28세,기타불명,보행자,여,76세,중상
노인사고,2022070100100441,2022년 7월 1일 17시,금요일,부산광역시 남구 대연동,경상사고,0,0,1,0,차대차 - 측면충돌,중앙선침범,건조,맑음,단일로 - 기타,승용,남,71세,상해없음,승합,남,65세,경상
노인사고,2022070200100238,2022년 7월 2일 12시,토요일,부산광역시 부산진구 양정동,부상신고사고,0,0,0,1,차대차 - 기타,안전운전불이행,건조,맑음,단일로 - 기타,승용,남,79세,부상신고,화물,남,53세,기타불명
노인사고,2022070200100307,2022년 7월 2일 14시,토요일,부산광역시 사상구 학장동,경상사고,0,0,6,0,차대차 - 측면충돌,안전운전불이행,건조,맑음,단일로 - 기타,승용,남,42세,경상,승용,여,39세,경상
노인사고,2022070200100412,2022년 7월 2일 17시,토요일,부산광역시 기장군 기장읍,사망사고,1,0,0,0,차대사람 - 횡단중,보행자보호의무위반,건조,맑음,교차로 - 교차로안,화물,남,53세,상해없음,보행자,여,73세,사망
노인사고,2022070200100449,2022년 7월 2일 18시,토요일,부산광역시 강서구 강동동,중상사고,0,1,0,0,차대차 - 기타,안전운전불이행,건조,맑음,교차로 - 교차로안,승용,남,27세,상해없음,이륜,남,72세,중상
노인사고,2022070200100512,2022년 7월 2일 20시,토요일,부산광역시 남구 대연동,경상사고,0,0,2,0,차대차 - 측면충돌,안전운전불이행,건조,맑음,교차로 - 교차로안,승용,남,67세,상해없음,승합,남,57세,경상
노인사고,2022070200100541,2022년 7월 2일 21시,토요일,부산광역시 동구 초량동,경상사고,0,0,1,0,차대차 - 측면충돌,안전거리미확보,건조,맑음,단일로 - 기타,승용,남,52세,상해없음,승용,남,74세,경상
노인사고,2022070200100567,2022년 7월 2일 22시,토요일,부산광역시 연제구 거제동,경상사고,0,0,2,0,차대차 - 기타,불법유턴,건조,맑음,단일로 - 기타,이륜,남,47세,상해없음,승용,남,65세,경상
노인사고,2022070300100118,2022년 7월 3일 10시,일요일,부산광역시 북구 금곡동,사망사고,1,0,0,0,차대차 - 기타,신호위반,건조,맑음,교차로 - 교차로안,승용,여,28세,상해없음,자전거,남,85세,사망
노인사고,2022070300100119,2022년 7월 3일 10시,일요일,부산광역시 해운대구 송정동,부상신고사고,0,0,0,1,차대차 - 기타,안전운전불이행,건조,맑음,단일로 - 기타,승합,남,66세,상해없음,자전거,남,71세,부상신고
노인사고,2022070300100256,2022년 7월 3일 15시,일요일,부산광역시 동구 수정동,중상사고,0,1,6,0,차대차 - 측면충돌,신호위반,건조,맑음,교차로 - 교차로안,승용,남,64세,상해없음,승합,남,45세,경상
노인사고,2022070300100257,2022년 7월 3일 15시,일요일,부산광역시 동구 초량동,경상사고,0,0,1,0,차대차 - 측면충돌,안전운전불이행,건조,맑음,단일로 - 기타,승용,여,19세,상해없음,승용,남,69세,경상
노인사고,2022070300100373,2022년 7월 3일 19시,일요일,부산광역시 금정구 장전동,중상사고,0,1,1,0,차대차 - 측면충돌,신호위반,건조,맑음,교차로 - 교차로안,이륜,남,65세,중상,원동기,남,19세,경상
노인사고,2022070400100225,2022년 7월 4일 12시,월요일,부산광역시 서구 동대신동2가,중상사고,0,1,0,0,차대사람 - 보도통행중,기타,건조,맑음,교차로 - 교차로횡단보도내,이륜,남,61세,상해없음,보행자,여,82세,중상
노인사고,2022070400100295,2022년 7월 4일 14시,월요일,부산광역시 남구 감만동,경상사고,0,0,2,0,차대차 - 측면충돌,중앙선침범,건조,맑음,교차로 - 교차로부근,승용,남,80세,상해없음,승용,남,47세,경상
노인사고,2022070400100396,2022년 7월 4일 17시,월요일,부산광역시 서구 동대신동1가,경상사고,0,0,1,0,차대차 - 측면충돌,안전거리미확보,건조,맑음,교차로 - 교차로부근,이륜,남,80세,경상,승용,남,43세,상해없음
노인사고,2.02207E+15,2022년 7월 4일 18시,월요일,부산광역시 영도구 남항동1가,경상사고,0,0,1,0,차대사람 - 길가장자리구역통행중,안전운전불이행,건조,맑음,단일로 - 기타,승용,여,58세,상해없음,보행자,여,85세,경상
노인사고,2022070500100083,2022년 7월 5일 08시,화요일,부산광역시 사하구 감천동,경상사고,0,0,1,0,차대차 - 측면충돌,교차로운행방법위반,건조,맑음,교차로 - 교차로안,승용,여,25세,상해없음,승용,남,69세,경상
노인사고,2022070500100127,2022년 7월 5일 09시,화요일,부산광역시 수영구 광안동,경상사고,0,0,2,0,차대차 - 추돌,안전운전불이행,건조,맑음,단일로 - 기타,승용,남,77세,상해없음,승용,여,43세,경상
노인사고,2022070500100128,2022년 7월 5일 09시,화요일,부산광역시 해운대구 반송동,중상사고,0,1,0,0,차대사람 - 기타,안전운전불이행,건조,맑음,단일로 - 기타,이륜,여,70세,상해없음,보행자,여,71세,중상
노인사고,2022070500100187,2022년 7월 5일 11시,화요일,부산광역시 남구 문현동,중상사고,0,1,0,0,차대차 - 기타,안전거리미확보,건조,맑음,단일로 - 기타,승용,남,73세,상해없음,승합,남,56세,상해없음
노인사고,2022070600100023,2022년 7월 6일 04시,수요일,부산광역시 연제구 연산동,중상사고,0,1,0,0,차대사람 - 횡단중,안전운전불이행,건조,맑음,교차로 - 교차로안,승용,여,50세,상해없음,보행자,남,86세,중상
노인사고,2022070600100088,2022년 7월 6일 08시,수요일,부산광역시 사하구 감천동,중상사고,0,1,0,0,차대사람 - 횡단중,안전운전불이행,건조,맑음,단일로 - 기타,자전거,남,16세,상해없음,보행자,여,73세,중상
노인사고,2022070600100157,2022년 7월 6일 10시,수요일,부산광역시 부산진구 부전동,경상사고,0,0,4,0,차대차 - 기타,신호위반,건조,맑음,교차로 - 교차로안,승용,여,24세,상해없음,승합,남,49세,경상
노인사고,2022070600100241,2022년 7월 6일 13시,수요일,부산광역시 영도구 청학동,중상사고,0,1,0,0,차대차 - 기타,안전운전불이행,건조,맑음,단일로 - 지하차도(도로)내,화물,남,65세,중상,이륜,남,47세,기타불명
노인사고,2022070600100342,2022년 7월 6일 16시,수요일,부산광역시 북구 덕천동,부상신고사고,0,0,0,1,차대사람 - 기타,안전운전불이행,건조,맑음,단일로 - 기타,화물,남,69세,상해없음,보행자,남,79세,부상신고
노인사고,2022070600100344,2022년 7월 6일 16시,수요일,부산광역시 부산진구 부전동,경상사고,0,0,1,0,차대사람 - 기타,안전운전불이행,건조,맑음,단일로 - 기타,승용,여,71세,상해없음,보행자,여,67세,경상
노인사고,2022070600100411,2022년 7월 6일 18시,수요일,부산광역시 사상구 덕포동,중상사고,0,1,0,0,차대사람 - 보도통행중,기타,건조,맑음,단일로 - 기타,승용,남,61세,상해없음,보행자,남,67세,중상
노인사고,2022070600100457,2022년 7월 6일 19시,수요일,부산광역시 동구 초량동,경상사고,0,0,1,0,차대차 - 측면충돌,안전운전불이행,건조,맑음,교차로 - 교차로횡단보도내,자전거,남,72세,경상,승용,남,44세,상해없음
노인사고,2022070700100049,2022년 7월 7일 06시,목요일,부산광역시 연제구 연산동,부상신고사고,0,0,0,1,차대차 - 추돌,안전운전불이행,건조,맑음,교차로 - 교차로부근,승용,남,32세,상해없음,화물,남,66세,부상신고
노인사고,2022070700100149,2022년 7월 7일 09시,목요일,부산광역시 해운대구 재송동,중상사고,0,1,0,0,차대사람 - 횡단중,안전운전불이행,건조,맑음,교차로 - 교차로안,승용,여,27세,상해없음,보행자,여,65세,중상
노인사고,2.02207E+15,2022년 7월 7일 09시,목요일,부산광역시 부산진구 부전동,경상사고,0,0,1,0,차대사람 - 기타,안전운전불이행,건조,맑음,단일로 - 기타,승용,여,35세,상해없음,보행자,여,66세,경상
노인사고,2022070700100194,2022년 7월 7일 10시,목요일,부산광역시 수영구 광안동,중상사고,0,1,1,0,차량단독 - 기타,안전운전불이행,건조,맑음,단일로 - 기타,승합,남,55세,상해없음,,,,
노인사고,2022070700100321,2022년 7월 7일 14시,목요일,부산광역시 해운대구 반송동,중상사고,0,1,0,0,차대사람 - 보도통행중,보행자보호의무위반,건조,맑음,교차로 - 교차로횡단보도내,승용,남,60세,상해없음,보행자,남,80세,중상
노인사고,2022070700100376,2022년 7월 7일 16시,목요일,부산광역시 강서구 대저1동,경상사고,0,0,1,0,차대차 - 측면충돌,안전운전불이행,건조,맑음,교차로 - 교차로안,승용,남,34세,상해없음,이륜,남,80세,경상
노인사고,2022070700100463,2022년 7월 7일 18시,목요일,부산광역시 사하구 다대동,중상사고,0,1,0,0,차대사람 - 횡단중,보행자보호의무위반,건조,맑음,교차로 - 교차로안,승용,남,54세,상해없음,보행자,여,71세,중상
노인사고,2022070700100617,2022년 7월 7일 23시,목요일,부산광역시 수영구 수영동,중상사고,0,1,0,0,차대사람 - 기타,안전운전불이행,건조,맑음,교차로 - 교차로부근,승용,남,63세,상해없음,보행자,남,65세,중상
노인사고,2022070800100037,2022년 7월 8일 05시,금요일,부산광역시 사상구 감전동,경상사고,0,0,1,0,차대차 - 측면충돌,불법유턴,건조,맑음,단일로 - 기타,자전거,남,72세,경상,승용,남,64세,상해없음
노인사고,2022070800100191,2022년 7월 8일 11시,금요일,부산광역시 동래구 명륜동,중상사고,0,1,0,0,차대차 - 기타,안전운전불이행,건조,맑음,단일로 - 기타,화물,남,53세,상해없음,승용,남,73세,중상
노인사고,2022070800100259,2022년 7월 8일 13시,금요일,부산광역시 영도구 남항동2가,경상사고,0,0,1,0,차대차 - 측면충돌,안전운전불이행,건조,맑음,기타 - 기타,자전거,남,72세,경상,승용,여,57세,상해없음
노인사고,2022070800100261,2022년 7월 8일 13시,금요일,부산광역시 연제구 연산동,경상사고,0,0,3,0,차대차 - 기타,차로위반,건조,맑음,단일로 - 기타,승용,남,48세,상해없음,승용,남,51세,경상
노인사고,2022070800100293,2022년 7월 8일 14시,금요일,부산광역시 중구 중앙동6가,중상사고,0,1,2,0,차대차 - 측면충돌,안전거리미확보,건조,맑음,교차로 - 교차로부근,승용,남,60세,상해없음,승용,남,73세,중상
노인사고,2022070800100294,2022년 7월 8일 14시,금요일,부산광역시 수영구 광안동,중상사고,0,1,0,0,차대사람 - 기타,보행자보호의무위반,건조,맑음,교차로 - 교차로부근,화물,남,60세,상해없음,보행자,남,73세,중상
노인사고,2022070800100296,2022년 7월 8일 14시,금요일,부산광역시 수영구 광안동,중상사고,0,1,0,0,차대사람 - 기타,안전운전불이행,건조,맑음,단일로 - 기타,화물,남,59세,상해없음,보행자,여,70세,중상
노인사고,2022070800100328,2022년 7월 8일 15시,금요일,부산광역시 서구 토성동4가,중상사고,0,1,0,0,차대차 - 측면충돌,안전운전불이행,건조,맑음,교차로 - 교차로안,승용,남,65세,상해없음,원동기,남,80세,중상
노인사고,2022070800100533,2022년 7월 8일 20시,금요일,부산광역시 동래구 수안동,경상사고,0,0,1,0,차대사람 - 차도통행중,안전운전불이행,건조,맑음,단일로 - 기타,자전거,기타불명,미분류,기타불명,보행자,여,77세,경상
노인사고,2022070900100068,2022년 7월 9일 06시,토요일,부산광역시 부산진구 부전동,중상사고,0,1,1,0,차대차 - 기타,신호위반,건조,맑음,교차로 - 교차로안,이륜,남,56세,상해없음,승합,남,59세,상해없음
노인사고,2022070900100113,2022년 7월 9일 09시,토요일,부산광역시 부산진구 초읍동,경상사고,0,0,1,0,차대사람 - 기타,안전운전불이행,건조,맑음,교차로 - 교차로부근,화물,남,52세,상해없음,보행자,여,80세,경상
노인사고,2022070900100114,2022년 7월 9일 09시,토요일,부산광역시 금정구 서동,경상사고,0,0,1,0,차대사람 - 기타,안전운전불이행,건조,맑음,기타 - 기타,승용,남,62세,상해없음,보행자,남,77세,경상
노인사고,2022070900100115,2022년 7월 9일 09시,토요일,부산광역시 연제구 연산동,경상사고,0,0,1,0,차대차 - 기타,안전운전불이행,건조,맑음,교차로 - 교차로안,승용,여,46세,상해없음,기타불명,남,77세,경상
노인사고,2022070900100235,2022년 7월 9일 13시,토요일,부산광역시 북구 화명동,중상사고,0,4,6,1,차대차 - 추돌,신호위반,건조,맑음,교차로 - 교차로부근,승용,여,62세,상해없음,승용,남,45세,경상
노인사고,2022070900100488,2022년 7월 9일 20시,토요일,부산광역시 동래구 명륜동,중상사고,0,1,0,0,차대차 - 측면충돌,교차로운행방법위반,건조,맑음,교차로 - 교차로안,승용,남,43세,상해없음,자전거,남,78세,중상
노인사고,2022070900100513,2022년 7월 9일 21시,토요일,부산광역시 해운대구 우동,경상사고,0,0,2,0,차대차 - 측면충돌,안전거리미확보,건조,맑음,단일로 - 기타,승용,남,78세,경상,승용,남,62세,경상
노인사고,2022071000100084,2022년 7월 10일 08시,일요일,부산광역시 금정구 구서동,중상사고,0,1,0,0,차대차 - 추돌,안전운전불이행,건조,맑음,단일로 - 기타,승용,남,79세,상해없음,승용,남,49세,기타불명
노인사고,2022071000100143,2022년 7월 10일 11시,일요일,부산광역시 동구 초량동,경상사고,0,0,1,0,차대차 - 측면충돌,안전운전불이행,건조,맑음,교차로 - 교차로부근,승용,남,67세,경상,승용,여,56세,상해없음
노인사고,2022071000100172,2022년 7월 10일 12시,일요일,부산광역시 사하구 괴정동,부상신고사고,0,0,0,1,차대차 - 추돌,안전거리미확보,건조,맑음,단일로 - 기타,승용,남,51세,상해없음,승용,남,43세,상해없음
노인사고,2022071000100197,2022년 7월 10일 13시,일요일,부산광역시 연제구 거제동,경상사고,0,0,1,0,차대차 - 기타,안전거리미확보,건조,맑음,단일로 - 기타,승용,남,50세,상해없음,승합,남,56세,상해없음
노인사고,2022071000100285,2022년 7월 10일 16시,일요일,부산광역시 남구 대연동,경상사고,0,0,1,0,차대차 - 기타,안전운전불이행,건조,맑음,단일로 - 기타,승용,남,45세,상해없음,승용,남,76세,경상
노인사고,2022071000100286,2022년 7월 10일 16시,일요일,부산광역시 남구 대연동,경상사고,0,0,5,0,차대차 - 기타,안전거리미확보,건조,맑음,단일로 - 기타,승용,남,65세,기타불명,승용,남,62세,경상
노인사고,2022071000100338,2022년 7월 10일 18시,일요일,부산광역시 영도구 영선동4가,경상사고,0,0,1,0,차대사람 - 기타,안전운전불이행,건조,맑음,기타 - 기타,승용,남,64세,상해없음,보행자,여,80세,경상
노인사고,2022071100100077,2022년 7월 11일 08시,월요일,부산광역시 부산진구 범천동,경상사고,0,0,1,0,차대차 - 기타,안전운전불이행,젖음/습기,비,교차로 - 교차로안,승용,남,58세,상해없음,승용,남,미분류,기타불명
노인사고,2022071100100151,2022년 7월 11일 10시,월요일,부산광역시 부산진구 부전동,경상사고,0,0,2,0,차대차 - 측면충돌,교차로운행방법위반,건조,맑음,교차로 - 교차로안,승용,남,74세,경상,승용,남,33세,경상
노인사고,2022071100100188,2022년 7월 11일 11시,월요일,부산광역시 부산진구 가야동,경상사고,0,0,1,0,차대사람 - 기타,안전운전불이행,젖음/습기,비,단일로 - 기타,승용,여,42세,상해없음,보행자,남,73세,경상
노인사고,2.02207E+15,2022년 7월 11일 12시,월요일,부산광역시 남구 용호동,중상사고,0,1,0,0,차량단독 - 기타,기타,젖음/습기,비,교차로 - 교차로안,승합,남,27세,상해없음,,,,
노인사고,2022071100100232,2022년 7월 11일 12시,월요일,부산광역시 연제구 연산동,경상사고,0,0,1,0,차대차 - 추돌,안전운전불이행,건조,맑음,단일로 - 기타,화물,남,46세,상해없음,승용,남,65세,경상
노인사고,2022071100100471,2022년 7월 11일 18시,월요일,부산광역시 서구 동대신동3가,부상신고사고,0,0,0,1,차대차 - 측면충돌,교차로운행방법위반,건조,맑음,교차로 - 교차로부근,원동기,남,80세,부상신고,승용,남,41세,상해없음
노인사고,2022071100100583,2022년 7월 11일 22시,월요일,부산광역시 북구 화명동,경상사고,0,0,1,0,차대차 - 추돌,안전운전불이행,건조,맑음,교차로 - 교차로부근,승용,남,18세,상해없음,승용,남,68세,경상
노인사고,2022071200100198,2022년 7월 12일 12시,화요일,부산광역시 기장군 일광읍,경상사고,0,0,1,0,차대차 - 추돌,안전운전불이행,건조,맑음,단일로 - 기타,건설기계,남,41세,상해없음,화물,남,80세,경상
노인사고,2022071200100247,2022년 7월 12일 14시,화요일,부산광역시 기장군 기장읍,중상사고,0,1,0,0,차대사람 - 기타,안전운전불이행,건조,맑음,단일로 - 지하차도(도로)내,승합,남,63세,상해없음,보행자,여,67세,중상
노인사고,2022071200100283,2022년 7월 12일 15시,화요일,부산광역시 사상구 주례동,중상사고,0,1,0,0,차대사람 - 기타,안전운전불이행,건조,맑음,교차로 - 교차로부근,승합,여,39세,상해없음,보행자,남,76세,중상
노인사고,2022071200100343,2022년 7월 12일 17시,화요일,부산광역시 남구 문현동,중상사고,0,1,1,0,차대차 - 측면충돌,안전거리미확보,건조,맑음,단일로 - 기타,승용,여,41세,상해없음,이륜,남,24세,중상
노인사고,2022071200100388,2022년 7월 12일 18시,화요일,부산광역시 동래구 온천동,경상사고,0,0,1,0,차대차 - 측면충돌,안전운전불이행,건조,맑음,교차로 - 교차로부근,승합,남,66세,상해없음,자전거,남,75세,경상
노인사고,2022071300100171,2022년 7월 13일 11시,수요일,부산광역시 부산진구 가야동,경상사고,0,0,2,0,차대차 - 기타,신호위반,건조,맑음,교차로 - 교차로안,승용,여,52세,상해없음,승용,여,57세,경상
노인사고,2022071300100282,2022년 7월 13일 15시,수요일,부산광역시 사상구 주례동,중상사고,0,1,0,0,차량단독 - 기타,안전운전불이행,건조,맑음,단일로 - 기타,이륜,남,70세,중상,,,,
노인사고,2022071400100145,2022년 7월 14일 09시,목요일,부산광역시 해운대구 우동,경상사고,0,0,1,0,차대차 - 측면충돌,교차로운행방법위반,건조,맑음,교차로 - 교차로안,화물,남,54세,기타불명,승용,남,69세,경상
노인사고,2022071400100187,2022년 7월 14일 10시,목요일,부산광역시 서구 토성동1가,경상사고,0,0,1,0,차대사람 - 횡단중,신호위반,건조,맑음,단일로 - 기타,이륜,남,77세,상해없음,보행자,여,67세,경상
노인사고,2022071400100189,2022년 7월 14일 10시,목요일,부산광역시 해운대구 재송동,사망사고,1,0,0,0,차대사람 - 길가장자리구역통행중,안전운전불이행,건조,맑음,단일로 - 기타,화물,남,41세,상해없음,보행자,여,86세,사망
노인사고,2022071400100215,2022년 7월 14일 11시,목요일,부산광역시 수영구 광안동,경상사고,0,0,1,0,차대사람 - 기타,안전운전불이행,건조,맑음,교차로 - 교차로부근,승합,남,39세,기타불명,보행자,여,74세,경상
노인사고,2022071400100555,2022년 7월 14일 20시,목요일,부산광역시 사하구 다대동,경상사고,0,0,4,0,차대차 - 추돌,안전운전불이행,건조,맑음,단일로 - 기타,승용,남,21세,상해없음,승용,남,32세,경상
노인사고,2022071500100273,2022년 7월 15일 14시,금요일,부산광역시 동구 수정동,경상사고,0,0,1,0,차대차 - 기타,차로위반,건조,맑음,교차로 - 교차로부근,승용,여,66세,상해없음,승합,남,66세,상해없음
노인사고,2022071500100277,2022년 7월 15일 14시,금요일,부산광역시 수영구 망미동,중상사고,0,1,1,0,차대차 - 측면충돌,기타,건조,맑음,교차로 - 교차로부근,승용,남,72세,경상,승용,남,43세,중상