사고부문,사고번호,사고일시,요일,시군구,사고내용,사망자수,중상자수,경상자수,부상신고자수,사고유형,법규위반,노면상태,기상상태,도로형태,가해운전자 차종,가해운전자 성별,가해운전자 연령,가해운전자 상해정도,피해운전자 차종,피해운전자 성별,피해운전자 연령,피해운전자 상해정도
노인사고,2022071500100391,2022년 7월 15일 17시,금요일,부산광역시 사하구 감천동,중상사고,0,1,0,0,차량단독 - 기타,기타,건조,맑음,단일로 - 기타,승합,남,42세,기타불명,,,,
노인사고,2022071500100581,2022년 7월 15일 21시,금요일,부산광역시 남구 우암동,중상사고,0,1,0,0,차대사람 - 차도통행중,안전운전불이행,건조,맑음,단일로 - 기타,승용,남,36세,상해없음,보행자,남,65세,중상
노인사고,2022071500100582,2022년 7월 15일 21시,금요일,부산광역시 남구 대연동,부상신고사고,0,0,0,1,차대차 - 기타,안전운전불이행,건조,맑음,단일로 - 기타,승용,남,68세,기타불명,화물,남,73세,부상신고
노인사고,2022071600100156,2022년 7월 16일 11시,토요일,부산광역시 금정구 회동동,중상사고,0,1,1,0,차대차 - 기타,안전운전불이행,건조,맑음,기타 - 기타,특수,남,59세,상해없음,승용,남,78세,중상
노인사고,2022071600100259,2022년 7월 16일 14시,토요일,부산광역시 남구 문현동,경상사고,0,0,2,0,차대차 - 측면충돌,안전운전불이행,건조,맑음,교차로 - 교차로안,특수,남,55세,상해없음,승용,남,74세,경상
노인사고,2022071600100409,2022년 7월 16일 18시,토요일,부산광역시 부산진구 가야동,경상사고,0,0,1,0,차대차 - 기타,신호위반,건조,맑음,교차로 - 교차로안,승용,남,39세,상해없음,이륜,남,66세,경상
노인사고,2022071600100539,2022년 7월 16일 23시,토요일,부산광역시 중구 남포동6가,부상신고사고,0,0,0,1,차대차 - 측면충돌,신호위반,건조,맑음,단일로 - 기타,승용,남,69세,상해없음,승합,남,52세,상해없음
노인사고,2022071700100011,2022년 7월 17일 01시,일요일,부산광역시 동래구 온천동,중상사고,0,1,3,0,차대차 - 측면충돌,신호위반,건조,맑음,교차로 - 교차로안,승용,남,34세,기타불명,승용,남,65세,중상
노인사고,2022071700100081,2022년 7월 17일 09시,일요일,부산광역시 남구 감만동,경상사고,0,0,1,0,차대차 - 측면충돌,안전운전불이행,건조,맑음,교차로 - 교차로안,승용,남,78세,상해없음,승용,남,74세,경상
노인사고,2022071700100082,2022년 7월 17일 09시,일요일,부산광역시 북구 구포동,경상사고,0,0,1,0,차대차 - 추돌,안전운전불이행,건조,맑음,기타 - 기타,승용,남,56세,상해없음,승용,여,77세,경상
노인사고,2022071700100097,2022년 7월 17일 10시,일요일,부산광역시 북구 만덕동,경상사고,0,0,1,0,차대차 - 기타,안전운전불이행,건조,맑음,교차로 - 교차로안,승용,남,84세,상해없음,승용,남,65세,경상
노인사고,2022071700100173,2022년 7월 17일 13시,일요일,부산광역시 금정구 서동,중상사고,0,1,0,0,차대차 - 기타,안전운전불이행,건조,맑음,단일로 - 기타,승용,남,37세,상해없음,승용,여,61세,상해없음
노인사고,2022071700100292,2022년 7월 17일 17시,일요일,부산광역시 사하구 하단동,경상사고,0,0,1,0,차대차 - 추돌,안전운전불이행,건조,맑음,단일로 - 기타,승용,여,60세,상해없음,자전거,여,70세,경상
노인사고,2022071700100377,2022년 7월 17일 20시,일요일,부산광역시 금정구 서동,부상신고사고,0,0,0,1,차대차 - 측면충돌,직진우회전진행방해,건조,맑음,교차로 - 교차로안,승용,남,72세,부상신고,승용,남,64세,상해없음
노인사고,2022071800100033,2022년 7월 18일 05시,월요일,부산광역시 동래구 사직동,경상사고,0,0,1,0,차대차 - 측면충돌,신호위반,젖음/습기,비,교차로 - 교차로안,이륜,남,23세,기타불명,자전거,남,68세,경상
노인사고,2022071800100034,2022년 7월 18일 05시,월요일,부산광역시 강서구 대저1동,중상사고,0,1,1,0,차대차 - 측면충돌,중앙선침범,젖음/습기,비,단일로 - 기타,승용,남,30세,상해없음,승용,남,60세,중상
노인사고,2022071800100083,2022년 7월 18일 08시,월요일,부산광역시 수영구 광안동,경상사고,0,0,2,0,차대차 - 측면충돌,안전거리미확보,젖음/습기,비,단일로 - 기타,승용,여,22세,상해없음,승용,남,69세,경상
노인사고,2022071800100162,2022년 7월 18일 10시,월요일,부산광역시 해운대구 반여동,경상사고,0,0,1,0,차대사람 - 기타,안전운전불이행,건조,맑음,교차로 - 교차로부근,화물,남,59세,상해없음,보행자,남,75세,경상
노인사고,2022071800100365,2022년 7월 18일 16시,월요일,부산광역시 남구 용호동,경상사고,0,0,3,0,차대차 - 기타,신호위반,젖음/습기,맑음,교차로 - 교차로부근,승용,남,70세,경상,승용,여,67세,경상
노인사고,2022071800100434,2022년 7월 18일 18시,월요일,부산광역시 금정구 구서동,경상사고,0,0,1,0,차대차 - 측면충돌,안전운전불이행,젖음/습기,비,교차로 - 교차로부근,승용,여,27세,상해없음,화물,남,70세,경상
노인사고,2022071900100034,2022년 7월 19일 05시,화요일,부산광역시 금정구 금사동,경상사고,0,0,2,0,차대차 - 기타,직진우회전진행방해,건조,맑음,교차로 - 교차로안,승용,남,51세,경상,승용,남,78세,경상
노인사고,2022071900100126,2022년 7월 19일 09시,화요일,부산광역시 기장군 기장읍,경상사고,0,0,2,0,차대차 - 추돌,안전운전불이행,젖음/습기,비,교차로 - 교차로안,화물,남,32세,기타불명,승용,남,71세,경상
노인사고,2.02207E+15,2022년 7월 19일 11시,화요일,부산광역시 중구 창선동2가,경상사고,0,0,1,0,차대사람 - 기타,보행자보호의무위반,건조,맑음,교차로 - 교차로안,화물,남,60세,상해없음,보행자,여,81세,경상
노인사고,2022071900100182,2022년 7월 19일 11시,화요일,부산광역시 해운대구 송정동,경상사고,0,0,3,0,차대차 - 측면충돌,안전운전불이행,건조,맑음,단일로 - 기타,승용,여,51세,경상,승합,남,46세,경상
노인사고,2022071900100183,2022년 7월 19일 11시,화요일,부산광역시 부산진구 범천동,중상사고,0,1,2,0,차대차 - 측면충돌,안전거리미확보,건조,맑음,단일로 - 기타,승용,남,71세,경상,승용,남,27세,경상
노인사고,2022071900100547,2022년 7월 19일 22시,화요일,부산광역시 연제구 연산동,중상사고,0,1,0,0,차대사람 - 길가장자리구역통행중,안전운전불이행,건조,맑음,교차로 - 교차로안,승용,남,29세,상해없음,보행자,남,70세,중상
노인사고,2022072000100042,2022년 7월 20일 06시,수요일,부산광역시 서구 아미동2가,중상사고,0,1,0,0,차대차 - 기타,교차로운행방법위반,건조,맑음,교차로 - 교차로안,승용,남,60세,상해없음,이륜,남,65세,중상
노인사고,2022072000100087,2022년 7월 20일 08시,수요일,부산광역시 수영구 광안동,사망사고,1,0,0,0,차대사람 - 횡단중,안전운전불이행,건조,맑음,교차로 - 교차로부근,화물,남,58세,상해없음,보행자,여,92세,사망
노인사고,2022072000100165,2022년 7월 20일 10시,수요일,부산광역시 남구 감만동,경상사고,0,0,1,0,차대사람 - 보도통행중,안전운전불이행,건조,맑음,단일로 - 지하차도(도로)내,승용,남,69세,상해없음,보행자,여,69세,경상
노인사고,2022072000100167,2022년 7월 20일 10시,수요일,부산광역시 금정구 남산동,경상사고,0,0,1,0,차대차 - 측면충돌,기타,건조,맑음,단일로 - 기타,승용,여,50세,상해없음,승용,여,65세,경상
노인사고,2022072000100198,2022년 7월 20일 11시,수요일,부산광역시 남구 대연동,경상사고,0,0,1,0,차대사람 - 기타,안전운전불이행,건조,맑음,단일로 - 기타,승합,남,57세,상해없음,보행자,여,75세,경상
노인사고,2.02207E+15,2022년 7월 20일 11시,수요일,부산광역시 사상구 감전동,중상사고,0,1,0,0,차대사람 - 기타,안전운전불이행,건조,맑음,교차로 - 교차로안,화물,남,58세,상해없음,보행자,남,66세,중상
노인사고,2022072000100284,2022년 7월 20일 14시,수요일,부산광역시 해운대구 좌동,경상사고,0,0,1,0,차대차 - 측면충돌,안전거리미확보,건조,맑음,단일로 - 기타,화물,남,38세,상해없음,승용,남,67세,경상
노인사고,2022072000100285,2022년 7월 20일 14시,수요일,부산광역시 부산진구 양정동,중상사고,0,1,0,0,차대차 - 측면충돌,안전운전불이행,건조,기타,교차로 - 교차로횡단보도내,이륜,남,82세,상해없음,자전거,남,66세,중상
노인사고,2022072000100286,2022년 7월 20일 14시,수요일,부산광역시 부산진구 부전동,경상사고,0,0,1,0,차대사람 - 횡단중,안전운전불이행,건조,기타,교차로 - 교차로부근,승용,여,45세,상해없음,보행자,남,72세,경상
노인사고,2022072000100358,2022년 7월 20일 16시,수요일,부산광역시 금정구 장전동,중상사고,0,1,0,0,차대사람 - 기타,교차로운행방법위반,건조,맑음,교차로 - 교차로안,이륜,남,28세,상해없음,보행자,남,79세,중상
노인사고,2022072000100403,2022년 7월 20일 17시,수요일,부산광역시 강서구 명지동,중상사고,0,1,0,0,차대사람 - 횡단중,안전운전불이행,건조,맑음,단일로 - 기타,승용,남,25세,상해없음,보행자,여,71세,중상
노인사고,2022072100100129,2022년 7월 21일 09시,목요일,부산광역시 영도구 봉래동4가,중상사고,0,1,0,0,차대사람 - 횡단중,보행자보호의무위반,건조,맑음,단일로 - 기타,승용,남,75세,기타불명,보행자,여,72세,중상
노인사고,2022072100100159,2022년 7월 21일 10시,목요일,부산광역시 영도구 청학동,중상사고,0,1,0,0,차대사람 - 기타,안전운전불이행,건조,맑음,교차로 - 교차로부근,승용,남,64세,상해없음,보행자,여,70세,중상
노인사고,2022072100100337,2022년 7월 21일 16시,목요일,부산광역시 남구 대연동,경상사고,0,0,1,0,차대차 - 기타,안전운전불이행,건조,맑음,단일로 - 기타,화물,남,68세,상해없음,화물,남,65세,기타불명
노인사고,2022072100100455,2022년 7월 21일 19시,목요일,부산광역시 사하구 하단동,중상사고,0,1,0,0,차대사람 - 횡단중,보행자보호의무위반,건조,맑음,교차로 - 교차로부근,이륜,남,31세,상해없음,보행자,여,73세,중상
노인사고,2022072100100539,2022년 7월 21일 23시,목요일,부산광역시 서구 동대신동2가,경상사고,0,0,2,0,차대차 - 기타,직진우회전진행방해,건조,맑음,교차로 - 교차로부근,승용,남,77세,상해없음,승용,남,65세,경상
노인사고,2022072200100069,2022년 7월 22일 07시,금요일,부산광역시 서구 충무동1가,경상사고,0,0,2,0,차대차 - 기타,중앙선침범,건조,맑음,교차로 - 교차로안,승용,여,46세,상해없음,승용,남,63세,경상
노인사고,2022072200100154,2022년 7월 22일 10시,금요일,부산광역시 사상구 감전동,경상사고,0,0,1,0,차대차 - 측면충돌,교차로운행방법위반,건조,맑음,교차로 - 교차로안,승용,남,64세,상해없음,이륜,남,79세,경상
노인사고,2022072200100155,2022년 7월 22일 10시,금요일,부산광역시 기장군 기장읍,경상사고,0,0,1,0,차대사람 - 횡단중,보행자보호의무위반,건조,맑음,교차로 - 교차로부근,승용,여,76세,상해없음,보행자,여,65세,경상
노인사고,2022072200100222,2022년 7월 22일 12시,금요일,부산광역시 부산진구 초읍동,중상사고,0,1,0,0,차대사람 - 횡단중,보행자보호의무위반,건조,맑음,교차로 - 교차로횡단보도내,승용,남,48세,상해없음,보행자,여,69세,중상
노인사고,2022072200100274,2022년 7월 22일 13시,금요일,부산광역시 부산진구 부전동,중상사고,0,1,0,0,차대사람 - 기타,안전운전불이행,건조,맑음,단일로 - 기타,승용,여,44세,상해없음,보행자,남,66세,중상
노인사고,2022072200100335,2022년 7월 22일 15시,금요일,부산광역시 남구 우암동,중상사고,0,1,0,0,차량단독 - 기타,안전운전불이행,건조,맑음,단일로 - 기타,승합,남,42세,상해없음,,,,
노인사고,2.02207E+15,2022년 7월 22일 16시,금요일,부산광역시 연제구 연산동,중상사고,0,1,0,0,차대사람 - 기타,안전운전불이행,건조,맑음,단일로 - 기타,승용,여,71세,상해없음,보행자,여,79세,중상
노인사고,2022072300100006,2022년 7월 23일 00시,토요일,부산광역시 금정구 금사동,경상사고,0,0,2,0,차대차 - 측면충돌,안전운전불이행,건조,맑음,교차로 - 교차로안,승용,남,61세,상해없음,승용,남,68세,경상
노인사고,2022072300100116,2022년 7월 23일 10시,토요일,부산광역시 수영구 광안동,경상사고,0,0,1,0,차대사람 - 기타,안전운전불이행,건조,맑음,교차로 - 교차로안,화물,남,62세,상해없음,보행자,남,66세,경상
노인사고,2022072300100117,2022년 7월 23일 10시,토요일,부산광역시 동래구 사직동,경상사고,0,0,1,0,차대사람 - 차도통행중,안전운전불이행,건조,맑음,교차로 - 교차로안,승용,남,70세,상해없음,보행자,여,67세,경상
노인사고,2022072300100182,2022년 7월 23일 12시,토요일,부산광역시 동구 범일동,경상사고,0,0,1,0,차대차 - 기타,안전운전불이행,건조,맑음,단일로 - 기타,승합,남,50세,상해없음,승합,남,39세,상해없음
노인사고,2.02207E+15,2022년 7월 23일 14시,토요일,부산광역시 동래구 온천동,중상사고,0,1,0,0,차대사람 - 기타,안전운전불이행,건조,맑음,단일로 - 기타,승용,여,25세,상해없음,보행자,여,65세,중상
노인사고,2022072400100225,2022년 7월 24일 16시,일요일,부산광역시 강서구 대저1동,중상사고,0,1,7,0,차대차 - 추돌,안전운전불이행,건조,맑음,단일로 - 기타,승용,남,42세,상해없음,승합,남,66세,경상
노인사고,2.02207E+15,2022년 7월 24일 18시,일요일,부산광역시 북구 화명동,경상사고,0,0,2,0,차대차 - 추돌,안전거리미확보,건조,맑음,교차로 - 교차로안,승용,여,46세,기타불명,승용,남,48세,경상
노인사고,2022072500100154,2022년 7월 25일 10시,월요일,부산광역시 부산진구 부전동,경상사고,0,0,1,0,차대사람 - 기타,안전운전불이행,건조,맑음,단일로 - 기타,기타불명,여,57세,상해없음,보행자,여,74세,경상
노인사고,2022072500100241,2022년 7월 25일 12시,월요일,부산광역시 사상구 주례동,중상사고,0,1,0,0,차대사람 - 기타,안전운전불이행,건조,맑음,단일로 - 기타,화물,남,38세,상해없음,보행자,여,86세,중상
노인사고,2022072500100329,2022년 7월 25일 15시,월요일,부산광역시 남구 우암동,중상사고,0,1,1,0,차대차 - 측면충돌,안전운전불이행,건조,맑음,단일로 - 기타,특수,남,46세,상해없음,승용,남,44세,경상
노인사고,2.02207E+15,2022년 7월 25일 15시,월요일,부산광역시 수영구 민락동,부상신고사고,0,0,0,1,차대사람 - 길가장자리구역통행중,안전운전불이행,건조,맑음,단일로 - 기타,승용,여,54세,상해없음,보행자,여,69세,부상신고
노인사고,2022072500100331,2022년 7월 25일 15시,월요일,부산광역시 동래구 명륜동,중상사고,0,2,0,0,차대사람 - 횡단중,안전운전불이행,건조,맑음,단일로 - 기타,승용,남,60세,상해없음,보행자,여,56세,중상
노인사고,2022072500100369,2022년 7월 25일 16시,월요일,부산광역시 동래구 사직동,중상사고,0,1,0,0,차대사람 - 횡단중,보행자보호의무위반,건조,맑음,교차로 - 교차로안,승용,여,61세,상해없음,보행자,여,69세,중상
노인사고,2022072600100085,2022년 7월 26일 08시,화요일,부산광역시 강서구 신호동,경상사고,0,0,3,0,차대차 - 측면충돌,안전운전불이행,건조,맑음,주차장 - 주차장,승용,남,65세,경상,승용,남,67세,경상
노인사고,2.02207E+15,2022년 7월 26일 09시,화요일,부산광역시 영도구 동삼동,중상사고,0,1,1,0,차대사람 - 횡단중,보행자보호의무위반,건조,맑음,단일로 - 기타,화물,남,79세,상해없음,보행자,여,84세,중상
노인사고,2022072600100193,2022년 7월 26일 11시,화요일,부산광역시 중구 대청동4가,경상사고,0,0,1,0,차대사람 - 횡단중,신호위반,건조,맑음,교차로 - 교차로안,승용,남,67세,상해없음,보행자,여,68세,경상
노인사고,2022072600100196,2022년 7월 26일 11시,화요일,부산광역시 영도구 대교동1가,경상사고,0,0,3,0,차대차 - 측면충돌,교차로운행방법위반,건조,맑음,교차로 - 교차로안,승용,남,30세,상해없음,승합,남,51세,경상
노인사고,2.02207E+15,2022년 7월 26일 14시,화요일,부산광역시 서구 토성동4가,부상신고사고,0,0,0,1,차대차 - 측면충돌,신호위반,건조,맑음,교차로 - 교차로안,자전거,남,70세,부상신고,승용,남,69세,상해없음
노인사고,2.02207E+15,2022년 7월 27일 01시,수요일,부산광역시 부산진구 연지동,중상사고,0,2,2,0,차대차 - 기타,신호위반,건조,맑음,교차로 - 교차로안,화물,여,69세,경상,승용,남,70세,중상
노인사고,2022072700100036,2022년 7월 27일 06시,수요일,부산광역시 사하구 신평동,경상사고,0,0,2,0,차대차 - 추돌,안전거리미확보,건조,맑음,교차로 - 교차로안,승용,남,32세,상해없음,승용,남,54세,경상
노인사고,2022072700100201,2022년 7월 27일 12시,수요일,부산광역시 수영구 광안동,경상사고,0,0,1,0,차대사람 - 길가장자리구역통행중,안전운전불이행,건조,맑음,단일로 - 기타,승용,남,19세,상해없음,보행자,여,66세,경상
노인사고,2022072800100002,2022년 7월 28일 00시,목요일,부산광역시 중구 남포동2가,경상사고,0,0,1,0,차대차 - 추돌,안전운전불이행,건조,맑음,단일로 - 기타,승용,남,40세,상해없음,승용,남,78세,경상
노인사고,2022072800100016,2022년 7월 28일 01시,목요일,부산광역시 부산진구 개금동,경상사고,0,0,2,0,차대차 - 추돌,안전운전불이행,건조,맑음,교차로 - 교차로부근,승용,남,44세,상해없음,승용,남,68세,경상
노인사고,2022072800100088,2022년 7월 28일 08시,목요일,부산광역시 북구 만덕동,경상사고,0,0,1,0,차대차 - 기타,교차로운행방법위반,건조,맑음,단일로 - 기타,승용,남,32세,상해없음,승용,남,75세,경상
노인사고,2022072800100089,2022년 7월 28일 08시,목요일,부산광역시 기장군 정관읍,중상사고,0,1,2,0,차대차 - 측면충돌,안전운전불이행,건조,맑음,교차로 - 교차로안,화물,남,62세,경상,승용,여,41세,중상
노인사고,2022072800100221,2022년 7월 28일 12시,목요일,부산광역시 동래구 안락동,경상사고,0,0,1,0,차대사람 - 기타,안전운전불이행,건조,흐림,단일로 - 기타,승용,남,62세,상해없음,보행자,남,78세,경상
노인사고,2022072800100254,2022년 7월 28일 13시,목요일,부산광역시 중구 영주동,중상사고,0,1,0,0,차대사람 - 기타,안전운전불이행,건조,맑음,교차로 - 교차로부근,승용,여,44세,상해없음,보행자,여,82세,중상
노인사고,2022072800100255,2022년 7월 28일 13시,목요일,부산광역시 동래구 명륜동,경상사고,0,0,1,0,차대사람 - 횡단중,안전운전불이행,건조,맑음,단일로 - 지하차도(도로)내,승용,여,70세,상해없음,보행자,여,74세,경상
노인사고,2022072800100257,2022년 7월 28일 13시,목요일,부산광역시 사상구 감전동,중상사고,0,1,0,0,차대차 - 정면충돌,신호위반,건조,맑음,교차로 - 교차로안,승용,남,61세,상해없음,이륜,남,78세,중상
노인사고,2022072900100126,2022년 7월 29일 09시,금요일,부산광역시 중구 보수동3가,중상사고,0,1,1,0,차대차 - 측면충돌,안전운전불이행,건조,맑음,단일로 - 기타,승합,남,73세,경상,이륜,남,54세,중상
노인사고,2022072900100127,2022년 7월 29일 09시,금요일,부산광역시 동구 좌천동,중상사고,0,2,1,0,차대사람 - 횡단중,신호위반,건조,맑음,교차로 - 교차로부근,승합,남,54세,상해없음,보행자,남,59세,중상
노인사고,2022072900100155,2022년 7월 29일 10시,금요일,부산광역시 사하구 감천동,중상사고,0,1,0,0,차대차 - 측면충돌,교차로운행방법위반,건조,맑음,교차로 - 교차로안,승용,남,20세,상해없음,승용,남,74세,중상
노인사고,2.02207E+15,2022년 7월 29일 14시,금요일,부산광역시 영도구 동삼동,경상사고,0,0,1,0,차대사람 - 차도통행중,안전운전불이행,건조,맑음,단일로 - 기타,화물,남,23세,상해없음,보행자,남,79세,경상
노인사고,2022072900100339,2022년 7월 29일 15시,금요일,부산광역시 동구 범일동,중상사고,0,1,9,1,차대차 - 기타,불법유턴,건조,맑음,단일로 - 기타,승용,남,51세,상해없음,승합,남,57세,상해없음
노인사고,2022072900100414,2022년 7월 29일 17시,금요일,부산광역시 부산진구 가야동,중상사고,0,1,0,0,차대사람 - 횡단중,보행자보호의무위반,건조,맑음,기타 - 기타,승용,여,56세,상해없음,보행자,남,71세,중상
노인사고,2022072900100417,2022년 7월 29일 17시,금요일,부산광역시 기장군 정관읍,경상사고,0,0,1,0,차대차 - 기타,안전거리미확보,건조,맑음,단일로 - 기타,화물,남,49세,상해없음,승용,남,69세,경상
노인사고,2022072900100458,2022년 7월 29일 18시,금요일,부산광역시 부산진구 부전동,경상사고,0,0,1,0,차대사람 - 길가장자리구역통행중,안전운전불이행,건조,맑음,단일로 - 기타,승용,여,57세,상해없음,보행자,남,67세,경상
노인사고,2022072900100506,2022년 7월 29일 19시,금요일,부산광역시 금정구 서동,중상사고,0,1,0,0,차대사람 - 기타,보행자보호의무위반,건조,맑음,교차로 - 교차로횡단보도내,승용,여,40세,상해없음,보행자,여,65세,중상
노인사고,2022072900100507,2022년 7월 29일 19시,금요일,부산광역시 금정구 남산동,경상사고,0,0,3,0,차대차 - 기타,안전거리미확보,건조,맑음,단일로 - 기타,이륜,남,18세,경상,승용,남,69세,경상
노인사고,2022073000100061,2022년 7월 30일 05시,토요일,부산광역시 강서구 봉림동,중상사고,0,1,1,0,차대차 - 추돌,안전운전불이행,건조,맑음,교차로 - 교차로부근,특수,남,35세,상해없음,승용,남,65세,경상
노인사고,2022073000100147,2022년 7월 30일 10시,토요일,부산광역시 동구 범일동,경상사고,0,0,1,0,차대사람 - 차도통행중,불법유턴,건조,맑음,교차로 - 교차로부근,승용,남,48세,상해없음,보행자,여,73세,경상
노인사고,2022073000100148,2022년 7월 30일 10시,토요일,부산광역시 기장군 정관읍,경상사고,0,0,9,0,차대차 - 추돌,안전운전불이행,건조,맑음,단일로 - 기타,건설기계,남,33세,상해없음,승용,남,43세,경상
노인사고,2022073000100309,2022년 7월 30일 15시,토요일,부산광역시 중구 중앙동6가,중상사고,0,3,6,0,차대차 - 측면충돌,신호위반,건조,맑음,단일로 - 교량,승용,여,29세,상해없음,승용,여,33세,상해없음
노인사고,2022073000100311,2022년 7월 30일 15시,토요일,부산광역시 사상구 감전동,경상사고,0,0,3,0,차대차 - 측면충돌,신호위반,건조,맑음,교차로 - 교차로안,승용,남,66세,상해없음,승용,남,66세,경상
노인사고,2022073000100537,2022년 7월 30일 22시,토요일,부산광역시 중구 중앙동4가,경상사고,0,0,2,0,차대차 - 추돌,안전운전불이행,건조,맑음,교차로 - 교차로부근,승용,남,81세,상해없음,승용,남,68세,경상
노인사고,2.02207E+15,2022년 7월 31일 04시,일요일,부산광역시 해운대구 재송동,경상사고,0,0,1,0,차대차 - 추돌,안전운전불이행,건조,맑음,교차로 - 교차로부근,화물,남,32세,상해없음,승용,남,68세,경상
노인사고,2022073100100056,2022년 7월 31일 05시,일요일,부산광역시 사상구 삼락동,사망사고,1,0,0,0,차대차 - 측면충돌,신호위반,젖음/습기,비,교차로 - 교차로횡단보도내,이륜,남,18세,상해없음,자전거,남,76세,사망
노인사고,2022073100100078,2022년 7월 31일 09시,일요일,부산광역시 북구 화명동,경상사고,0,0,1,0,차대차 - 추돌,안전운전불이행,젖음/습기,비,단일로 - 기타,이륜,남,71세,경상,승용,여,67세,기타불명
노인사고,2022073100100105,2022년 7월 31일 11시,일요일,부산광역시 동래구 안락동,중상사고,0,1,0,0,차대사람 - 차도통행중,안전운전불이행,젖음/습기,비,교차로 - 교차로안,승용,여,47세,상해없음,보행자,여,81세,중상
노인사고,2022073100100198,2022년 7월 31일 14시,일요일,부산광역시 중구 부평동3가,중상사고,0,1,0,0,차대사람 - 차도통행중,안전운전불이행,건조,맑음,교차로 - 교차로안,승용,남,67세,상해없음,보행자,여,79세,중상
노인사고,2022080100100076,2022년 8월 1일 08시,월요일,부산광역시 동구 초량동,중상사고,0,1,0,0,차대차 - 측면충돌,안전운전불이행,건조,맑음,단일로 - 기타,승용,남,45세,상해없음,승용,남,74세,중상
노인사고,2022080100100284,2022년 8월 1일 15시,월요일,부산광역시 금정구 부곡동,사망사고,1,0,0,0,차대차 - 측면충돌,교차로운행방법위반,건조,맑음,교차로 - 교차로안,승용,여,44세,상해없음,이륜,남,77세,사망
노인사고,2022080100100285,2022년 8월 1일 15시,월요일,부산광역시 강서구 강동동,경상사고,0,0,2,0,차대차 - 추돌,안전거리미확보,건조,맑음,단일로 - 기타,화물,남,54세,상해없음,승용,여,50세,경상
노인사고,2022080100100378,2022년 8월 1일 18시,월요일,부산광역시 해운대구 석대동,경상사고,0,0,2,0,차대차 - 기타,안전거리미확보,건조,맑음,단일로 - 기타,승용,여,45세,상해없음,승용,남,67세,경상
노인사고,2022080100100379,2022년 8월 1일 18시,월요일,부산광역시 부산진구 범천동,경상사고,0,0,2,0,차대차 - 기타,안전운전불이행,건조,맑음,단일로 - 기타,승용,남,23세,상해없음,승용,남,66세,경상
노인사고,2022080200100052,2022년 8월 2일 05시,화요일,부산광역시 남구 문현동,사망사고,1,0,0,0,차대사람 - 횡단중,기타,건조,맑음,단일로 - 기타,승용,남,65세,상해없음,보행자,여,79세,사망
노인사고,2.02208E+15,2022년 8월 2일 07시,화요일,부산광역시 동구 초량동,경상사고,0,0,1,0,차대차 - 측면충돌,교차로운행방법위반,건조,맑음,교차로 - 교차로안,원동기,남,72세,경상,승용,여,53세,상해없음
노인사고,2022080200100072,2022년 8월 2일 07시,화요일,부산광역시 사하구 괴정동,경상사고,0,0,1,0,차대사람 - 횡단중,보행자보호의무위반,젖음/습기,비,교차로 - 교차로횡단보도내,승용,여,60세,상해없음,보행자,남,87세,경상
노인사고,2022080200100166,2022년 8월 2일 11시,화요일,부산광역시 동래구 온천동,중상사고,0,3,0,0,차대차 - 기타,안전거리미확보,건조,맑음,단일로 - 기타,승용,남,56세,상해없음,승용,남,54세,중상
노인사고,2022080200100444,2022년 8월 2일 19시,화요일,부산광역시 사하구 감천동,경상사고,0,0,5,0,차대차 - 추돌,안전운전불이행,건조,맑음,교차로 - 교차로부근,화물,남,50세,상해없음,승용,여,53세,경상
노인사고,2022080300100053,2022년 8월 3일 05시,수요일,부산광역시 남구 대연동,중상사고,0,1,0,0,차대사람 - 횡단중,기타,젖음/습기,비,교차로 - 교차로안,승용,남,52세,상해없음,보행자,남,84세,중상
노인사고,2022080300100054,2022년 8월 3일 05시,수요일,부산광역시 수영구 광안동,중상사고,0,2,0,0,차대차 - 기타,중앙선침범,건조,맑음,교차로 - 교차로부근,승용,남,29세,상해없음,승용,여,59세,중상
노인사고,2022080300100151,2022년 8월 3일 10시,수요일,부산광역시 해운대구 재송동,중상사고,0,1,0,0,차대사람 - 기타,보행자보호의무위반,건조,맑음,단일로 - 기타,승용,남,25세,상해없음,보행자,여,83세,중상
노인사고,2022080300100173,2022년 8월 3일 11시,수요일,부산광역시 금정구 부곡동,사망사고,1,0,0,0,차대사람 - 길가장자리구역통행중,안전운전불이행,건조,맑음,교차로 - 교차로횡단보도내,화물,남,40세,상해없음,보행자,여,85세,사망
노인사고,2022080300100202,2022년 8월 3일 12시,수요일,부산광역시 부산진구 개금동,중상사고,0,1,0,0,차대사람 - 기타,안전운전불이행,건조,맑음,기타 - 기타,이륜,남,23세,상해없음,보행자,여,72세,중상
노인사고,2022080300100304,2022년 8월 3일 15시,수요일,부산광역시 기장군 기장읍,경상사고,0,0,3,0,차대차 - 기타,직진우회전진행방해,건조,맑음,교차로 - 교차로안,승용,남,67세,경상,화물,남,45세,경상
노인사고,2022080300100501,2022년 8월 3일 21시,수요일,부산광역시 수영구 광안동,경상사고,0,0,1,0,차대차 - 측면충돌,교차로운행방법위반,건조,맑음,교차로 - 교차로부근,승용,남,28세,상해없음,승용,남,65세,경상
노인사고,2022080400100047,2022년 8월 4일 07시,목요일,부산광역시 금정구 금사동,경상사고,0,0,4,0,차대차 - 기타,신호위반,건조,맑음,교차로 - 교차로안,승용,남,72세,경상,승용,여,62세,경상