사고부문,사고번호,사고일시,요일,시군구,사고내용,사망자수,중상자수,경상자수,부상신고자수,사고유형,법규위반,노면상태,기상상태,도로형태,가해운전자 차종,가해운전자 성별,가해운전자 연령,가해운전자 상해정도,피해운전자 차종,피해운전자 성별,피해운전자 연령,피해운전자 상해정도
노인사고,2022080400100048,2022년 8월 4일 07시,목요일,부산광역시 연제구 연산동,중상사고,0,1,0,0,차대사람 - 기타,안전운전불이행,건조,맑음,단일로 - 기타,승용,남,82세,상해없음,보행자,여,67세,중상
노인사고,2022080400100127,2022년 8월 4일 10시,목요일,부산광역시 금정구 부곡동,중상사고,0,1,0,0,차대사람 - 기타,안전운전불이행,건조,맑음,교차로 - 교차로부근,승용,남,65세,상해없음,보행자,여,76세,중상
노인사고,2022080400100128,2022년 8월 4일 10시,목요일,부산광역시 연제구 연산동,중상사고,0,1,2,0,차대차 - 기타,안전운전불이행,건조,맑음,교차로 - 교차로안,화물,남,61세,상해없음,승용,여,38세,중상
노인사고,2022080400100371,2022년 8월 4일 17시,목요일,부산광역시 수영구 수영동,경상사고,0,0,1,0,차대사람 - 기타,안전운전불이행,건조,맑음,단일로 - 기타,승합,남,72세,상해없음,보행자,여,79세,경상
노인사고,2022080400100504,2022년 8월 4일 21시,목요일,부산광역시 사하구 괴정동,중상사고,0,1,0,0,차량단독 - 기타,안전운전불이행,건조,맑음,단일로 - 기타,승합,남,60세,상해없음,,,,
노인사고,2022080400100521,2022년 8월 4일 22시,목요일,부산광역시 서구 동대신동1가,중상사고,0,1,5,0,차대차 - 정면충돌,중앙선침범,건조,맑음,단일로 - 교량,승용,여,44세,경상,승용,남,64세,중상
노인사고,2022080500100028,2022년 8월 5일 03시,금요일,부산광역시 연제구 연산동,경상사고,0,0,1,0,차대차 - 추돌,안전운전불이행,건조,맑음,단일로 - 기타,이륜,남,16세,상해없음,승용,여,70세,경상
노인사고,2022080500100397,2022년 8월 5일 17시,금요일,부산광역시 해운대구 중동,중상사고,0,1,0,0,차대사람 - 보도통행중,안전운전불이행,건조,맑음,단일로 - 기타,승용,남,33세,상해없음,보행자,남,65세,중상
노인사고,2022080500100398,2022년 8월 5일 17시,금요일,부산광역시 부산진구 개금동,경상사고,0,0,1,0,차대차 - 기타,신호위반,건조,맑음,교차로 - 교차로부근,승용,여,26세,상해없음,승용,남,65세,경상
노인사고,2022080500100452,2022년 8월 5일 18시,금요일,부산광역시 연제구 연산동,경상사고,0,0,1,0,차대사람 - 횡단중,보행자보호의무위반,건조,맑음,교차로 - 교차로횡단보도내,승용,남,43세,상해없음,보행자,여,75세,경상
노인사고,2022080500100486,2022년 8월 5일 19시,금요일,부산광역시 영도구 대교동2가,경상사고,0,0,1,0,차대사람 - 기타,안전운전불이행,건조,맑음,기타 - 기타,승용,남,62세,상해없음,보행자,여,65세,경상
노인사고,2022080500100525,2022년 8월 5일 20시,금요일,부산광역시 수영구 망미동,경상사고,0,0,1,0,차대사람 - 횡단중,안전운전불이행,건조,맑음,기타 - 기타,자전거,남,23세,상해없음,보행자,남,68세,경상
노인사고,2022080600100036,2022년 8월 6일 04시,토요일,부산광역시 연제구 연산동,부상신고사고,0,0,0,1,차대차 - 기타,신호위반,건조,맑음,단일로 - 기타,자전거,남,82세,부상신고,승용,남,69세,상해없음
노인사고,2022080600100073,2022년 8월 6일 08시,토요일,부산광역시 강서구 성북동,경상사고,0,0,1,0,차대차 - 측면충돌,안전운전불이행,건조,맑음,단일로 - 기타,건설기계,남,62세,상해없음,화물,남,66세,경상
노인사고,2022080600100116,2022년 8월 6일 10시,토요일,부산광역시 사하구 장림동,경상사고,0,0,2,0,차대차 - 추돌,안전운전불이행,건조,맑음,교차로 - 교차로부근,승용,남,70세,상해없음,승용,남,67세,경상
노인사고,2022080600100147,2022년 8월 6일 11시,토요일,부산광역시 사하구 하단동,중상사고,0,1,2,0,차대차 - 기타,안전거리미확보,건조,맑음,단일로 - 지하차도(도로)내,화물,여,62세,기타불명,승용,여,44세,중상
노인사고,2022080600100181,2022년 8월 6일 12시,토요일,부산광역시 금정구 부곡동,경상사고,0,0,7,0,차대차 - 측면충돌,안전운전불이행,건조,맑음,단일로 - 기타,승용,남,52세,경상,승용,여,65세,경상
노인사고,2022080600100254,2022년 8월 6일 14시,토요일,부산광역시 부산진구 범전동,경상사고,0,0,2,0,차대차 - 측면충돌,안전운전불이행,건조,맑음,단일로 - 기타,승용,남,66세,경상,승용,남,70세,경상
노인사고,2022080600100282,2022년 8월 6일 15시,토요일,부산광역시 동구 범일동,경상사고,0,0,1,0,차대사람 - 횡단중,보행자보호의무위반,건조,맑음,교차로 - 교차로횡단보도내,화물,남,64세,상해없음,보행자,여,70세,경상
노인사고,2022080600100313,2022년 8월 6일 16시,토요일,부산광역시 해운대구 우동,중상사고,0,1,0,0,차대차 - 측면충돌,안전운전불이행,건조,맑음,단일로 - 기타,승용,남,46세,상해없음,이륜,남,72세,중상
노인사고,2022080700100032,2022년 8월 7일 05시,일요일,부산광역시 동구 범일동,경상사고,0,0,1,0,차대차 - 측면충돌,교차로운행방법위반,건조,맑음,교차로 - 교차로부근,승용,남,66세,상해없음,원동기,여,71세,경상
노인사고,2022080700100082,2022년 8월 7일 10시,일요일,부산광역시 사상구 모라동,부상신고사고,0,0,0,1,차대사람 - 횡단중,안전운전불이행,건조,맑음,교차로 - 교차로부근,승용,남,53세,상해없음,보행자,남,65세,부상신고
노인사고,2022080700100347,2022년 8월 7일 21시,일요일,부산광역시 연제구 연산동,경상사고,0,0,1,0,차대차 - 기타,신호위반,건조,맑음,단일로 - 기타,승용,남,28세,상해없음,승용,남,70세,경상
노인사고,2022080800100026,2022년 8월 8일 05시,월요일,부산광역시 부산진구 전포동,경상사고,0,0,2,0,차대차 - 추돌,안전운전불이행,건조,맑음,교차로 - 교차로부근,승용,남,37세,상해없음,승용,남,66세,경상
노인사고,2022080800100071,2022년 8월 8일 08시,월요일,부산광역시 부산진구 개금동,경상사고,0,0,1,0,차대사람 - 횡단중,안전운전불이행,건조,맑음,기타 - 기타,승용,여,26세,상해없음,보행자,남,68세,경상
노인사고,2022080800100121,2022년 8월 8일 10시,월요일,부산광역시 금정구 금사동,중상사고,0,1,0,0,차대차 - 측면충돌,기타,건조,맑음,교차로 - 교차로안,승용,남,69세,상해없음,개인형이동수단(PM),남,65세,중상
노인사고,2.02208E+15,2022년 8월 8일 11시,월요일,부산광역시 서구 동대신동3가,경상사고,0,0,2,0,차대사람 - 횡단중,보행자보호의무위반,건조,맑음,교차로 - 교차로안,승용,여,22세,상해없음,보행자,여,64세,경상
노인사고,2022080800100238,2022년 8월 8일 14시,월요일,부산광역시 사상구 삼락동,중상사고,0,1,0,0,차대사람 - 보도통행중,기타,건조,맑음,기타 - 기타,화물,남,50세,상해없음,보행자,남,67세,중상
노인사고,2.02208E+15,2022년 8월 8일 17시,월요일,부산광역시 사하구 하단동,경상사고,0,0,1,0,차대차 - 측면충돌,신호위반,건조,맑음,교차로 - 교차로횡단보도내,승용,여,63세,상해없음,자전거,남,66세,경상
노인사고,2022080800100438,2022년 8월 8일 19시,월요일,부산광역시 연제구 거제동,중상사고,0,1,0,0,차대사람 - 길가장자리구역통행중,안전운전불이행,건조,맑음,단일로 - 기타,승용,여,42세,상해없음,보행자,여,81세,중상
노인사고,2022080900100038,2022년 8월 9일 06시,화요일,부산광역시 북구 덕천동,중상사고,0,1,4,0,차대차 - 기타,안전운전불이행,건조,맑음,단일로 - 기타,승용,남,56세,중상,승용,남,42세,경상
노인사고,2022080900100068,2022년 8월 9일 08시,화요일,부산광역시 금정구 장전동,경상사고,0,0,1,0,차대차 - 측면충돌,신호위반,건조,맑음,교차로 - 교차로안,승용,남,31세,상해없음,승용,남,69세,경상
노인사고,2022080900100099,2022년 8월 9일 09시,화요일,부산광역시 부산진구 가야동,중상사고,0,1,0,0,차대사람 - 차도통행중,안전운전불이행,건조,맑음,교차로 - 교차로안,화물,남,57세,상해없음,보행자,여,66세,중상
노인사고,2022080900100184,2022년 8월 9일 12시,화요일,부산광역시 해운대구 우동,중상사고,0,1,0,0,차대차 - 측면충돌,신호위반,건조,맑음,단일로 - 기타,이륜,남,70세,중상,승용,남,78세,상해없음
노인사고,2022080900100185,2022년 8월 9일 12시,화요일,부산광역시 금정구 구서동,경상사고,0,0,2,0,차대차 - 측면충돌,신호위반,건조,맑음,교차로 - 교차로안,이륜,남,65세,경상,이륜,남,26세,경상
노인사고,2022080900100241,2022년 8월 9일 14시,화요일,부산광역시 부산진구 가야동,중상사고,0,4,1,0,차대차 - 추돌,안전운전불이행,건조,맑음,단일로 - 터널,승용,여,57세,중상,화물,남,54세,경상
노인사고,2022080900100404,2022년 8월 9일 19시,화요일,부산광역시 부산진구 범천동,중상사고,0,1,0,0,차대사람 - 횡단중,안전운전불이행,건조,기타,단일로 - 기타,승용,남,37세,상해없음,보행자,남,67세,중상
노인사고,2022080900100509,2022년 8월 9일 23시,화요일,부산광역시 강서구 신호동,경상사고,0,0,1,0,차대차 - 기타,신호위반,건조,맑음,교차로 - 교차로안,승용,남,61세,상해없음,승용,남,68세,경상
노인사고,2022081000100016,2022년 8월 10일 01시,수요일,부산광역시 부산진구 범천동,경상사고,0,0,1,0,차대차 - 기타,신호위반,건조,맑음,교차로 - 교차로안,기타불명,기타불명,미분류,기타불명,승용,남,66세,경상
노인사고,2022081000100021,2022년 8월 10일 02시,수요일,부산광역시 북구 덕천동,경상사고,0,0,2,1,차대차 - 추돌,안전운전불이행,건조,맑음,단일로 - 기타,이륜,남,27세,상해없음,승용,남,73세,부상신고
노인사고,2022081000100129,2022년 8월 10일 10시,수요일,부산광역시 동래구 명륜동,경상사고,0,0,2,0,차대차 - 기타,안전운전불이행,건조,맑음,단일로 - 기타,건설기계,남,69세,기타불명,승용,남,71세,경상
노인사고,2022081000100184,2022년 8월 10일 12시,수요일,부산광역시 영도구 봉래동2가,중상사고,0,1,0,0,차량단독 - 기타,안전운전불이행,건조,맑음,기타 - 기타,이륜,남,75세,중상,,,,
노인사고,2.02208E+15,2022년 8월 10일 13시,수요일,부산광역시 동래구 온천동,중상사고,0,1,0,0,차대사람 - 횡단중,안전운전불이행,건조,맑음,단일로 - 기타,승용,여,66세,상해없음,보행자,남,68세,중상
노인사고,2022081000100261,2022년 8월 10일 15시,수요일,부산광역시 북구 덕천동,중상사고,0,1,0,0,차대사람 - 횡단중,보행자보호의무위반,건조,맑음,교차로 - 교차로횡단보도내,화물,남,60세,상해없음,보행자,여,71세,중상
노인사고,2022081000100335,2022년 8월 10일 17시,수요일,부산광역시 서구 암남동,경상사고,0,0,2,0,차대차 - 기타,중앙선침범,건조,맑음,단일로 - 기타,화물,남,43세,상해없음,승합,남,68세,경상
노인사고,2022081000100418,2022년 8월 10일 19시,수요일,부산광역시 금정구 부곡동,경상사고,0,0,1,0,차대사람 - 기타,안전운전불이행,건조,맑음,단일로 - 기타,승용,남,60세,상해없음,보행자,남,69세,경상
노인사고,2022081000100451,2022년 8월 10일 20시,수요일,부산광역시 해운대구 우동,중상사고,0,1,0,0,차대차 - 추돌,안전거리미확보,건조,맑음,단일로 - 기타,승용,여,53세,상해없음,이륜,남,68세,중상
노인사고,2022081000100481,2022년 8월 10일 21시,수요일,부산광역시 동래구 안락동,중상사고,0,1,0,0,차대차 - 측면충돌,교차로운행방법위반,건조,맑음,교차로 - 교차로안,승용,남,27세,상해없음,이륜,남,67세,중상
노인사고,2022081100100139,2022년 8월 11일 11시,목요일,부산광역시 사상구 덕포동,경상사고,0,0,1,0,차대차 - 측면충돌,불법유턴,건조,맑음,단일로 - 기타,건설기계,남,54세,상해없음,승용,남,73세,경상
노인사고,2022081100100225,2022년 8월 11일 14시,목요일,부산광역시 북구 만덕동,중상사고,0,1,0,0,차대사람 - 보도통행중,기타,건조,맑음,단일로 - 기타,승용,여,47세,상해없음,보행자,여,89세,중상
노인사고,2022081100100227,2022년 8월 11일 14시,목요일,부산광역시 수영구 망미동,중상사고,0,1,1,0,차대차 - 측면충돌,신호위반,건조,맑음,교차로 - 교차로안,승합,여,54세,상해없음,승용,남,54세,중상
노인사고,2022081100100257,2022년 8월 11일 15시,목요일,부산광역시 남구 대연동,경상사고,0,0,1,0,차대차 - 기타,안전운전불이행,건조,맑음,교차로 - 교차로부근,승용,여,56세,기타불명,승합,남,64세,상해없음
노인사고,2022081100100298,2022년 8월 11일 16시,목요일,부산광역시 수영구 망미동,중상사고,0,1,0,0,차대사람 - 길가장자리구역통행중,안전운전불이행,건조,맑음,단일로 - 기타,승합,여,61세,상해없음,보행자,남,73세,중상
노인사고,2022081100100402,2022년 8월 11일 19시,목요일,부산광역시 강서구 명지동,중상사고,0,1,0,0,차대차 - 측면충돌,신호위반,건조,맑음,교차로 - 교차로안,승용,남,43세,상해없음,승용,남,70세,중상
노인사고,2022081200100059,2022년 8월 12일 07시,금요일,부산광역시 기장군 기장읍,중상사고,0,1,0,0,차대차 - 기타,안전운전불이행,건조,맑음,교차로 - 교차로안,승용,여,74세,상해없음,자전거,남,77세,중상
노인사고,2022081200100077,2022년 8월 12일 08시,금요일,부산광역시 동래구 명륜동,부상신고사고,0,0,0,1,차대차 - 기타,안전거리미확보,건조,맑음,교차로 - 교차로부근,자전거,남,75세,부상신고,승합,남,52세,상해없음
노인사고,2022081200100078,2022년 8월 12일 08시,금요일,부산광역시 동래구 안락동,경상사고,0,0,2,0,차대차 - 측면충돌,안전거리미확보,건조,맑음,단일로 - 기타,승용,여,62세,상해없음,승용,남,28세,경상
노인사고,2022081200100182,2022년 8월 12일 11시,금요일,부산광역시 영도구 봉래동3가,중상사고,0,1,0,0,차대사람 - 기타,안전운전불이행,건조,맑음,단일로 - 기타,승용,여,43세,상해없음,보행자,남,73세,중상
노인사고,2022081200100401,2022년 8월 12일 17시,금요일,부산광역시 중구 남포동4가,경상사고,0,0,1,0,차대사람 - 차도통행중,안전운전불이행,건조,맑음,단일로 - 기타,자전거,남,60세,상해없음,보행자,남,68세,경상
노인사고,2022081200100402,2022년 8월 12일 17시,금요일,부산광역시 금정구 회동동,경상사고,0,0,1,0,차대차 - 추돌,기타,건조,맑음,단일로 - 기타,화물,남,54세,상해없음,승용,남,74세,경상
노인사고,2022081200100452,2022년 8월 12일 18시,금요일,부산광역시 동구 범일동,경상사고,0,0,1,0,차대사람 - 차도통행중,안전운전불이행,건조,맑음,단일로 - 기타,승용,남,37세,상해없음,보행자,여,75세,경상
노인사고,2.02208E+15,2022년 8월 12일 19시,금요일,부산광역시 사상구 괘법동,경상사고,0,0,1,0,차대사람 - 차도통행중,안전운전불이행,건조,맑음,교차로 - 교차로안,화물,남,34세,기타불명,보행자,여,69세,경상
노인사고,2022081300100217,2022년 8월 13일 13시,토요일,부산광역시 부산진구 가야동,경상사고,0,0,1,0,차대차 - 측면충돌,교차로운행방법위반,건조,맑음,교차로 - 교차로안,승용,여,53세,상해없음,승용,남,70세,경상
노인사고,2022081300100375,2022년 8월 13일 18시,토요일,부산광역시 동구 좌천동,경상사고,0,0,1,0,차대차 - 추돌,안전운전불이행,건조,맑음,단일로 - 기타,화물,남,44세,상해없음,승용,남,68세,경상
노인사고,2022081400100052,2022년 8월 14일 06시,일요일,부산광역시 연제구 거제동,경상사고,0,0,1,0,차대차 - 측면충돌,안전운전불이행,건조,맑음,단일로 - 기타,승용,여,58세,상해없음,승용,남,70세,경상
노인사고,2022081400100073,2022년 8월 14일 09시,일요일,부산광역시 부산진구 부전동,경상사고,0,0,1,1,차대차 - 측면충돌,불법유턴,건조,기타,단일로 - 기타,이륜,남,69세,부상신고,화물,여,48세,경상
노인사고,2022081400100206,2022년 8월 14일 16시,일요일,부산광역시 부산진구 범천동,중상사고,0,2,0,0,차대차 - 측면충돌,교차로운행방법위반,건조,맑음,교차로 - 교차로안,이륜,남,70세,중상,승용,남,64세,상해없음
노인사고,2.02208E+15,2022년 8월 14일 19시,일요일,부산광역시 영도구 청학동,경상사고,0,0,2,0,차대차 - 정면충돌,중앙선침범,건조,흐림,단일로 - 지하차도(도로)내,화물,남,71세,경상,승용,남,62세,경상
노인사고,2022081500100019,2022년 8월 15일 02시,월요일,부산광역시 수영구 망미동,경상사고,0,0,4,0,차대차 - 기타,신호위반,건조,맑음,교차로 - 교차로안,승용,남,26세,상해없음,승용,남,68세,경상
노인사고,2022081500100052,2022년 8월 15일 06시,월요일,부산광역시 서구 토성동1가,경상사고,0,0,2,0,차대차 - 추돌,안전운전불이행,건조,맑음,교차로 - 교차로부근,승용,남,22세,상해없음,승용,남,41세,경상
노인사고,2022081500100113,2022년 8월 15일 11시,월요일,부산광역시 서구 서대신동2가,중상사고,0,1,0,0,차대사람 - 횡단중,안전운전불이행,건조,맑음,단일로 - 기타,승용,남,61세,상해없음,보행자,여,89세,중상
노인사고,2022081500100218,2022년 8월 15일 14시,월요일,부산광역시 부산진구 부암동,경상사고,0,0,1,0,차대차 - 추돌,안전운전불이행,건조,맑음,교차로 - 교차로부근,이륜,남,61세,상해없음,승용,여,37세,상해없음
노인사고,2022081500100219,2022년 8월 15일 14시,월요일,부산광역시 연제구 연산동,중상사고,0,1,0,0,차대사람 - 차도통행중,신호위반,건조,맑음,교차로 - 교차로부근,이륜,남,24세,상해없음,보행자,여,68세,중상
노인사고,2022081600100035,2022년 8월 16일 06시,화요일,부산광역시 동구 범일동,중상사고,0,1,0,0,차대사람 - 기타,안전운전불이행,건조,맑음,단일로 - 기타,자전거,남,53세,상해없음,보행자,여,83세,중상
노인사고,2022081600100105,2022년 8월 16일 09시,화요일,부산광역시 동구 범일동,경상사고,0,0,2,0,차대차 - 측면충돌,교차로운행방법위반,건조,맑음,교차로 - 교차로안,승용,남,30세,상해없음,승합,남,67세,경상
노인사고,2022081600100168,2022년 8월 16일 11시,화요일,부산광역시 금정구 회동동,경상사고,0,0,2,0,차대차 - 추돌,안전거리미확보,건조,흐림,단일로 - 기타,화물,남,37세,상해없음,화물,남,70세,경상
노인사고,2022081600100237,2022년 8월 16일 13시,화요일,부산광역시 남구 대연동,경상사고,0,0,2,0,차대차 - 기타,안전운전불이행,건조,맑음,단일로 - 기타,승합,남,65세,경상,승용,여,43세,경상
노인사고,2022081600100282,2022년 8월 16일 14시,화요일,부산광역시 연제구 거제동,사망사고,1,0,0,0,차대사람 - 횡단중,보행자보호의무위반,젖음/습기,비,단일로 - 기타,승용,남,51세,상해없음,보행자,여,75세,사망
노인사고,2022081600100312,2022년 8월 16일 15시,화요일,부산광역시 중구 영주동,중상사고,0,1,0,0,차대사람 - 차도통행중,안전운전불이행,젖음/습기,비,교차로 - 교차로부근,이륜,남,64세,기타불명,보행자,여,81세,중상
노인사고,2022081600100464,2022년 8월 16일 19시,화요일,부산광역시 금정구 장전동,경상사고,0,0,2,0,차대차 - 추돌,안전운전불이행,젖음/습기,비,단일로 - 기타,승용,남,36세,상해없음,승용,여,71세,경상
노인사고,2022081700100058,2022년 8월 17일 07시,수요일,부산광역시 수영구 남천동,경상사고,0,0,2,0,차대차 - 정면충돌,안전운전불이행,젖음/습기,비,단일로 - 기타,승합,남,50세,상해없음,승용,남,69세,경상
노인사고,2.02208E+15,2022년 8월 17일 07시,수요일,부산광역시 부산진구 부전동,중상사고,0,1,0,0,차량단독 - 기타,안전운전불이행,건조,맑음,단일로 - 기타,원동기,남,67세,중상,,,,
노인사고,2022081700100128,2022년 8월 17일 09시,수요일,부산광역시 연제구 연산동,중상사고,0,1,1,0,차대차 - 기타,안전운전불이행,건조,맑음,교차로 - 교차로부근,이륜,남,77세,중상,화물,남,48세,경상
노인사고,2022081700100257,2022년 8월 17일 13시,수요일,부산광역시 동구 초량동,중상사고,0,1,0,0,차대사람 - 차도통행중,안전운전불이행,젖음/습기,비,단일로 - 지하차도(도로)내,승용,남,67세,상해없음,보행자,여,75세,중상
노인사고,2022081700100259,2022년 8월 17일 13시,수요일,부산광역시 사상구 학장동,경상사고,0,0,1,0,차대차 - 추돌,안전운전불이행,젖음/습기,비,교차로 - 교차로부근,화물,남,58세,상해없음,승용,여,67세,경상
노인사고,2022081700100456,2022년 8월 17일 18시,수요일,부산광역시 부산진구 부전동,중상사고,0,1,0,0,차대사람 - 차도통행중,안전운전불이행,건조,맑음,단일로 - 기타,승합,남,60세,상해없음,보행자,남,75세,중상
노인사고,2022081700100514,2022년 8월 17일 19시,수요일,부산광역시 수영구 수영동,부상신고사고,0,0,0,1,차대차 - 기타,안전운전불이행,건조,흐림,교차로 - 교차로안,자전거,남,72세,부상신고,승용,여,43세,상해없음
노인사고,2022081800100182,2022년 8월 18일 11시,목요일,부산광역시 강서구 대저1동,중상사고,0,1,0,0,차대차 - 기타,불법유턴,건조,흐림,교차로 - 교차로횡단보도내,이륜,남,74세,중상,화물,남,41세,상해없음
노인사고,2022081800100225,2022년 8월 18일 12시,목요일,부산광역시 남구 대연동,중상사고,0,1,0,0,차대사람 - 기타,안전운전불이행,건조,맑음,단일로 - 기타,승용,남,41세,상해없음,보행자,여,86세,중상
노인사고,2022081800100226,2022년 8월 18일 12시,목요일,부산광역시 금정구 금사동,경상사고,0,0,1,0,차량단독 - 기타,기타,건조,맑음,단일로 - 기타,승합,남,51세,상해없음,,,,
노인사고,2022081800100476,2022년 8월 18일 19시,목요일,부산광역시 중구 남포동6가,경상사고,0,0,1,0,차대차 - 측면충돌,신호위반,건조,맑음,교차로 - 교차로안,승용,남,57세,상해없음,승용,남,62세,상해없음
노인사고,2022081900100028,2022년 8월 19일 03시,금요일,부산광역시 동래구 온천동,경상사고,0,0,2,0,차대차 - 정면충돌,중앙선침범,건조,맑음,단일로 - 터널,승용,남,78세,상해없음,승용,여,48세,경상
노인사고,2022081900100085,2022년 8월 19일 08시,금요일,부산광역시 동구 수정동,중상사고,0,1,2,0,차대차 - 추돌,안전거리미확보,건조,맑음,단일로 - 터널,승용,남,61세,경상,승용,남,65세,중상
노인사고,2022081900100154,2022년 8월 19일 10시,금요일,부산광역시 수영구 망미동,사망사고,1,0,0,0,차대사람 - 차도통행중,안전운전불이행,건조,맑음,단일로 - 기타,화물,남,69세,상해없음,보행자,남,88세,사망
노인사고,2022081900100194,2022년 8월 19일 11시,금요일,부산광역시 연제구 연산동,경상사고,0,0,1,0,차대사람 - 횡단중,보행자보호의무위반,건조,맑음,단일로 - 기타,화물,남,29세,상해없음,보행자,여,79세,경상
노인사고,2022081900100269,2022년 8월 19일 13시,금요일,부산광역시 부산진구 개금동,중상사고,0,1,0,0,차대사람 - 횡단중,보행자보호의무위반,건조,기타,교차로 - 교차로횡단보도내,화물,남,50세,상해없음,보행자,남,88세,중상
노인사고,2022081900100501,2022년 8월 19일 19시,금요일,부산광역시 영도구 영선동3가,중상사고,0,1,0,0,차대사람 - 기타,안전운전불이행,건조,맑음,단일로 - 기타,승합,남,31세,상해없음,보행자,여,71세,중상
노인사고,2022082000100028,2022년 8월 20일 02시,토요일,부산광역시 동래구 사직동,경상사고,0,0,1,0,차대차 - 추돌,안전거리미확보,건조,맑음,단일로 - 기타,승용,남,39세,상해없음,승용,남,74세,경상
노인사고,2022082000100082,2022년 8월 20일 07시,토요일,부산광역시 사상구 엄궁동,경상사고,0,0,1,0,차대차 - 측면충돌,안전운전불이행,건조,맑음,단일로 - 기타,건설기계,남,38세,상해없음,승용,남,66세,경상
노인사고,2022082000100168,2022년 8월 20일 11시,토요일,부산광역시 동구 범일동,중상사고,0,1,0,0,차대사람 - 횡단중,안전운전불이행,건조,맑음,단일로 - 기타,승용,남,26세,상해없음,보행자,여,77세,중상
노인사고,2022082000100355,2022년 8월 20일 15시,토요일,부산광역시 연제구 연산동,경상사고,0,0,1,0,차대차 - 기타,신호위반,건조,맑음,교차로 - 교차로안,화물,남,70세,상해없음,화물,남,77세,경상
노인사고,2022082000100387,2022년 8월 20일 16시,토요일,부산광역시 수영구 민락동,경상사고,0,0,5,0,차대차 - 측면충돌,교차로운행방법위반,건조,맑음,교차로 - 교차로안,승용,남,73세,경상,승용,여,27세,경상
노인사고,2022082000100528,2022년 8월 20일 20시,토요일,부산광역시 동래구 명장동,경상사고,0,0,1,0,차대사람 - 횡단중,안전운전불이행,젖음/습기,비,교차로 - 교차로안,승용,여,48세,상해없음,보행자,여,72세,경상
노인사고,2022082000100591,2022년 8월 20일 22시,토요일,부산광역시 남구 문현동,경상사고,0,0,2,0,차대차 - 추돌,안전거리미확보,젖음/습기,비,교차로 - 교차로부근,승용,남,30세,기타불명,승용,남,63세,상해없음
노인사고,2022082100100117,2022년 8월 21일 11시,일요일,부산광역시 중구 중앙동3가,경상사고,0,0,1,0,차량단독 - 기타,기타,건조,맑음,교차로 - 교차로부근,승합,남,47세,상해없음,,,,
노인사고,2022082100100119,2022년 8월 21일 11시,일요일,부산광역시 동구 초량동,경상사고,0,0,3,0,차대차 - 측면충돌,안전거리미확보,건조,맑음,단일로 - 기타,승용,남,26세,상해없음,승용,남,68세,경상
노인사고,2022082100100179,2022년 8월 21일 13시,일요일,부산광역시 영도구 동삼동,중상사고,0,5,1,0,차대차 - 기타,안전운전불이행,건조,맑음,기타 - 기타,승용,남,78세,상해없음,승용,여,45세,중상
노인사고,2022082100100213,2022년 8월 21일 14시,일요일,부산광역시 강서구 신호동,사망사고,1,0,0,0,차대차 - 측면충돌,안전운전불이행,건조,맑음,단일로 - 교량,자전거,남,71세,사망,승용,남,58세,상해없음
노인사고,2022082100100269,2022년 8월 21일 16시,일요일,부산광역시 부산진구 가야동,경상사고,0,0,1,0,차량단독 - 공작물충돌,기타,건조,맑음,단일로 - 기타,승용,남,67세,상해없음,,,,
노인사고,2022082200100311,2022년 8월 22일 15시,월요일,부산광역시 금정구 부곡동,경상사고,0,0,1,0,차대차 - 추돌,안전거리미확보,건조,맑음,단일로 - 터널,승용,여,48세,상해없음,화물,남,65세,경상
노인사고,2022082200100364,2022년 8월 22일 17시,월요일,부산광역시 금정구 회동동,경상사고,0,0,1,0,차대사람 - 기타,안전운전불이행,건조,맑음,기타 - 기타,승용,남,41세,상해없음,보행자,여,65세,경상
노인사고,2022082200100365,2022년 8월 22일 17시,월요일,부산광역시 금정구 서동,경상사고,0,0,1,0,차대차 - 기타,안전운전불이행,건조,맑음,교차로 - 교차로안,승용,남,57세,상해없음,승용,남,78세,경상
노인사고,2022082200100366,2022년 8월 22일 17시,월요일,부산광역시 사하구 하단동,중상사고,0,1,0,0,차대차 - 측면충돌,중앙선침범,건조,맑음,교차로 - 교차로부근,화물,남,73세,상해없음,이륜,남,66세,중상
노인사고,2022082300100049,2022년 8월 23일 06시,화요일,부산광역시 수영구 수영동,중상사고,0,1,0,0,차대사람 - 기타,안전운전불이행,건조,맑음,단일로 - 기타,자전거,남,56세,상해없음,보행자,남,84세,중상
노인사고,2.02208E+15,2022년 8월 23일 09시,화요일,부산광역시 강서구 생곡동,경상사고,0,0,2,0,차대차 - 기타,안전운전불이행,건조,맑음,단일로 - 기타,건설기계,남,60세,상해없음,승용,남,68세,경상
노인사고,2022082300100244,2022년 8월 23일 13시,화요일,부산광역시 금정구 서동,부상신고사고,0,0,0,1,차대사람 - 보도통행중,안전운전불이행,건조,맑음,단일로 - 기타,승용,남,59세,상해없음,보행자,여,79세,부상신고
노인사고,2022082300100282,2022년 8월 23일 14시,화요일,부산광역시 북구 만덕동,경상사고,0,0,1,0,차대사람 - 기타,기타,건조,맑음,단일로 - 기타,승용,여,62세,상해없음,보행자,여,68세,경상
노인사고,2022082300100283,2022년 8월 23일 14시,화요일,부산광역시 부산진구 당감동,중상사고,0,1,0,0,차대차 - 측면충돌,안전거리미확보,건조,맑음,교차로 - 교차로안,화물,남,59세,상해없음,승용,여,68세,중상