사고부문,사고번호,사고일시,요일,시군구,사고내용,사망자수,중상자수,경상자수,부상신고자수,사고유형,법규위반,노면상태,기상상태,도로형태,가해운전자 차종,가해운전자 성별,가해운전자 연령,가해운전자 상해정도,피해운전자 차종,피해운전자 성별,피해운전자 연령,피해운전자 상해정도
노인사고,2022082300100323,2022년 8월 23일 15시,화요일,부산광역시 동구 초량동,경상사고,0,0,1,0,차대차 - 정면충돌,교차로운행방법위반,건조,맑음,교차로 - 교차로안,화물,남,56세,상해없음,이륜,남,74세,경상
노인사고,2022082300100541,2022년 8월 23일 20시,화요일,부산광역시 사하구 당리동,경상사고,0,0,2,1,차대차 - 기타,안전운전불이행,건조,맑음,교차로 - 교차로안,승용,남,65세,부상신고,승용,여,59세,경상
노인사고,2022082400100172,2022년 8월 24일 10시,수요일,부산광역시 영도구 봉래동4가,경상사고,0,0,1,0,차대차 - 후진중충돌,안전운전불이행,건조,맑음,단일로 - 기타,승용,여,56세,상해없음,승용,남,69세,경상
노인사고,2022082400100241,2022년 8월 24일 12시,수요일,부산광역시 동구 범일동,중상사고,0,1,0,0,차대차 - 기타,안전거리미확보,건조,맑음,단일로 - 기타,원동기,남,77세,중상,승용,남,28세,상해없음
노인사고,2022082500100031,2022년 8월 25일 05시,목요일,부산광역시 연제구 연산동,중상사고,0,1,0,0,차대사람 - 기타,안전운전불이행,건조,맑음,단일로 - 기타,승용,남,23세,상해없음,보행자,여,73세,중상
노인사고,2022082500100136,2022년 8월 25일 10시,목요일,부산광역시 동래구 수안동,중상사고,0,1,0,0,차대사람 - 차도통행중,안전운전불이행,건조,맑음,단일로 - 기타,승용,남,35세,상해없음,보행자,남,68세,중상
노인사고,2022082500100206,2022년 8월 25일 12시,목요일,부산광역시 동구 수정동,중상사고,0,1,0,0,차대사람 - 횡단중,안전운전불이행,건조,맑음,교차로 - 교차로안,화물,남,45세,상해없음,보행자,남,74세,중상
노인사고,2022082500100241,2022년 8월 25일 13시,목요일,부산광역시 부산진구 부암동,중상사고,0,1,0,0,차대사람 - 기타,안전운전불이행,건조,맑음,기타 - 기타,승용,여,52세,상해없음,보행자,여,67세,중상
노인사고,2022082500100453,2022년 8월 25일 19시,목요일,부산광역시 영도구 동삼동,중상사고,0,1,0,0,차대사람 - 보도통행중,보행자보호의무위반,건조,흐림,교차로 - 교차로횡단보도내,승용,여,35세,상해없음,보행자,여,85세,중상
노인사고,2022082600100064,2022년 8월 26일 07시,금요일,부산광역시 연제구 연산동,경상사고,0,0,1,0,차대차 - 측면충돌,신호위반,건조,맑음,교차로 - 교차로안,승용,여,25세,상해없음,승용,여,67세,경상
노인사고,2022082600100096,2022년 8월 26일 08시,금요일,부산광역시 부산진구 개금동,경상사고,0,0,2,0,차대차 - 측면충돌,안전운전불이행,건조,맑음,단일로 - 기타,승용,남,36세,상해없음,승용,남,66세,경상
노인사고,2022082600100164,2022년 8월 26일 10시,금요일,부산광역시 서구 남부민동,중상사고,0,1,0,0,차대사람 - 차도통행중,안전운전불이행,건조,맑음,단일로 - 기타,승용,남,69세,상해없음,보행자,여,72세,중상
노인사고,2022082600100165,2022년 8월 26일 10시,금요일,부산광역시 사하구 하단동,경상사고,0,0,3,0,차대차 - 기타,안전거리미확보,건조,맑음,단일로 - 기타,승용,남,68세,경상,승용,남,42세,경상
노인사고,2022082600100364,2022년 8월 26일 16시,금요일,부산광역시 금정구 장전동,경상사고,0,0,1,0,차대차 - 측면충돌,안전거리미확보,건조,맑음,교차로 - 교차로부근,승용,여,50세,상해없음,승용,남,72세,경상
노인사고,2022082600100404,2022년 8월 26일 17시,금요일,부산광역시 해운대구 우동,경상사고,0,0,1,0,차대사람 - 횡단중,안전운전불이행,건조,맑음,단일로 - 기타,승용,남,59세,상해없음,보행자,남,74세,경상
노인사고,2022082600100468,2022년 8월 26일 18시,금요일,부산광역시 동래구 명륜동,경상사고,0,0,1,0,차대사람 - 차도통행중,안전운전불이행,건조,맑음,단일로 - 지하차도(도로)내,승용,여,32세,상해없음,보행자,남,77세,경상
노인사고,2022082600100562,2022년 8월 26일 20시,금요일,부산광역시 사하구 괴정동,중상사고,0,1,0,0,차대사람 - 횡단중,안전운전불이행,건조,맑음,단일로 - 기타,이륜,남,35세,상해없음,보행자,여,77세,중상
노인사고,2022082700100019,2022년 8월 27일 01시,토요일,부산광역시 동래구 온천동,경상사고,0,0,1,0,차대차 - 추돌,안전운전불이행,건조,맑음,교차로 - 교차로부근,화물,남,54세,상해없음,승용,남,70세,경상
노인사고,2022082700100089,2022년 8월 27일 07시,토요일,부산광역시 강서구 천성동,경상사고,0,0,2,0,차대차 - 추돌,안전운전불이행,건조,맑음,단일로 - 기타,승용,남,35세,상해없음,승용,남,74세,경상
노인사고,2022082700100154,2022년 8월 27일 10시,토요일,부산광역시 동구 범일동,중상사고,0,1,0,0,차대사람 - 기타,안전운전불이행,건조,맑음,단일로 - 기타,승용,여,57세,상해없음,보행자,남,72세,중상
노인사고,2022082700100155,2022년 8월 27일 10시,토요일,부산광역시 북구 구포동,중상사고,0,1,0,0,차대사람 - 횡단중,보행자보호의무위반,건조,맑음,교차로 - 교차로안,화물,남,56세,상해없음,보행자,남,68세,중상
노인사고,2022082700100325,2022년 8월 27일 14시,토요일,부산광역시 사하구 괴정동,경상사고,0,0,1,0,차대사람 - 기타,보행자보호의무위반,건조,맑음,단일로 - 기타,승용,남,47세,상해없음,보행자,여,75세,경상
노인사고,2022082700100361,2022년 8월 27일 15시,토요일,부산광역시 중구 남포동2가,경상사고,0,0,1,0,차대차 - 추돌,안전운전불이행,건조,맑음,단일로 - 기타,승용,남,23세,상해없음,승용,남,68세,경상
노인사고,2022082700100455,2022년 8월 27일 17시,토요일,부산광역시 연제구 연산동,경상사고,0,0,1,0,차대차 - 측면충돌,신호위반,건조,맑음,교차로 - 교차로안,승용,남,27세,상해없음,승용,남,67세,경상
노인사고,2022082700100543,2022년 8월 27일 19시,토요일,부산광역시 금정구 부곡동,경상사고,0,0,1,0,차대사람 - 횡단중,보행자보호의무위반,건조,맑음,단일로 - 기타,자전거,남,14세,상해없음,보행자,여,72세,경상
노인사고,2022082700100569,2022년 8월 27일 20시,토요일,부산광역시 서구 암남동,경상사고,0,0,1,0,차량단독 - 기타,안전운전불이행,건조,맑음,단일로 - 기타,승합,남,59세,상해없음,,,,
노인사고,2022082800100137,2022년 8월 28일 11시,일요일,부산광역시 연제구 거제동,중상사고,0,1,0,0,차대사람 - 기타,안전운전불이행,건조,맑음,단일로 - 기타,승용,남,69세,상해없음,보행자,여,79세,중상
노인사고,2.02208E+15,2022년 8월 28일 14시,일요일,부산광역시 남구 문현동,경상사고,0,0,1,0,차대차 - 기타,안전거리미확보,건조,맑음,교차로 - 교차로부근,승용,여,45세,상해없음,승용,남,83세,경상
노인사고,2022082800100309,2022년 8월 28일 16시,일요일,부산광역시 중구 중앙동7가,중상사고,0,1,0,0,차대사람 - 횡단중,보행자보호의무위반,건조,맑음,교차로 - 교차로부근,화물,남,38세,상해없음,보행자,남,69세,중상
노인사고,2022082800100341,2022년 8월 28일 17시,일요일,부산광역시 연제구 거제동,경상사고,0,0,2,0,차대차 - 추돌,안전운전불이행,건조,맑음,교차로 - 교차로부근,승용,남,42세,상해없음,승용,남,67세,경상
노인사고,2022082900100027,2022년 8월 29일 05시,월요일,부산광역시 남구 대연동,중상사고,0,1,0,0,차대사람 - 보도통행중,보행자보호의무위반,건조,맑음,교차로 - 교차로횡단보도내,승용,남,42세,상해없음,보행자,여,83세,중상
노인사고,2022082900100138,2022년 8월 29일 09시,월요일,부산광역시 부산진구 가야동,경상사고,0,0,2,0,차대차 - 측면충돌,안전거리미확보,건조,맑음,단일로 - 기타,승용,여,41세,경상,승용,남,68세,경상
노인사고,2022082900100164,2022년 8월 29일 10시,월요일,부산광역시 부산진구 부전동,경상사고,0,0,1,0,차대차 - 기타,안전거리미확보,건조,맑음,단일로 - 기타,승용,남,61세,상해없음,승용,남,43세,상해없음
노인사고,2022082900100233,2022년 8월 29일 12시,월요일,부산광역시 금정구 구서동,경상사고,0,0,1,0,차대사람 - 횡단중,안전운전불이행,건조,맑음,교차로 - 교차로안,승용,남,57세,상해없음,보행자,여,72세,경상
노인사고,2022082900100307,2022년 8월 29일 14시,월요일,부산광역시 강서구 녹산동,중상사고,0,2,0,0,차대사람 - 차도통행중,안전운전불이행,건조,맑음,교차로 - 교차로부근,화물,남,40세,중상,보행자,여,70세,중상
노인사고,2022082900100339,2022년 8월 29일 15시,월요일,부산광역시 해운대구 우동,경상사고,0,0,3,0,차대차 - 추돌,교차로운행방법위반,건조,맑음,교차로 - 교차로안,승용,남,62세,상해없음,승용,여,44세,경상
노인사고,2.02208E+15,2022년 8월 29일 15시,월요일,부산광역시 부산진구 당감동,중상사고,0,1,5,0,차대차 - 기타,안전운전불이행,건조,맑음,단일로 - 기타,화물,남,61세,중상,승용,남,71세,상해없음
노인사고,2022082900100408,2022년 8월 29일 17시,월요일,부산광역시 북구 구포동,부상신고사고,0,0,0,1,차대차 - 기타,차로위반,건조,맑음,교차로 - 교차로부근,승용,남,58세,상해없음,승용,남,68세,부상신고
노인사고,2022082900100603,2022년 8월 29일 23시,월요일,부산광역시 부산진구 부암동,중상사고,0,1,0,0,차대사람 - 횡단중,안전운전불이행,건조,맑음,교차로 - 교차로안,승용,여,48세,상해없음,보행자,여,68세,중상
노인사고,2022083000100002,2022년 8월 30일 00시,화요일,부산광역시 북구 만덕동,중상사고,0,1,1,0,차대차 - 추돌,안전운전불이행,건조,맑음,단일로 - 기타,승용,남,66세,상해없음,승용,남,67세,경상
노인사고,2022083000100136,2022년 8월 30일 09시,화요일,부산광역시 영도구 청학동,사망사고,1,0,0,0,차대사람 - 기타,안전운전불이행,건조,맑음,단일로 - 기타,건설기계,남,56세,상해없음,보행자,여,95세,사망
노인사고,2022083000100165,2022년 8월 30일 10시,화요일,부산광역시 남구 문현동,경상사고,0,0,1,0,차대차 - 기타,안전운전불이행,건조,맑음,단일로 - 기타,승용,남,55세,상해없음,승합,남,65세,상해없음
노인사고,2.02208E+15,2022년 8월 30일 15시,화요일,부산광역시 강서구 녹산동,중상사고,0,1,0,0,차대차 - 측면충돌,안전운전불이행,건조,맑음,단일로 - 지하차도(도로)내,화물,남,66세,상해없음,승용,남,65세,중상
노인사고,2022083000100394,2022년 8월 30일 17시,화요일,부산광역시 부산진구 전포동,중상사고,0,2,0,0,차대차 - 기타,안전운전불이행,젖음/습기,흐림,교차로 - 교차로부근,화물,남,79세,중상,화물,남,46세,기타불명
노인사고,2022083000100445,2022년 8월 30일 18시,화요일,부산광역시 부산진구 전포동,중상사고,0,1,0,0,차대사람 - 횡단중,보행자보호의무위반,젖음/습기,비,단일로 - 기타,승합,남,44세,상해없음,보행자,남,82세,중상
노인사고,2022083000100541,2022년 8월 30일 21시,화요일,부산광역시 동래구 온천동,중상사고,0,1,1,0,차대차 - 추돌,안전운전불이행,건조,맑음,단일로 - 기타,승용,남,23세,상해없음,승용,여,51세,중상
노인사고,2022083100100128,2022년 8월 31일 09시,수요일,부산광역시 부산진구 양정동,경상사고,0,0,1,0,차대차 - 추돌,교차로운행방법위반,젖음/습기,비,교차로 - 교차로안,승용,여,35세,상해없음,승용,여,66세,경상
노인사고,2022083100100152,2022년 8월 31일 10시,수요일,부산광역시 부산진구 범천동,중상사고,0,1,0,0,차대차 - 측면충돌,신호위반,젖음/습기,비,교차로 - 교차로안,승용,남,51세,상해없음,화물,남,65세,중상
노인사고,2022083100100153,2022년 8월 31일 10시,수요일,부산광역시 수영구 망미동,중상사고,0,1,0,0,차대사람 - 기타,안전운전불이행,젖음/습기,비,단일로 - 기타,승용,남,49세,상해없음,보행자,여,79세,중상
노인사고,2022090100100344,2022년 9월 1일 15시,목요일,부산광역시 서구 부용동2가,경상사고,0,0,1,0,차대차 - 측면충돌,안전운전불이행,건조,맑음,교차로 - 교차로안,승합,남,52세,상해없음,이륜,남,83세,경상
노인사고,2022090100100439,2022년 9월 1일 17시,목요일,부산광역시 사상구 덕포동,중상사고,0,1,1,0,차대사람 - 횡단중,보행자보호의무위반,건조,맑음,교차로 - 교차로횡단보도내,화물,남,26세,상해없음,보행자,여,68세,경상
노인사고,2022090100100526,2022년 9월 1일 19시,목요일,부산광역시 사하구 당리동,중상사고,0,1,0,0,차대사람 - 횡단중,안전운전불이행,건조,맑음,단일로 - 기타,이륜,남,39세,상해없음,보행자,여,65세,중상
노인사고,2022090100100593,2022년 9월 1일 21시,목요일,부산광역시 동래구 안락동,경상사고,0,0,1,0,차대사람 - 차도통행중,중앙선침범,젖음/습기,흐림,단일로 - 기타,승용,여,63세,상해없음,보행자,남,66세,경상
노인사고,2022090200100057,2022년 9월 2일 06시,금요일,부산광역시 사하구 신평동,경상사고,0,0,1,0,차대차 - 추돌,신호위반,젖음/습기,비,교차로 - 교차로안,화물,남,44세,상해없음,승용,여,65세,경상
노인사고,2022090200100102,2022년 9월 2일 08시,금요일,부산광역시 중구 중앙동7가,부상신고사고,0,0,0,1,차대사람 - 기타,안전운전불이행,젖음/습기,비,교차로 - 교차로부근,승합,남,56세,상해없음,보행자,여,72세,부상신고
노인사고,2022090200100155,2022년 9월 2일 09시,금요일,부산광역시 남구 용당동,경상사고,0,0,1,0,차대차 - 추돌,안전운전불이행,건조,맑음,단일로 - 기타,승용,남,28세,상해없음,승용,남,38세,상해없음
노인사고,2022090200100196,2022년 9월 2일 10시,금요일,부산광역시 동구 초량동,중상사고,0,1,0,0,차대사람 - 횡단중,안전운전불이행,젖음/습기,비,교차로 - 교차로안,화물,남,65세,상해없음,보행자,여,79세,중상
노인사고,2022090200100226,2022년 9월 2일 11시,금요일,부산광역시 강서구 대저1동,중상사고,0,1,0,0,차대사람 - 기타,안전운전불이행,젖음/습기,비,교차로 - 교차로안,승합,여,45세,상해없음,보행자,여,83세,중상
노인사고,2022090200100296,2022년 9월 2일 13시,금요일,부산광역시 강서구 미음동,경상사고,0,0,2,0,차대차 - 기타,안전운전불이행,건조,맑음,교차로 - 교차로안,승용,남,58세,경상,화물,남,66세,경상
노인사고,2022090200100335,2022년 9월 2일 14시,금요일,부산광역시 동래구 사직동,중상사고,0,3,3,0,차대차 - 기타,안전운전불이행,건조,맑음,교차로 - 교차로안,승용,여,71세,상해없음,승합,남,36세,기타불명
노인사고,2.02209E+15,2022년 9월 2일 18시,금요일,부산광역시 부산진구 양정동,중상사고,0,1,0,0,차대사람 - 횡단중,보행자보호의무위반,건조,맑음,교차로 - 교차로부근,승용,여,38세,상해없음,보행자,여,76세,중상
노인사고,2.02209E+15,2022년 9월 3일 05시,토요일,부산광역시 사하구 당리동,중상사고,0,3,2,0,차대차 - 측면충돌,중앙선침범,건조,맑음,단일로 - 기타,승합,남,62세,경상,화물,남,68세,경상
노인사고,2022090300100107,2022년 9월 3일 08시,토요일,부산광역시 사하구 하단동,중상사고,0,1,0,1,차대차 - 기타,안전운전불이행,젖음/습기,비,단일로 - 기타,승용,남,77세,부상신고,승용,남,43세,중상
노인사고,2022090300100202,2022년 9월 3일 11시,토요일,부산광역시 서구 서대신동3가,중상사고,0,1,0,0,차대차 - 측면충돌,교차로운행방법위반,건조,맑음,교차로 - 교차로안,승용,여,61세,상해없음,승용,여,65세,중상
노인사고,2.02209E+15,2022년 9월 3일 15시,토요일,부산광역시 부산진구 부전동,부상신고사고,0,0,0,1,차대차 - 측면충돌,안전운전불이행,젖음/습기,비,단일로 - 기타,자전거,남,89세,부상신고,승용,남,67세,상해없음
노인사고,2022090300100589,2022년 9월 3일 22시,토요일,부산광역시 기장군 기장읍,경상사고,0,0,3,0,차대차 - 추돌,안전운전불이행,젖음/습기,비,단일로 - 기타,승용,여,38세,상해없음,승용,남,24세,경상
노인사고,2.02209E+15,2022년 9월 4일 08시,일요일,부산광역시 동구 범일동,경상사고,0,0,2,0,차대차 - 기타,안전운전불이행,젖음/습기,비,단일로 - 기타,승용,남,64세,상해없음,승용,남,68세,경상
노인사고,2022090400100097,2022년 9월 4일 10시,일요일,부산광역시 수영구 광안동,경상사고,0,0,1,0,차대차 - 추돌,안전거리미확보,건조,맑음,단일로 - 터널,승합,남,66세,상해없음,승용,남,67세,상해없음
노인사고,2.02209E+15,2022년 9월 4일 10시,일요일,부산광역시 금정구 서동,경상사고,0,0,1,0,차대차 - 측면충돌,직진우회전진행방해,건조,맑음,교차로 - 교차로안,승용,여,26세,상해없음,화물,남,66세,경상
노인사고,2022090400100102,2022년 9월 4일 10시,일요일,부산광역시 기장군 일광읍,경상사고,0,0,1,0,차대사람 - 보도통행중,보행자보호의무위반,건조,맑음,단일로 - 기타,승용,남,66세,상해없음,보행자,남,82세,경상
노인사고,2022090400100154,2022년 9월 4일 12시,일요일,부산광역시 중구 부평동2가,중상사고,0,1,0,0,차대사람 - 기타,안전운전불이행,건조,맑음,단일로 - 기타,승용,여,57세,상해없음,보행자,여,67세,중상
노인사고,2022090400100286,2022년 9월 4일 16시,일요일,부산광역시 남구 대연동,경상사고,0,0,1,0,차대차 - 측면충돌,교차로운행방법위반,건조,맑음,교차로 - 교차로부근,승용,남,75세,상해없음,승용,남,77세,경상
노인사고,2022090400100322,2022년 9월 4일 17시,일요일,부산광역시 부산진구 범천동,중상사고,0,1,0,0,차대사람 - 기타,안전운전불이행,건조,맑음,단일로 - 기타,승용,남,57세,상해없음,보행자,남,65세,중상
노인사고,2022090500100013,2022년 9월 5일 01시,월요일,부산광역시 연제구 거제동,경상사고,0,0,1,0,차대차 - 기타,안전운전불이행,건조,맑음,단일로 - 기타,화물,남,40세,상해없음,승용,남,70세,경상
노인사고,2022090500100033,2022년 9월 5일 05시,월요일,부산광역시 강서구 명지동,경상사고,0,0,1,0,차대차 - 측면충돌,신호위반,건조,맑음,교차로 - 교차로안,승용,여,55세,상해없음,승용,남,67세,경상
노인사고,2022090500100059,2022년 9월 5일 07시,월요일,부산광역시 강서구 구랑동,중상사고,0,1,0,0,차대차 - 추돌,신호위반,건조,맑음,교차로 - 교차로부근,승용,남,32세,상해없음,승용,남,70세,중상
노인사고,2022090500100087,2022년 9월 5일 08시,월요일,부산광역시 금정구 구서동,경상사고,0,0,2,0,차대차 - 기타,교차로운행방법위반,건조,맑음,교차로 - 교차로안,승용,여,74세,경상,승용,남,27세,경상
노인사고,2022090500100134,2022년 9월 5일 09시,월요일,부산광역시 동구 범일동,중상사고,0,1,0,0,차대차 - 측면충돌,안전운전불이행,건조,맑음,교차로 - 교차로부근,화물,남,54세,상해없음,승용,남,71세,중상
노인사고,2022090500100136,2022년 9월 5일 09시,월요일,부산광역시 동래구 안락동,부상신고사고,0,0,0,1,차대차 - 추돌,안전운전불이행,건조,맑음,교차로 - 교차로안,화물,남,58세,상해없음,승용,여,66세,부상신고
노인사고,2.02209E+15,2022년 9월 5일 12시,월요일,부산광역시 해운대구 우동,경상사고,0,0,1,0,차대차 - 기타,안전운전불이행,기타,맑음,단일로 - 기타,승용,여,49세,상해없음,자전거,남,66세,경상
노인사고,2022090600100063,2022년 9월 6일 07시,화요일,부산광역시 부산진구 부전동,경상사고,0,0,1,1,차대차 - 기타,안전운전불이행,건조,맑음,교차로 - 교차로부근,승합,남,68세,경상,승용,남,67세,상해없음
노인사고,2022090600100291,2022년 9월 6일 15시,화요일,부산광역시 금정구 서동,경상사고,0,0,1,0,차대사람 - 횡단중,안전운전불이행,건조,맑음,교차로 - 교차로안,화물,남,47세,상해없음,보행자,남,77세,경상
노인사고,2022090600100328,2022년 9월 6일 16시,화요일,부산광역시 금정구 서동,중상사고,0,1,0,0,차대사람 - 횡단중,보행자보호의무위반,건조,맑음,교차로 - 교차로부근,화물,남,31세,상해없음,보행자,여,72세,중상
노인사고,2.02209E+15,2022년 9월 6일 17시,화요일,부산광역시 사하구 괴정동,중상사고,0,1,0,0,차대사람 - 횡단중,안전운전불이행,건조,맑음,단일로 - 기타,이륜,남,58세,상해없음,보행자,남,72세,중상
노인사고,2022090600100477,2022년 9월 6일 19시,화요일,부산광역시 해운대구 좌동,경상사고,0,0,1,3,차대차 - 후진중충돌,기타,건조,맑음,단일로 - 교량,승용,남,66세,부상신고,승용,남,38세,경상
노인사고,2022090600100561,2022년 9월 6일 22시,화요일,부산광역시 연제구 연산동,경상사고,0,0,1,0,차대차 - 추돌,안전거리미확보,건조,맑음,단일로 - 기타,승용,남,29세,상해없음,승용,여,71세,경상
노인사고,2.02209E+15,2022년 9월 7일 04시,수요일,부산광역시 부산진구 개금동,부상신고사고,0,0,0,1,차대사람 - 기타,안전운전불이행,건조,맑음,교차로 - 교차로안,화물,남,39세,상해없음,보행자,남,78세,부상신고
노인사고,2022090700100069,2022년 9월 7일 07시,수요일,부산광역시 영도구 청학동,중상사고,0,1,0,0,차대사람 - 기타,보행자보호의무위반,건조,맑음,단일로 - 기타,승용,여,37세,상해없음,보행자,여,80세,중상
노인사고,2.02209E+15,2022년 9월 7일 07시,수요일,부산광역시 부산진구 부전동,경상사고,0,0,1,0,차대사람 - 기타,안전운전불이행,건조,맑음,교차로 - 교차로부근,이륜,남,39세,상해없음,보행자,여,69세,경상
노인사고,2022090700100112,2022년 9월 7일 08시,수요일,부산광역시 사상구 삼락동,중상사고,0,1,0,0,차량단독 - 기타,안전운전불이행,건조,맑음,단일로 - 기타,승용,남,66세,기타불명,,,,
노인사고,2022090700100294,2022년 9월 7일 12시,수요일,부산광역시 해운대구 중동,경상사고,0,0,1,0,차대차 - 기타,기타,건조,맑음,교차로 - 교차로안,승용,남,52세,상해없음,승용,여,65세,경상
노인사고,2022090700100328,2022년 9월 7일 13시,수요일,부산광역시 동래구 온천동,경상사고,0,0,1,0,차대차 - 측면충돌,안전거리미확보,건조,맑음,교차로 - 교차로부근,승용,남,67세,상해없음,승용,남,70세,경상
노인사고,2022090700100358,2022년 9월 7일 14시,수요일,부산광역시 남구 문현동,중상사고,0,1,0,0,차대차 - 측면충돌,안전운전불이행,건조,맑음,단일로 - 기타,이륜,남,70세,중상,승용,남,43세,상해없음
노인사고,2022090700100359,2022년 9월 7일 14시,수요일,부산광역시 수영구 광안동,경상사고,0,0,2,0,차대차 - 추돌,안전운전불이행,건조,맑음,단일로 - 기타,화물,남,60세,상해없음,승용,남,71세,경상
노인사고,2022090700100361,2022년 9월 7일 14시,수요일,부산광역시 강서구 명지동,중상사고,0,2,1,0,차대차 - 추돌,안전운전불이행,건조,맑음,단일로 - 지하차도(도로)내,승용,남,48세,상해없음,승용,여,49세,중상
노인사고,2022090700100363,2022년 9월 7일 14시,수요일,부산광역시 기장군 기장읍,경상사고,0,0,1,0,차대사람 - 기타,안전운전불이행,건조,맑음,단일로 - 기타,승용,여,63세,상해없음,보행자,남,78세,경상
노인사고,2.02209E+15,2022년 9월 7일 16시,수요일,부산광역시 동래구 안락동,중상사고,0,1,0,0,차대사람 - 기타,안전운전불이행,건조,맑음,단일로 - 기타,화물,남,36세,상해없음,보행자,여,74세,중상
노인사고,2022090700100549,2022년 9월 7일 18시,수요일,부산광역시 중구 대청동4가,중상사고,0,1,0,0,차대사람 - 기타,안전운전불이행,건조,맑음,교차로 - 교차로부근,승용,남,29세,상해없음,보행자,남,68세,중상
노인사고,2022090700100596,2022년 9월 7일 19시,수요일,부산광역시 동구 수정동,중상사고,0,1,0,0,차대차 - 기타,안전거리미확보,건조,맑음,단일로 - 기타,승용,남,28세,상해없음,승용,남,70세,상해없음
노인사고,2022090800100041,2022년 9월 8일 05시,목요일,부산광역시 부산진구 당감동,경상사고,0,0,2,0,차대차 - 측면충돌,안전운전불이행,건조,맑음,단일로 - 터널,승용,남,26세,상해없음,승용,남,72세,경상
노인사고,2022090800100052,2022년 9월 8일 06시,목요일,부산광역시 서구 충무동1가,중상사고,0,1,0,0,차대차 - 기타,신호위반,건조,맑음,교차로 - 교차로안,승합,남,49세,상해없음,이륜,남,73세,중상
노인사고,2022090800100221,2022년 9월 8일 11시,목요일,부산광역시 해운대구 중동,경상사고,0,0,1,0,차대차 - 측면충돌,중앙선침범,건조,맑음,단일로 - 기타,승용,여,50세,상해없음,승용,남,68세,경상
노인사고,2022090800100299,2022년 9월 8일 13시,목요일,부산광역시 부산진구 부전동,중상사고,0,1,0,0,차대사람 - 기타,안전운전불이행,건조,맑음,단일로 - 기타,승용,남,81세,상해없음,보행자,남,72세,중상
노인사고,2.02209E+15,2022년 9월 8일 13시,목요일,부산광역시 금정구 서동,중상사고,0,1,0,0,차대사람 - 횡단중,보행자보호의무위반,건조,맑음,교차로 - 교차로횡단보도내,화물,남,56세,상해없음,보행자,여,69세,중상
노인사고,2022090800100465,2022년 9월 8일 16시,목요일,부산광역시 중구 남포동5가,부상신고사고,0,0,0,1,차대사람 - 기타,안전운전불이행,건조,맑음,교차로 - 교차로부근,승합,남,59세,상해없음,보행자,여,70세,부상신고
노인사고,2022090800100785,2022년 9월 8일 22시,목요일,부산광역시 중구 대청동1가,경상사고,0,0,1,0,차대사람 - 횡단중,신호위반,건조,맑음,단일로 - 기타,이륜,남,64세,상해없음,보행자,남,67세,경상
노인사고,2022090900100159,2022년 9월 9일 11시,금요일,부산광역시 서구 동대신동2가,중상사고,0,1,0,0,차대차 - 기타,안전운전불이행,건조,맑음,교차로 - 교차로부근,승용,남,33세,상해없음,기타불명,여,79세,중상
노인사고,2022090900100198,2022년 9월 9일 12시,금요일,부산광역시 금정구 노포동,경상사고,0,0,4,0,차대차 - 기타,안전거리미확보,건조,맑음,단일로 - 기타,승용,여,51세,상해없음,승용,남,41세,경상
노인사고,2022090900100274,2022년 9월 9일 14시,금요일,부산광역시 해운대구 좌동,중상사고,0,1,0,0,차대차 - 측면충돌,안전운전불이행,건조,맑음,기타 - 기타,이륜,남,19세,상해없음,승용,남,68세,중상
노인사고,2022090900100306,2022년 9월 9일 15시,금요일,부산광역시 해운대구 우동,경상사고,0,0,1,0,차대사람 - 보도통행중,기타,건조,맑음,기타 - 기타,자전거,기타불명,미분류,기타불명,보행자,여,67세,경상
노인사고,2022090900100392,2022년 9월 9일 18시,금요일,부산광역시 부산진구 부암동,중상사고,0,1,1,0,차대차 - 기타,안전운전불이행,건조,맑음,단일로 - 기타,이륜,남,66세,경상,이륜,남,31세,중상
노인사고,2022090900100423,2022년 9월 9일 19시,금요일,부산광역시 금정구 금사동,경상사고,0,0,3,0,차대차 - 기타,안전운전불이행,건조,맑음,단일로 - 기타,승용,남,72세,경상,승용,남,54세,경상
노인사고,2022091000100096,2022년 9월 10일 10시,토요일,부산광역시 금정구 서동,경상사고,0,0,1,0,차대사람 - 횡단중,신호위반,건조,맑음,교차로 - 교차로횡단보도내,승용,남,63세,상해없음,보행자,여,72세,경상
노인사고,2022091000100121,2022년 9월 10일 11시,토요일,부산광역시 기장군 정관읍,경상사고,0,0,3,0,차대차 - 추돌,안전거리미확보,건조,맑음,교차로 - 교차로부근,승용,남,46세,상해없음,화물,남,65세,경상
노인사고,2022091100100087,2022년 9월 11일 11시,일요일,부산광역시 해운대구 우동,중상사고,0,2,5,0,차대차 - 추돌,안전운전불이행,건조,맑음,교차로 - 교차로부근,승용,남,71세,상해없음,화물,남,62세,중상
노인사고,2022091100100223,2022년 9월 11일 16시,일요일,부산광역시 사하구 괴정동,경상사고,0,0,5,0,차대차 - 추돌,안전운전불이행,건조,맑음,단일로 - 지하차도(도로)내,화물,남,50세,상해없음,승용,남,67세,경상
노인사고,2022091200100158,2022년 9월 12일 13시,월요일,부산광역시 해운대구 중동,부상신고사고,0,0,0,1,차대차 - 기타,안전운전불이행,건조,맑음,교차로 - 교차로부근,승용,여,67세,상해없음,승용,여,66세,부상신고