사고부문,사고번호,사고일시,요일,시군구,사고내용,사망자수,중상자수,경상자수,부상신고자수,사고유형,법규위반,노면상태,기상상태,도로형태,가해운전자 차종,가해운전자 성별,가해운전자 연령,가해운전자 상해정도,피해운전자 차종,피해운전자 성별,피해운전자 연령,피해운전자 상해정도
노인사고,2022091300100031,2022년 9월 13일 06시,화요일,부산광역시 사하구 감천동,중상사고,0,1,1,0,차대사람 - 횡단중,안전운전불이행,건조,맑음,단일로 - 기타,자전거,남,28세,경상,보행자,여,68세,중상
노인사고,2022091300100137,2022년 9월 13일 10시,화요일,부산광역시 금정구 부곡동,경상사고,0,0,1,0,차대차 - 기타,안전거리미확보,건조,맑음,단일로 - 기타,승용,남,75세,상해없음,승합,남,48세,상해없음
노인사고,2022091300100156,2022년 9월 13일 11시,화요일,부산광역시 연제구 연산동,중상사고,0,1,0,0,차대사람 - 횡단중,보행자보호의무위반,건조,맑음,교차로 - 교차로횡단보도내,화물,남,33세,상해없음,보행자,남,70세,중상
노인사고,2022091300100191,2022년 9월 13일 12시,화요일,부산광역시 금정구 금성동,중상사고,0,1,0,0,차량단독 - 공작물충돌,안전운전불이행,건조,맑음,단일로 - 기타,화물,남,69세,중상,,,,
노인사고,2022091300100192,2022년 9월 13일 12시,화요일,부산광역시 사상구 주례동,사망사고,1,2,1,0,차대사람 - 보도통행중,안전운전불이행,건조,맑음,단일로 - 지하차도(도로)내,승용,여,54세,상해없음,보행자,여,18세,경상
노인사고,2022091300100417,2022년 9월 13일 19시,화요일,부산광역시 동래구 온천동,중상사고,0,1,0,0,차대사람 - 기타,보행자보호의무위반,건조,맑음,단일로 - 기타,승용,남,56세,상해없음,보행자,남,73세,중상
노인사고,2022091400100032,2022년 9월 14일 06시,수요일,부산광역시 강서구 명지동,경상사고,0,0,1,0,차대차 - 측면충돌,신호위반,건조,맑음,교차로 - 교차로안,승용,남,36세,상해없음,화물,남,65세,경상
노인사고,2022091400100155,2022년 9월 14일 10시,수요일,부산광역시 동래구 사직동,중상사고,0,1,0,0,차대사람 - 횡단중,불법유턴,건조,맑음,교차로 - 교차로안,승용,남,36세,상해없음,보행자,여,67세,중상
노인사고,2022091400100402,2022년 9월 14일 18시,수요일,부산광역시 북구 만덕동,경상사고,0,0,1,0,차대사람 - 기타,보행자보호의무위반,건조,맑음,교차로 - 교차로횡단보도내,승용,남,34세,상해없음,보행자,남,75세,경상
노인사고,2022091400100404,2022년 9월 14일 18시,수요일,부산광역시 사상구 모라동,경상사고,0,0,1,0,차대차 - 추돌,안전거리미확보,건조,맑음,단일로 - 기타,승용,남,23세,상해없음,승용,여,67세,경상
노인사고,2022091400100444,2022년 9월 14일 19시,수요일,부산광역시 부산진구 부전동,경상사고,0,0,1,0,차대차 - 기타,차로위반,건조,맑음,교차로 - 교차로안,이륜,남,19세,상해없음,승합,남,57세,상해없음
노인사고,2022091500100075,2022년 9월 15일 08시,목요일,부산광역시 수영구 광안동,경상사고,0,0,2,0,차대차 - 측면충돌,안전운전불이행,건조,맑음,교차로 - 교차로안,이륜,남,69세,경상,승용,여,55세,상해없음
노인사고,2022091500100077,2022년 9월 15일 08시,목요일,부산광역시 동래구 안락동,중상사고,0,3,5,0,차량단독 - 기타,안전운전불이행,건조,맑음,단일로 - 기타,승합,남,54세,상해없음,,,,
노인사고,2022091500100119,2022년 9월 15일 09시,목요일,부산광역시 해운대구 반송동,중상사고,0,1,0,0,차대사람 - 기타,안전운전불이행,건조,맑음,단일로 - 기타,승용,남,74세,상해없음,보행자,여,75세,중상
노인사고,2022091500100174,2022년 9월 15일 11시,목요일,부산광역시 동구 초량동,중상사고,0,2,3,0,차대차 - 기타,교차로운행방법위반,건조,맑음,교차로 - 교차로안,특수,남,39세,상해없음,승용,남,72세,경상
노인사고,2022091500100176,2022년 9월 15일 11시,목요일,부산광역시 사상구 주례동,경상사고,0,0,1,0,차대사람 - 횡단중,신호위반,건조,맑음,교차로 - 교차로부근,승용,남,40세,기타불명,보행자,여,67세,경상
노인사고,2022091500100311,2022년 9월 15일 16시,목요일,부산광역시 연제구 거제동,중상사고,0,1,7,1,차대차 - 기타,안전운전불이행,건조,맑음,기타 - 기타,승용,남,71세,부상신고,승합,남,30세,경상
노인사고,2.02209E+15,2022년 9월 16일 10시,금요일,부산광역시 기장군 기장읍,경상사고,0,0,2,0,차대차 - 추돌,안전운전불이행,건조,맑음,교차로 - 교차로부근,승용,남,39세,상해없음,승용,여,67세,경상
노인사고,2022091600100202,2022년 9월 16일 11시,금요일,부산광역시 사상구 주례동,경상사고,0,0,2,4,차대차 - 측면충돌,안전거리미확보,건조,맑음,단일로 - 기타,원동기,남,18세,부상신고,화물,남,65세,상해없음
노인사고,2022091600100232,2022년 9월 16일 12시,금요일,부산광역시 영도구 대교동1가,경상사고,0,0,1,0,차대차 - 기타,안전운전불이행,건조,맑음,교차로 - 교차로안,승용,남,69세,기타불명,승용,여,66세,경상
노인사고,2022091600100233,2022년 9월 16일 12시,금요일,부산광역시 부산진구 당감동,경상사고,0,0,2,0,차대차 - 측면충돌,안전운전불이행,건조,맑음,교차로 - 교차로부근,건설기계,남,63세,상해없음,승용,남,63세,경상
노인사고,2022091600100234,2022년 9월 16일 12시,금요일,부산광역시 부산진구 양정동,중상사고,0,1,0,0,차량단독 - 기타,기타,건조,맑음,단일로 - 기타,승합,남,58세,상해없음,,,,
노인사고,2022091600100235,2022년 9월 16일 12시,금요일,부산광역시 사하구 하단동,중상사고,0,1,1,0,차대차 - 추돌,안전운전불이행,건조,맑음,단일로 - 기타,승용,남,72세,상해없음,승용,남,73세,중상
노인사고,2022091600100265,2022년 9월 16일 13시,금요일,부산광역시 기장군 기장읍,중상사고,0,1,0,0,차대사람 - 횡단중,보행자보호의무위반,건조,맑음,단일로 - 기타,승용,여,66세,상해없음,보행자,여,69세,중상
노인사고,2022091600100367,2022년 9월 16일 16시,금요일,부산광역시 연제구 거제동,경상사고,0,0,2,0,차대차 - 기타,교차로운행방법위반,건조,맑음,교차로 - 교차로안,승용,여,64세,상해없음,승용,남,76세,상해없음
노인사고,2022091600100472,2022년 9월 16일 18시,금요일,부산광역시 부산진구 전포동,경상사고,0,0,1,0,차대차 - 측면충돌,기타,건조,맑음,교차로 - 교차로안,자전거,남,72세,경상,승용,남,33세,상해없음
노인사고,2022091700100135,2022년 9월 17일 09시,토요일,부산광역시 동래구 명륜동,중상사고,0,1,0,0,차대사람 - 기타,안전운전불이행,건조,맑음,단일로 - 기타,승용,남,46세,상해없음,보행자,여,80세,중상
노인사고,2022091700100136,2022년 9월 17일 09시,토요일,부산광역시 부산진구 부전동,경상사고,0,0,1,0,차대사람 - 기타,안전운전불이행,건조,맑음,단일로 - 기타,자전거,남,56세,상해없음,보행자,여,83세,경상
노인사고,2022091700100138,2022년 9월 17일 09시,토요일,부산광역시 금정구 서동,중상사고,0,1,0,0,차대사람 - 기타,안전운전불이행,건조,맑음,단일로 - 기타,승용,남,79세,상해없음,보행자,여,68세,중상
노인사고,2022091700100163,2022년 9월 17일 10시,토요일,부산광역시 기장군 철마면,경상사고,0,0,1,0,차대차 - 추돌,안전운전불이행,건조,맑음,단일로 - 기타,승용,남,26세,상해없음,승용,남,68세,경상
노인사고,2022091700100273,2022년 9월 17일 13시,토요일,부산광역시 해운대구 좌동,경상사고,0,0,1,0,차대차 - 기타,교차로운행방법위반,기타,맑음,단일로 - 기타,승용,여,43세,상해없음,이륜,남,70세,경상
노인사고,2022091700100346,2022년 9월 17일 15시,토요일,부산광역시 남구 용당동,경상사고,0,0,3,0,차대차 - 기타,안전운전불이행,젖음/습기,비,교차로 - 교차로부근,승용,남,55세,경상,승용,남,67세,경상
노인사고,2022091700100378,2022년 9월 17일 16시,토요일,부산광역시 중구 남포동6가,경상사고,0,0,2,0,차대차 - 기타,차로위반,건조,맑음,단일로 - 기타,승용,남,75세,상해없음,승합,남,45세,상해없음
노인사고,2022091800100001,2022년 9월 18일 00시,일요일,부산광역시 북구 구포동,경상사고,0,0,1,0,차대사람 - 기타,기타,건조,맑음,기타 - 기타,승합,남,61세,상해없음,보행자,여,65세,경상
노인사고,2022091800100132,2022년 9월 18일 12시,일요일,부산광역시 동래구 칠산동,경상사고,0,0,1,0,차대차 - 기타,신호위반,건조,맑음,단일로 - 기타,승용,여,36세,상해없음,승합,남,63세,상해없음
노인사고,2022091800100193,2022년 9월 18일 14시,일요일,부산광역시 남구 문현동,중상사고,0,1,3,0,차대차 - 측면충돌,안전운전불이행,건조,맑음,단일로 - 기타,승용,남,32세,상해없음,승용,남,69세,중상
노인사고,2022091800100235,2022년 9월 18일 16시,일요일,부산광역시 동래구 안락동,경상사고,0,0,1,0,차대차 - 측면충돌,교차로운행방법위반,건조,맑음,교차로 - 교차로안,승용,남,41세,상해없음,승용,남,69세,경상
노인사고,2022091800100237,2022년 9월 18일 16시,일요일,부산광역시 부산진구 범천동,경상사고,0,0,1,0,차대사람 - 횡단중,보행자보호의무위반,건조,맑음,교차로 - 교차로횡단보도내,승용,남,68세,상해없음,보행자,남,78세,경상
노인사고,2022091800100304,2022년 9월 18일 18시,일요일,부산광역시 부산진구 당감동,중상사고,0,1,0,0,차대사람 - 횡단중,신호위반,젖음/습기,비,단일로 - 기타,승용,여,57세,상해없음,보행자,여,74세,중상
노인사고,2022091800100305,2022년 9월 18일 18시,일요일,부산광역시 부산진구 부전동,중상사고,0,1,0,0,차대사람 - 횡단중,보행자보호의무위반,젖음/습기,비,교차로 - 교차로횡단보도내,승용,남,58세,상해없음,보행자,여,71세,중상
노인사고,2022091800100375,2022년 9월 18일 20시,일요일,부산광역시 기장군 정관읍,경상사고,0,0,1,0,차대사람 - 기타,안전운전불이행,건조,맑음,기타 - 기타,승용,남,47세,상해없음,보행자,남,72세,경상
노인사고,2022091900100009,2022년 9월 19일 01시,월요일,부산광역시 기장군 장안읍,중상사고,0,1,0,0,차대사람 - 기타,안전운전불이행,건조,맑음,기타 - 기타,승용,남,58세,기타불명,보행자,남,84세,중상
노인사고,2022091900100172,2022년 9월 19일 11시,월요일,부산광역시 해운대구 좌동,중상사고,0,1,0,0,차대사람 - 기타,안전운전불이행,기타,맑음,기타 - 기타,승용,여,64세,상해없음,보행자,여,90세,중상
노인사고,2022091900100218,2022년 9월 19일 13시,월요일,부산광역시 동래구 사직동,경상사고,0,0,1,1,차대차 - 기타,안전거리미확보,건조,맑음,단일로 - 기타,승용,남,50세,경상,승용,남,71세,부상신고
노인사고,2022091900100329,2022년 9월 19일 16시,월요일,부산광역시 강서구 대저1동,중상사고,0,1,0,0,차대차 - 측면충돌,안전운전불이행,건조,맑음,단일로 - 기타,자전거,여,77세,중상,승용,남,68세,상해없음
노인사고,2022091900100372,2022년 9월 19일 17시,월요일,부산광역시 부산진구 가야동,사망사고,1,2,2,0,차대차 - 추돌,기타,건조,맑음,단일로 - 고가도로위,승용,남,24세,상해없음,승용,남,67세,중상
노인사고,2022091900100494,2022년 9월 19일 20시,월요일,부산광역시 부산진구 전포동,경상사고,0,0,1,0,차량단독 - 기타,안전운전불이행,건조,맑음,교차로 - 교차로안,승합,남,37세,상해없음,,,,
노인사고,2022091900100495,2022년 9월 19일 20시,월요일,부산광역시 사상구 모라동,사망사고,1,0,0,0,차대사람 - 횡단중,안전운전불이행,건조,맑음,기타 - 기타,승합,남,37세,상해없음,보행자,여,71세,사망
노인사고,2.02209E+15,2022년 9월 19일 22시,월요일,부산광역시 연제구 연산동,중상사고,0,1,0,0,차대차 - 기타,안전운전불이행,건조,맑음,단일로 - 기타,기타불명,기타불명,미분류,기타불명,자전거,남,66세,중상
노인사고,2022092000100034,2022년 9월 20일 05시,화요일,부산광역시 부산진구 범천동,경상사고,0,0,1,0,차대차 - 추돌,안전운전불이행,건조,맑음,단일로 - 기타,승용,남,42세,상해없음,승용,남,72세,경상
노인사고,2022092000100238,2022년 9월 20일 12시,화요일,부산광역시 사하구 다대동,경상사고,0,0,1,0,차대차 - 추돌,안전거리미확보,건조,맑음,교차로 - 교차로부근,이륜,남,68세,상해없음,승용,남,65세,경상
노인사고,2022092000100302,2022년 9월 20일 14시,화요일,부산광역시 동래구 수안동,중상사고,0,1,0,0,차대사람 - 횡단중,보행자보호의무위반,건조,맑음,단일로 - 기타,승용,남,41세,상해없음,보행자,여,71세,중상
노인사고,2022092000100338,2022년 9월 20일 15시,화요일,부산광역시 수영구 광안동,부상신고사고,0,0,0,1,차대차 - 측면충돌,안전운전불이행,건조,맑음,교차로 - 교차로안,승용,남,75세,상해없음,자전거,남,80세,부상신고
노인사고,2022092000100383,2022년 9월 20일 16시,화요일,부산광역시 기장군 기장읍,경상사고,0,0,1,0,차대사람 - 차도통행중,안전운전불이행,건조,맑음,단일로 - 기타,승용,남,61세,상해없음,보행자,여,65세,경상
노인사고,2022092000100518,2022년 9월 20일 19시,화요일,부산광역시 강서구 신호동,경상사고,0,0,1,0,차대사람 - 길가장자리구역통행중,안전운전불이행,건조,맑음,단일로 - 기타,화물,남,46세,상해없음,보행자,남,77세,경상
노인사고,2022092000100585,2022년 9월 20일 21시,화요일,부산광역시 동래구 온천동,경상사고,0,0,1,0,차대차 - 측면충돌,안전운전불이행,건조,맑음,교차로 - 교차로부근,승용,남,47세,상해없음,승용,남,70세,경상
노인사고,2022092100100083,2022년 9월 21일 08시,수요일,부산광역시 동래구 명륜동,중상사고,0,1,1,0,차대차 - 측면충돌,교차로운행방법위반,건조,맑음,교차로 - 교차로안,승용,남,75세,경상,승용,여,43세,중상
노인사고,2022092100100123,2022년 9월 21일 09시,수요일,부산광역시 영도구 청학동,중상사고,0,1,0,0,차대사람 - 기타,안전운전불이행,건조,맑음,교차로 - 교차로안,승용,여,40세,상해없음,보행자,여,87세,중상
노인사고,2022092100100124,2022년 9월 21일 09시,수요일,부산광역시 해운대구 석대동,사망사고,1,0,0,0,차대차 - 기타,안전운전불이행,건조,맑음,단일로 - 기타,승용,남,23세,상해없음,자전거,남,65세,사망
노인사고,2022092100100169,2022년 9월 21일 10시,수요일,부산광역시 부산진구 개금동,경상사고,0,0,1,0,차대차 - 측면충돌,직진우회전진행방해,건조,맑음,교차로 - 교차로안,승용,남,52세,상해없음,이륜,남,77세,경상
노인사고,2022092100100245,2022년 9월 21일 12시,수요일,부산광역시 수영구 망미동,경상사고,0,0,1,1,차대차 - 추돌,안전거리미확보,건조,맑음,교차로 - 교차로안,승용,여,41세,상해없음,승용,여,76세,부상신고
노인사고,2022092100100246,2022년 9월 21일 12시,수요일,부산광역시 기장군 정관읍,중상사고,0,1,0,0,차대사람 - 기타,안전운전불이행,건조,맑음,단일로 - 기타,승합,남,64세,상해없음,보행자,여,75세,중상
노인사고,2022092100100283,2022년 9월 21일 13시,수요일,부산광역시 해운대구 좌동,중상사고,0,1,0,0,차대사람 - 횡단중,보행자보호의무위반,기타,맑음,단일로 - 기타,승합,남,42세,상해없음,보행자,남,78세,중상
노인사고,2022092100100315,2022년 9월 21일 14시,수요일,부산광역시 해운대구 재송동,중상사고,0,1,1,0,차대차 - 추돌,안전거리미확보,건조,맑음,단일로 - 기타,승용,여,52세,상해없음,승용,여,24세,경상
노인사고,2022092100100317,2022년 9월 21일 14시,수요일,부산광역시 해운대구 중동,경상사고,0,0,1,0,차대차 - 정면충돌,안전운전불이행,건조,맑음,교차로 - 교차로안,승용,남,68세,상해없음,승용,남,73세,경상
노인사고,2.02209E+15,2022년 9월 21일 17시,수요일,부산광역시 동구 초량동,경상사고,0,0,2,0,차대차 - 측면충돌,교차로운행방법위반,건조,맑음,교차로 - 교차로안,승용,여,43세,경상,승용,남,71세,경상
노인사고,2022092100100451,2022년 9월 21일 17시,수요일,부산광역시 수영구 민락동,부상신고사고,0,0,0,1,차대사람 - 기타,안전운전불이행,건조,맑음,단일로 - 기타,승합,남,54세,상해없음,보행자,여,70세,부상신고
노인사고,2022092100100591,2022년 9월 21일 20시,수요일,부산광역시 연제구 연산동,경상사고,0,0,2,0,차대사람 - 기타,안전운전불이행,건조,맑음,단일로 - 기타,승용,여,29세,상해없음,보행자,남,67세,경상
노인사고,2022092200100002,2022년 9월 22일 00시,목요일,부산광역시 동래구 낙민동,사망사고,1,0,0,0,차대사람 - 차도통행중,안전운전불이행,건조,맑음,단일로 - 기타,승용,남,73세,상해없음,보행자,여,77세,사망
노인사고,2022092200100019,2022년 9월 22일 02시,목요일,부산광역시 부산진구 양정동,경상사고,0,0,2,0,차대차 - 기타,안전거리미확보,건조,맑음,단일로 - 기타,승용,남,34세,상해없음,승용,남,70세,경상
노인사고,2022092200100189,2022년 9월 22일 10시,목요일,부산광역시 동래구 사직동,중상사고,0,1,0,0,차대사람 - 횡단중,보행자보호의무위반,건조,맑음,단일로 - 지하차도(도로)내,승용,남,80세,상해없음,보행자,여,75세,중상
노인사고,2022092200100223,2022년 9월 22일 11시,목요일,부산광역시 영도구 영선동1가,경상사고,0,0,4,0,차대차 - 후진중충돌,불법유턴,건조,맑음,단일로 - 기타,특수,남,56세,기타불명,승용,남,53세,경상
노인사고,2022092200100318,2022년 9월 22일 14시,목요일,부산광역시 동래구 낙민동,중상사고,0,1,0,0,차대차 - 측면충돌,안전운전불이행,건조,맑음,교차로 - 교차로안,승용,남,56세,상해없음,이륜,남,72세,중상
노인사고,2022092200100423,2022년 9월 22일 17시,목요일,부산광역시 수영구 민락동,중상사고,0,1,0,0,차대차 - 추돌,안전운전불이행,건조,맑음,단일로 - 기타,승용,여,38세,상해없음,승용,남,67세,중상
노인사고,2022092300100156,2022년 9월 23일 10시,금요일,부산광역시 금정구 오륜동,사망사고,1,0,0,0,차량단독 - 기타,안전운전불이행,건조,맑음,단일로 - 기타,자전거,여,75세,사망,,,,
노인사고,2022092300100158,2022년 9월 23일 10시,금요일,부산광역시 수영구 수영동,중상사고,0,1,0,0,차대사람 - 기타,안전운전불이행,건조,맑음,교차로 - 교차로안,화물,남,39세,상해없음,보행자,여,81세,중상
노인사고,2022092300100266,2022년 9월 23일 13시,금요일,부산광역시 사상구 덕포동,부상신고사고,0,0,0,1,차대차 - 측면충돌,중앙선침범,건조,맑음,단일로 - 기타,자전거,남,79세,부상신고,승용,남,76세,상해없음
노인사고,2022092300100348,2022년 9월 23일 15시,금요일,부산광역시 해운대구 우동,중상사고,0,2,0,0,차대차 - 추돌,안전거리미확보,건조,맑음,단일로 - 교량,특수,남,44세,상해없음,승용,남,74세,중상
노인사고,2022092300100392,2022년 9월 23일 16시,금요일,부산광역시 사상구 엄궁동,경상사고,0,0,2,0,차대차 - 측면충돌,안전거리미확보,건조,맑음,단일로 - 기타,승용,남,64세,상해없음,승용,남,54세,경상
노인사고,2022092300100393,2022년 9월 23일 16시,금요일,부산광역시 기장군 기장읍,중상사고,0,1,0,0,차대사람 - 기타,안전운전불이행,건조,맑음,단일로 - 기타,승합,남,42세,상해없음,보행자,여,67세,중상
노인사고,2022092300100442,2022년 9월 23일 17시,금요일,부산광역시 금정구 부곡동,경상사고,0,0,1,0,차대차 - 기타,안전운전불이행,건조,맑음,단일로 - 기타,승용,여,59세,상해없음,승용,남,67세,경상
노인사고,2022092300100668,2022년 9월 23일 23시,금요일,부산광역시 강서구 명지동,중상사고,0,1,1,0,차대차 - 기타,안전운전불이행,건조,맑음,단일로 - 기타,승용,남,42세,상해없음,승용,남,67세,경상
노인사고,2022092400100137,2022년 9월 24일 10시,토요일,부산광역시 해운대구 반여동,중상사고,0,1,0,0,차량단독 - 기타,안전운전불이행,건조,맑음,단일로 - 기타,승합,남,49세,상해없음,,,,
노인사고,2022092400100138,2022년 9월 24일 10시,토요일,부산광역시 부산진구 부전동,경상사고,0,0,1,0,차대차 - 추돌,안전운전불이행,건조,맑음,교차로 - 교차로부근,승용,남,24세,상해없음,승용,남,75세,경상
노인사고,2022092400100174,2022년 9월 24일 11시,토요일,부산광역시 금정구 서동,경상사고,0,0,1,0,차대사람 - 기타,안전운전불이행,건조,맑음,교차로 - 교차로안,승용,남,70세,상해없음,보행자,여,68세,경상
노인사고,2022092400100225,2022년 9월 24일 12시,토요일,부산광역시 서구 아미동2가,경상사고,0,0,1,0,차대사람 - 횡단중,신호위반,건조,맑음,교차로 - 교차로안,승용,남,51세,상해없음,보행자,남,76세,경상
노인사고,2022092400100278,2022년 9월 24일 13시,토요일,부산광역시 동래구 수안동,경상사고,0,0,2,1,차대차 - 추돌,안전운전불이행,건조,맑음,단일로 - 기타,승용,남,62세,상해없음,승용,남,70세,경상
노인사고,2022092400100372,2022년 9월 24일 15시,토요일,부산광역시 부산진구 부전동,경상사고,0,0,7,0,차대차 - 기타,신호위반,건조,맑음,교차로 - 교차로부근,승용,남,28세,상해없음,승합,남,66세,경상
노인사고,2022092400100415,2022년 9월 24일 16시,토요일,부산광역시 금정구 서동,부상신고사고,0,0,0,1,차대차 - 기타,안전운전불이행,건조,맑음,교차로 - 교차로안,승용,남,68세,부상신고,승용,남,49세,상해없음
노인사고,2022092400100493,2022년 9월 24일 18시,토요일,부산광역시 부산진구 부전동,부상신고사고,0,0,0,1,차대사람 - 기타,안전운전불이행,건조,맑음,단일로 - 기타,승용,남,73세,상해없음,보행자,남,66세,부상신고
노인사고,2022092500100049,2022년 9월 25일 05시,일요일,부산광역시 사상구 괘법동,중상사고,0,1,0,0,차대사람 - 횡단중,안전운전불이행,건조,맑음,교차로 - 교차로부근,이륜,남,18세,상해없음,보행자,남,72세,중상
노인사고,2022092500100072,2022년 9월 25일 08시,일요일,부산광역시 남구 문현동,중상사고,0,1,0,0,차대사람 - 보도통행중,안전운전불이행,건조,맑음,단일로 - 기타,승용,남,50세,상해없음,보행자,남,87세,중상
노인사고,2022092500100088,2022년 9월 25일 09시,일요일,부산광역시 사하구 하단동,경상사고,0,0,1,0,차대차 - 후진중충돌,안전운전불이행,건조,맑음,교차로 - 교차로부근,승용,남,60세,상해없음,승용,남,66세,경상
노인사고,2022092500100451,2022년 9월 25일 22시,일요일,부산광역시 기장군 기장읍,경상사고,0,0,1,2,차대차 - 추돌,안전운전불이행,건조,맑음,교차로 - 교차로안,화물,남,49세,상해없음,승용,남,74세,경상
노인사고,2022092600100056,2022년 9월 26일 07시,월요일,부산광역시 서구 동대신동2가,경상사고,0,0,1,0,차대차 - 기타,교차로운행방법위반,건조,맑음,교차로 - 교차로안,개인형이동수단(PM),남,70세,경상,승용,여,50세,상해없음
노인사고,2022092600100057,2022년 9월 26일 07시,월요일,부산광역시 부산진구 전포동,경상사고,0,0,1,0,차대차 - 기타,불법유턴,건조,기타,교차로 - 교차로부근,승용,남,67세,상해없음,이륜,남,72세,경상
노인사고,2022092600100089,2022년 9월 26일 08시,월요일,부산광역시 해운대구 우동,중상사고,0,1,0,0,차대사람 - 횡단중,신호위반,건조,맑음,교차로 - 교차로횡단보도내,승용,여,69세,상해없음,보행자,여,74세,중상
노인사고,2022092600100091,2022년 9월 26일 08시,월요일,부산광역시 사하구 감천동,중상사고,0,1,0,0,차대차 - 측면충돌,신호위반,건조,맑음,교차로 - 교차로안,승용,남,25세,상해없음,이륜,남,67세,중상
노인사고,2022092600100327,2022년 9월 26일 15시,월요일,부산광역시 사하구 구평동,중상사고,0,2,0,0,차대차 - 측면충돌,안전거리미확보,건조,맑음,단일로 - 기타,화물,남,42세,상해없음,이륜,남,73세,중상
노인사고,2022092600100329,2022년 9월 26일 15시,월요일,부산광역시 사상구 모라동,중상사고,0,1,0,0,차대차 - 측면충돌,안전운전불이행,건조,맑음,교차로 - 교차로부근,승용,남,45세,상해없음,승용,남,68세,중상
노인사고,2022092600100489,2022년 9월 26일 19시,월요일,부산광역시 금정구 노포동,중상사고,0,1,0,0,차대차 - 측면충돌,불법유턴,건조,맑음,교차로 - 교차로안,승용,남,63세,상해없음,승용,남,67세,중상
노인사고,2022092700100019,2022년 9월 27일 03시,화요일,부산광역시 동구 초량동,경상사고,0,0,1,0,차대차 - 측면충돌,신호위반,건조,맑음,교차로 - 교차로안,승용,남,67세,상해없음,승용,남,68세,경상
노인사고,2.02209E+15,2022년 9월 27일 13시,화요일,부산광역시 남구 문현동,중상사고,0,1,0,0,차대차 - 기타,안전운전불이행,건조,맑음,교차로 - 교차로안,승합,남,55세,상해없음,승용,여,38세,상해없음
노인사고,2022092700100289,2022년 9월 27일 14시,화요일,부산광역시 금정구 부곡동,중상사고,0,1,0,0,차대사람 - 기타,안전운전불이행,건조,맑음,단일로 - 기타,화물,남,59세,상해없음,보행자,남,76세,중상
노인사고,2022092700100311,2022년 9월 27일 15시,화요일,부산광역시 부산진구 당감동,중상사고,0,1,0,0,차대사람 - 기타,불법유턴,건조,맑음,단일로 - 기타,화물,남,48세,상해없음,보행자,여,85세,중상
노인사고,2022092700100394,2022년 9월 27일 17시,화요일,부산광역시 부산진구 가야동,중상사고,0,1,0,0,차대사람 - 횡단중,보행자보호의무위반,건조,맑음,기타 - 기타,승용,남,70세,상해없음,보행자,여,77세,중상
노인사고,2022092700100605,2022년 9월 27일 21시,화요일,부산광역시 금정구 부곡동,경상사고,0,0,1,0,차량단독 - 기타,기타,건조,맑음,교차로 - 교차로부근,승합,남,59세,상해없음,,,,
노인사고,2022092800100024,2022년 9월 28일 03시,수요일,부산광역시 해운대구 우동,경상사고,0,0,1,0,차대차 - 정면충돌,신호위반,건조,맑음,교차로 - 교차로안,승용,여,25세,상해없음,승용,남,66세,경상
노인사고,2022092800100053,2022년 9월 28일 07시,수요일,부산광역시 남구 용호동,중상사고,0,1,0,0,차대사람 - 횡단중,보행자보호의무위반,건조,맑음,교차로 - 교차로안,화물,남,54세,상해없음,보행자,남,73세,중상
노인사고,2022092800100189,2022년 9월 28일 11시,수요일,부산광역시 해운대구 반송동,경상사고,0,0,1,0,차대사람 - 횡단중,안전운전불이행,건조,맑음,교차로 - 교차로안,승용,남,60세,상해없음,보행자,여,65세,경상
노인사고,2022092800100218,2022년 9월 28일 12시,수요일,부산광역시 수영구 광안동,경상사고,0,0,2,0,차대차 - 추돌,안전운전불이행,건조,맑음,교차로 - 교차로부근,승용,여,67세,상해없음,승용,여,70세,경상
노인사고,2022092800100251,2022년 9월 28일 13시,수요일,부산광역시 부산진구 개금동,중상사고,0,1,0,0,차대사람 - 횡단중,보행자보호의무위반,건조,맑음,교차로 - 교차로횡단보도내,승용,남,62세,상해없음,보행자,남,67세,중상
노인사고,2022092800100361,2022년 9월 28일 16시,수요일,부산광역시 부산진구 범천동,중상사고,0,1,0,0,차대사람 - 기타,안전운전불이행,건조,맑음,단일로 - 기타,승합,남,60세,상해없음,보행자,여,85세,중상
노인사고,2022092800100395,2022년 9월 28일 17시,수요일,부산광역시 금정구 회동동,경상사고,0,0,1,0,차대사람 - 기타,안전운전불이행,건조,맑음,기타 - 기타,승용,남,73세,경상,보행자,여,59세,기타불명
노인사고,2022092800100597,2022년 9월 28일 23시,수요일,부산광역시 강서구 명지동,중상사고,0,1,0,0,차대차 - 측면충돌,신호위반,건조,맑음,교차로 - 교차로안,승용,남,57세,상해없음,승용,남,74세,중상
노인사고,2022092900100092,2022년 9월 29일 08시,목요일,부산광역시 남구 대연동,경상사고,0,0,2,1,차대차 - 측면충돌,중앙선침범,건조,맑음,단일로 - 기타,승용,남,69세,경상,승용,남,25세,경상
노인사고,2022092900100136,2022년 9월 29일 09시,목요일,부산광역시 사상구 주례동,중상사고,0,1,0,0,차대사람 - 횡단중,신호위반,건조,맑음,교차로 - 교차로횡단보도내,승용,남,63세,상해없음,보행자,남,81세,중상