사고부문,사고번호,사고일시,요일,시군구,사고내용,사망자수,중상자수,경상자수,부상신고자수,사고유형,법규위반,노면상태,기상상태,도로형태,가해운전자 차종,가해운전자 성별,가해운전자 연령,가해운전자 상해정도,피해운전자 차종,피해운전자 성별,피해운전자 연령,피해운전자 상해정도
노인사고,2022092900100167,2022년 9월 29일 10시,목요일,부산광역시 금정구 서동,중상사고,0,1,0,0,차대사람 - 횡단중,안전운전불이행,건조,맑음,교차로 - 교차로안,화물,남,39세,상해없음,보행자,여,72세,중상
노인사고,2022092900100231,2022년 9월 29일 12시,목요일,부산광역시 부산진구 양정동,중상사고,0,1,1,0,차대차 - 기타,안전운전불이행,건조,맑음,교차로 - 교차로부근,승합,남,75세,상해없음,이륜,남,21세,경상
노인사고,2022092900100232,2022년 9월 29일 12시,목요일,부산광역시 사하구 장림동,중상사고,0,1,0,0,차대사람 - 기타,보행자보호의무위반,건조,맑음,교차로 - 교차로부근,화물,남,60세,상해없음,보행자,여,70세,중상
노인사고,2022092900100395,2022년 9월 29일 16시,목요일,부산광역시 서구 암남동,경상사고,0,0,1,0,차대사람 - 횡단중,안전운전불이행,건조,맑음,단일로 - 기타,승용,여,43세,상해없음,보행자,여,66세,경상
노인사고,2022092900100431,2022년 9월 29일 17시,목요일,부산광역시 중구 남포동5가,경상사고,0,0,1,0,차대사람 - 기타,안전운전불이행,건조,맑음,단일로 - 기타,승용,여,28세,상해없음,보행자,남,70세,경상
노인사고,2.02209E+15,2022년 9월 29일 18시,목요일,부산광역시 남구 문현동,경상사고,0,0,1,0,차대사람 - 차도통행중,보행자보호의무위반,건조,맑음,교차로 - 교차로안,승용,남,51세,상해없음,보행자,여,75세,경상
노인사고,2022092900100527,2022년 9월 29일 19시,목요일,부산광역시 동래구 안락동,경상사고,0,0,1,0,차대차 - 추돌,안전운전불이행,건조,맑음,단일로 - 기타,승용,남,31세,상해없음,승용,남,75세,경상
노인사고,2022092900100583,2022년 9월 29일 21시,목요일,부산광역시 서구 서대신동3가,중상사고,0,1,0,0,차대사람 - 횡단중,안전운전불이행,건조,맑음,단일로 - 기타,승용,남,62세,상해없음,보행자,여,80세,중상
노인사고,2022093000100065,2022년 9월 30일 06시,금요일,부산광역시 금정구 부곡동,경상사고,0,0,1,0,차대차 - 기타,신호위반,건조,맑음,교차로 - 교차로안,승용,남,61세,상해없음,승용,남,68세,경상
노인사고,2022093000100146,2022년 9월 30일 09시,금요일,부산광역시 남구 문현동,경상사고,0,0,2,0,차대차 - 기타,안전운전불이행,건조,맑음,기타 - 기타,승용,남,65세,경상,승용,남,59세,경상
노인사고,2022093000100234,2022년 9월 30일 12시,금요일,부산광역시 영도구 동삼동,중상사고,0,1,0,0,차대사람 - 기타,안전운전불이행,건조,맑음,단일로 - 기타,승합,남,54세,기타불명,보행자,여,77세,중상
노인사고,2022093000100273,2022년 9월 30일 13시,금요일,부산광역시 기장군 철마면,경상사고,0,0,5,0,차대차 - 추돌,안전운전불이행,건조,맑음,단일로 - 기타,승용,여,56세,상해없음,승용,남,68세,경상
노인사고,2022093000100385,2022년 9월 30일 16시,금요일,부산광역시 금정구 장전동,부상신고사고,0,0,0,1,차대차 - 측면충돌,안전거리미확보,건조,맑음,단일로 - 기타,자전거,남,65세,부상신고,건설기계,남,62세,상해없음
노인사고,2022093000100432,2022년 9월 30일 17시,금요일,부산광역시 부산진구 양정동,경상사고,0,0,3,0,차대차 - 측면충돌,안전거리미확보,건조,맑음,교차로 - 교차로안,승용,남,70세,상해없음,건설기계,남,45세,경상
노인사고,2022093000100607,2022년 9월 30일 20시,금요일,부산광역시 강서구 신호동,경상사고,0,0,1,0,차대차 - 측면충돌,안전거리미확보,건조,맑음,단일로 - 기타,승용,남,62세,상해없음,승용,남,79세,경상
노인사고,2.0221E+15,2022년 10월 1일 11시,토요일,부산광역시 서구 남부민동,경상사고,0,0,1,0,차대사람 - 기타,안전운전불이행,건조,맑음,기타 - 기타,이륜,남,33세,상해없음,보행자,남,78세,경상
노인사고,2022100100100211,2022년 10월 1일 11시,토요일,부산광역시 북구 구포동,경상사고,0,0,1,0,차대차 - 기타,안전운전불이행,건조,맑음,교차로 - 교차로부근,승용,남,72세,상해없음,이륜,남,42세,상해없음
노인사고,2022100100100241,2022년 10월 1일 12시,토요일,부산광역시 중구 영주동,경상사고,0,0,2,0,차대차 - 측면충돌,교차로운행방법위반,건조,맑음,교차로 - 교차로안,승용,남,72세,경상,승용,남,59세,경상
노인사고,2022100100100329,2022년 10월 1일 14시,토요일,부산광역시 동구 범일동,경상사고,0,0,1,1,차대차 - 측면충돌,신호위반,건조,맑음,교차로 - 교차로안,승용,여,42세,상해없음,승용,남,73세,경상
노인사고,2022100100100364,2022년 10월 1일 15시,토요일,부산광역시 연제구 거제동,경상사고,0,0,2,0,차대차 - 기타,직진우회전진행방해,건조,맑음,교차로 - 교차로안,화물,남,53세,경상,승용,남,68세,경상
노인사고,2022100100100604,2022년 10월 1일 21시,토요일,부산광역시 해운대구 중동,중상사고,0,1,0,0,차대사람 - 횡단중,안전운전불이행,건조,맑음,교차로 - 교차로횡단보도내,승용,남,44세,상해없음,보행자,남,74세,중상
노인사고,2022100100100656,2022년 10월 1일 23시,토요일,부산광역시 북구 덕천동,경상사고,0,0,1,0,차대차 - 측면충돌,안전운전불이행,건조,맑음,교차로 - 교차로부근,승용,남,27세,상해없음,승용,남,68세,경상
노인사고,2.0221E+15,2022년 10월 2일 21시,일요일,부산광역시 남구 용호동,경상사고,0,0,1,0,차대사람 - 기타,보행자보호의무위반,건조,맑음,교차로 - 교차로안,승용,남,76세,상해없음,보행자,여,66세,경상
노인사고,2022100300100004,2022년 10월 3일 00시,월요일,부산광역시 부산진구 전포동,경상사고,0,0,2,0,차대차 - 측면충돌,안전운전불이행,건조,맑음,단일로 - 기타,승용,남,35세,상해없음,승용,여,33세,경상
노인사고,2.0221E+15,2022년 10월 3일 08시,월요일,부산광역시 강서구 대저1동,경상사고,0,0,6,0,차대차 - 측면충돌,안전거리미확보,건조,맑음,단일로 - 기타,승용,여,65세,경상,건설기계,남,70세,경상
노인사고,2022100300100164,2022년 10월 3일 12시,월요일,부산광역시 서구 남부민동,경상사고,0,0,4,0,차대차 - 기타,신호위반,젖음/습기,흐림,교차로 - 교차로부근,승용,남,64세,상해없음,승용,여,33세,경상
노인사고,2022100300100188,2022년 10월 3일 13시,월요일,부산광역시 사하구 괴정동,중상사고,0,1,0,0,차대사람 - 기타,안전운전불이행,건조,맑음,교차로 - 교차로부근,승용,남,56세,상해없음,보행자,여,74세,중상
노인사고,2022100300100218,2022년 10월 3일 14시,월요일,부산광역시 동래구 안락동,경상사고,0,0,1,0,차대차 - 기타,안전운전불이행,젖음/습기,흐림,기타 - 기타,원동기,남,28세,상해없음,원동기,남,67세,경상
노인사고,2022100300100409,2022년 10월 3일 20시,월요일,부산광역시 동구 초량동,경상사고,0,0,1,0,차대차 - 기타,안전운전불이행,건조,맑음,기타 - 기타,승용,남,63세,상해없음,승용,남,68세,경상
노인사고,2022100400100352,2022년 10월 4일 16시,화요일,부산광역시 해운대구 송정동,경상사고,0,0,1,0,차대사람 - 횡단중,안전운전불이행,젖음/습기,비,교차로 - 교차로부근,승합,남,51세,상해없음,보행자,남,77세,경상
노인사고,2022100400100387,2022년 10월 4일 17시,화요일,부산광역시 수영구 광안동,경상사고,0,0,1,0,차량단독 - 기타,기타,젖음/습기,비,단일로 - 기타,승합,남,59세,기타불명,,,,
노인사고,2022100500100033,2022년 10월 5일 05시,수요일,부산광역시 동래구 온천동,중상사고,0,1,0,0,차대사람 - 횡단중,보행자보호의무위반,건조,맑음,교차로 - 교차로안,승용,남,73세,상해없음,보행자,남,70세,중상
노인사고,2022100500100044,2022년 10월 5일 06시,수요일,부산광역시 동래구 온천동,경상사고,0,0,1,0,차대차 - 추돌,안전운전불이행,건조,맑음,교차로 - 교차로부근,승용,남,54세,상해없음,화물,남,65세,경상
노인사고,2022100500100084,2022년 10월 5일 08시,수요일,부산광역시 사상구 괘법동,경상사고,0,0,1,0,차대차 - 측면충돌,안전거리미확보,건조,맑음,교차로 - 교차로안,승용,남,65세,상해없음,승용,남,67세,경상
노인사고,2022100500100125,2022년 10월 5일 09시,수요일,부산광역시 강서구 녹산동,중상사고,0,1,0,0,차대차 - 측면충돌,신호위반,건조,맑음,교차로 - 교차로안,승용,여,68세,상해없음,이륜,남,74세,중상
노인사고,2022100500100156,2022년 10월 5일 10시,수요일,부산광역시 사하구 장림동,경상사고,0,0,1,0,차대차 - 기타,직진우회전진행방해,건조,맑음,단일로 - 지하차도(도로)내,화물,남,53세,상해없음,승용,남,67세,경상
노인사고,2022100500100183,2022년 10월 5일 11시,수요일,부산광역시 부산진구 부전동,경상사고,0,0,1,0,차대차 - 추돌,안전거리미확보,건조,흐림,단일로 - 기타,승용,여,64세,상해없음,이륜,남,66세,경상
노인사고,2022100500100184,2022년 10월 5일 11시,수요일,부산광역시 사하구 하단동,경상사고,0,0,3,0,차대차 - 추돌,안전운전불이행,건조,맑음,교차로 - 교차로부근,건설기계,남,63세,상해없음,승용,여,59세,경상
노인사고,2.0221E+15,2022년 10월 5일 12시,수요일,부산광역시 강서구 강동동,경상사고,0,0,1,0,차대사람 - 길가장자리구역통행중,안전운전불이행,건조,맑음,교차로 - 교차로부근,화물,남,46세,상해없음,보행자,여,65세,경상
노인사고,2022100500100272,2022년 10월 5일 14시,수요일,부산광역시 남구 용호동,중상사고,0,1,0,0,차대사람 - 기타,안전운전불이행,건조,맑음,교차로 - 교차로부근,승용,여,44세,상해없음,보행자,여,79세,중상
노인사고,2022100500100273,2022년 10월 5일 14시,수요일,부산광역시 남구 용호동,경상사고,0,0,1,0,차대사람 - 기타,안전운전불이행,건조,맑음,단일로 - 기타,승용,남,55세,상해없음,보행자,여,81세,경상
노인사고,2022100600100055,2022년 10월 6일 07시,목요일,부산광역시 남구 대연동,중상사고,0,1,0,0,차대사람 - 차도통행중,안전운전불이행,젖음/습기,맑음,교차로 - 교차로부근,건설기계,남,49세,상해없음,보행자,남,74세,중상
노인사고,2022100600100083,2022년 10월 6일 08시,목요일,부산광역시 서구 동대신동1가,경상사고,0,0,1,0,차대사람 - 기타,안전운전불이행,건조,맑음,교차로 - 교차로부근,화물,남,61세,상해없음,보행자,여,69세,경상
노인사고,2022100600100129,2022년 10월 6일 09시,목요일,부산광역시 남구 대연동,중상사고,0,2,0,0,차대차 - 측면충돌,안전운전불이행,건조,맑음,교차로 - 교차로부근,승용,남,63세,상해없음,승용,남,37세,중상
노인사고,2022100600100162,2022년 10월 6일 10시,목요일,부산광역시 금정구 서동,경상사고,0,0,1,0,차대사람 - 기타,안전운전불이행,건조,맑음,단일로 - 기타,승용,여,33세,상해없음,보행자,여,74세,경상
노인사고,2022100600100275,2022년 10월 6일 14시,목요일,부산광역시 부산진구 범천동,경상사고,0,0,1,0,차량단독 - 기타,안전운전불이행,건조,맑음,단일로 - 기타,승합,남,34세,상해없음,,,,
노인사고,2022100600100351,2022년 10월 6일 16시,목요일,부산광역시 동구 수정동,중상사고,0,1,0,0,차대사람 - 차도통행중,보행자보호의무위반,건조,맑음,단일로 - 기타,자전거,남,47세,상해없음,보행자,여,73세,중상
노인사고,2022100700100029,2022년 10월 7일 04시,금요일,부산광역시 서구 초장동,중상사고,0,1,0,0,차대사람 - 횡단중,신호위반,젖음/습기,비,교차로 - 교차로안,승용,남,69세,상해없음,보행자,여,72세,중상
노인사고,2022100700100052,2022년 10월 7일 06시,금요일,부산광역시 강서구 명지동,중상사고,0,1,1,0,차대차 - 추돌,안전운전불이행,건조,맑음,단일로 - 기타,화물,남,63세,상해없음,승용,남,40세,중상
노인사고,2022100700100072,2022년 10월 7일 07시,금요일,부산광역시 사하구 괴정동,중상사고,0,1,0,0,차대사람 - 기타,안전운전불이행,건조,맑음,단일로 - 기타,승용,여,41세,상해없음,보행자,남,73세,중상
노인사고,2022100700100108,2022년 10월 7일 08시,금요일,부산광역시 남구 용호동,중상사고,0,1,0,0,차대사람 - 횡단중,안전운전불이행,건조,맑음,교차로 - 교차로안,승용,여,48세,상해없음,보행자,남,83세,중상
노인사고,2022100700100415,2022년 10월 7일 16시,금요일,부산광역시 남구 문현동,중상사고,0,1,0,0,차대사람 - 기타,안전운전불이행,건조,맑음,단일로 - 기타,승용,여,58세,상해없음,보행자,여,65세,중상
노인사고,2022100700100418,2022년 10월 7일 16시,금요일,부산광역시 사하구 하단동,경상사고,0,0,1,0,차대사람 - 기타,기타,건조,맑음,기타 - 기타,승용,남,71세,기타불명,보행자,남,67세,경상
노인사고,2.0221E+15,2022년 10월 7일 16시,금요일,부산광역시 사상구 덕포동,중상사고,0,1,0,0,차대사람 - 횡단중,보행자보호의무위반,건조,맑음,교차로 - 교차로횡단보도내,승용,여,41세,상해없음,보행자,여,77세,중상
노인사고,2022100700100508,2022년 10월 7일 18시,금요일,부산광역시 사상구 감전동,중상사고,0,1,0,0,차대사람 - 횡단중,안전운전불이행,건조,맑음,교차로 - 교차로안,승용,남,50세,상해없음,보행자,남,70세,중상
노인사고,2022100700100565,2022년 10월 7일 19시,금요일,부산광역시 부산진구 전포동,중상사고,0,1,0,0,차대사람 - 횡단중,안전운전불이행,건조,맑음,교차로 - 교차로안,승용,남,32세,상해없음,보행자,여,70세,중상
노인사고,2022100700100606,2022년 10월 7일 20시,금요일,부산광역시 사하구 괴정동,경상사고,0,0,1,1,차대차 - 측면충돌,안전운전불이행,건조,맑음,단일로 - 기타,이륜,남,31세,부상신고,승용,남,67세,경상
노인사고,2022100800100076,2022년 10월 8일 06시,토요일,부산광역시 수영구 광안동,사망사고,1,0,0,0,차대사람 - 횡단중,기타,건조,맑음,단일로 - 기타,승용,남,61세,상해없음,보행자,남,76세,사망
노인사고,2022100800100077,2022년 10월 8일 06시,토요일,부산광역시 강서구 대저2동,중상사고,0,1,0,0,차대차 - 측면충돌,교차로운행방법위반,건조,맑음,교차로 - 교차로안,승용,남,45세,상해없음,화물,남,71세,중상
노인사고,2022100800100241,2022년 10월 8일 12시,토요일,부산광역시 사하구 장림동,부상신고사고,0,0,0,1,차대차 - 측면충돌,안전운전불이행,건조,맑음,교차로 - 교차로안,이륜,남,70세,부상신고,승용,남,42세,상해없음
노인사고,2022100800100364,2022년 10월 8일 15시,토요일,부산광역시 해운대구 우동,부상신고사고,0,0,0,1,차대차 - 측면충돌,안전운전불이행,건조,맑음,단일로 - 기타,자전거,남,14세,상해없음,자전거,남,85세,부상신고
노인사고,2022100800100402,2022년 10월 8일 16시,토요일,부산광역시 서구 토성동3가,경상사고,0,0,1,0,차대차 - 측면충돌,교차로운행방법위반,건조,맑음,교차로 - 교차로안,승용,남,76세,상해없음,이륜,남,83세,경상
노인사고,2022100800100445,2022년 10월 8일 17시,토요일,부산광역시 부산진구 부암동,경상사고,0,0,3,0,차대차 - 기타,교차로운행방법위반,건조,맑음,교차로 - 교차로안,승용,남,76세,경상,승용,여,34세,경상
노인사고,2.0221E+15,2022년 10월 8일 18시,토요일,부산광역시 수영구 망미동,중상사고,0,1,0,0,차대차 - 기타,교차로운행방법위반,건조,맑음,교차로 - 교차로안,화물,남,37세,상해없음,승용,남,70세,상해없음
노인사고,2022100800100542,2022년 10월 8일 19시,토요일,부산광역시 강서구 명지동,중상사고,0,1,1,0,차대차 - 측면충돌,신호위반,건조,맑음,단일로 - 기타,승용,남,37세,상해없음,승용,남,74세,경상
노인사고,2022100800100582,2022년 10월 8일 20시,토요일,부산광역시 기장군 정관읍,중상사고,0,4,3,0,차대차 - 추돌,안전운전불이행,건조,맑음,교차로 - 교차로부근,건설기계,남,55세,상해없음,승용,여,41세,중상
노인사고,2022100800100633,2022년 10월 8일 22시,토요일,부산광역시 중구 남포동5가,중상사고,0,1,0,0,차대사람 - 횡단중,안전운전불이행,건조,맑음,단일로 - 기타,이륜,남,27세,기타불명,보행자,남,71세,중상
노인사고,2022100900100017,2022년 10월 9일 01시,일요일,부산광역시 기장군 기장읍,경상사고,0,0,1,0,차대차 - 측면충돌,안전운전불이행,건조,맑음,단일로 - 기타,승용,남,28세,상해없음,승용,여,70세,경상
노인사고,2022100900100297,2022년 10월 9일 17시,일요일,부산광역시 기장군 철마면,경상사고,0,0,2,0,차대차 - 기타,안전운전불이행,건조,맑음,단일로 - 기타,승용,남,70세,기타불명,승합,남,62세,상해없음
노인사고,2022100900100438,2022년 10월 9일 20시,일요일,부산광역시 남구 대연동,중상사고,0,1,0,0,차대사람 - 보도통행중,안전운전불이행,젖음/습기,비,단일로 - 기타,이륜,남,36세,상해없음,보행자,여,68세,중상
노인사고,2022101000100284,2022년 10월 10일 16시,월요일,부산광역시 금정구 구서동,사망사고,1,0,0,0,차대차 - 추돌,안전운전불이행,건조,맑음,단일로 - 기타,원동기,남,76세,사망,승용,여,72세,기타불명
노인사고,2022101000100386,2022년 10월 10일 19시,월요일,부산광역시 사상구 괘법동,중상사고,0,1,0,0,차대사람 - 기타,안전운전불이행,건조,맑음,교차로 - 교차로부근,승용,남,35세,기타불명,보행자,남,77세,중상
노인사고,2022101100100142,2022년 10월 11일 09시,화요일,부산광역시 영도구 청학동,경상사고,0,0,1,0,차대사람 - 기타,안전운전불이행,건조,맑음,기타 - 기타,승용,남,62세,상해없음,보행자,여,75세,경상
노인사고,2022101100100145,2022년 10월 11일 09시,화요일,부산광역시 기장군 장안읍,경상사고,0,0,1,0,차대차 - 기타,안전거리미확보,건조,맑음,단일로 - 기타,기타불명,기타불명,미분류,기타불명,승합,남,61세,상해없음
노인사고,2022101100100187,2022년 10월 11일 10시,화요일,부산광역시 부산진구 가야동,경상사고,0,0,1,0,차대차 - 측면충돌,안전운전불이행,건조,맑음,단일로 - 기타,승용,남,72세,상해없음,승용,남,67세,경상
노인사고,2022101100100284,2022년 10월 11일 13시,화요일,부산광역시 중구 신창동1가,경상사고,0,0,1,0,차대사람 - 기타,안전운전불이행,건조,맑음,단일로 - 기타,승용,남,69세,상해없음,보행자,여,67세,경상
노인사고,2022101100100321,2022년 10월 11일 14시,화요일,부산광역시 동구 초량동,중상사고,0,1,0,0,차대사람 - 횡단중,안전운전불이행,건조,맑음,단일로 - 기타,승용,남,40세,상해없음,보행자,남,90세,중상
노인사고,2022101100100372,2022년 10월 11일 15시,화요일,부산광역시 남구 대연동,경상사고,0,0,1,0,차대사람 - 기타,안전운전불이행,건조,맑음,단일로 - 기타,기타불명,기타불명,미분류,기타불명,보행자,여,73세,경상
노인사고,2022101100100373,2022년 10월 11일 15시,화요일,부산광역시 금정구 구서동,사망사고,1,0,0,0,차대사람 - 차도통행중,안전운전불이행,건조,맑음,단일로 - 기타,승합,남,26세,상해없음,보행자,여,80세,사망
노인사고,2022101100100468,2022년 10월 11일 17시,화요일,부산광역시 부산진구 당감동,중상사고,0,1,0,0,차대차 - 측면충돌,직진우회전진행방해,건조,맑음,교차로 - 교차로안,이륜,남,72세,중상,승용,남,54세,상해없음
노인사고,2022101100100523,2022년 10월 11일 18시,화요일,부산광역시 연제구 거제동,경상사고,0,0,1,0,차대차 - 측면충돌,안전운전불이행,건조,맑음,단일로 - 기타,승용,남,55세,상해없음,자전거,남,83세,경상
노인사고,2022101200100018,2022년 10월 12일 02시,수요일,부산광역시 금정구 부곡동,경상사고,0,0,1,0,차대차 - 추돌,안전운전불이행,건조,맑음,교차로 - 교차로부근,승용,남,47세,상해없음,승용,남,66세,경상
노인사고,2022101200100027,2022년 10월 12일 05시,수요일,부산광역시 서구 동대신동1가,중상사고,0,1,0,0,차대사람 - 기타,안전운전불이행,건조,맑음,단일로 - 기타,승용,남,57세,상해없음,보행자,여,76세,중상
노인사고,2022101200100381,2022년 10월 12일 16시,수요일,부산광역시 서구 동대신동2가,경상사고,0,0,1,0,차대사람 - 횡단중,기타,건조,맑음,단일로 - 기타,승용,남,36세,상해없음,보행자,여,66세,경상
노인사고,2022101300100012,2022년 10월 13일 01시,목요일,부산광역시 금정구 남산동,경상사고,0,0,1,0,차대차 - 기타,안전운전불이행,건조,맑음,교차로 - 교차로안,승용,남,63세,상해없음,승합,남,65세,경상
노인사고,2022101300100314,2022년 10월 13일 14시,목요일,부산광역시 해운대구 중동,경상사고,0,0,1,0,차대사람 - 기타,안전운전불이행,건조,맑음,기타 - 기타,승용,여,60세,상해없음,보행자,남,89세,경상
노인사고,2022101300100433,2022년 10월 13일 17시,목요일,부산광역시 영도구 청학동,중상사고,0,1,0,0,차대차 - 측면충돌,안전운전불이행,건조,맑음,기타 - 기타,승합,남,48세,상해없음,이륜,남,81세,중상
노인사고,2022101300100436,2022년 10월 13일 17시,목요일,부산광역시 강서구 신호동,경상사고,0,0,1,0,차대차 - 추돌,안전운전불이행,건조,기타,교차로 - 교차로부근,승용,남,53세,상해없음,승용,남,69세,경상
노인사고,2022101300100485,2022년 10월 13일 18시,목요일,부산광역시 금정구 장전동,경상사고,0,0,1,0,차대차 - 기타,안전운전불이행,건조,맑음,단일로 - 기타,승용,여,53세,상해없음,승용,여,67세,경상
노인사고,2022101300100577,2022년 10월 13일 20시,목요일,부산광역시 부산진구 부전동,중상사고,0,1,0,1,차대차 - 측면충돌,차로위반,건조,맑음,단일로 - 기타,원동기,남,54세,부상신고,승합,남,51세,상해없음
노인사고,2022101400100063,2022년 10월 14일 07시,금요일,부산광역시 금정구 부곡동,경상사고,0,0,1,0,차대사람 - 횡단중,보행자보호의무위반,건조,맑음,교차로 - 교차로안,승용,남,45세,상해없음,보행자,남,75세,경상
노인사고,2022101400100308,2022년 10월 14일 14시,금요일,부산광역시 금정구 구서동,경상사고,0,0,1,0,차대사람 - 차도통행중,기타,건조,맑음,기타 - 기타,승용,남,40세,상해없음,보행자,여,75세,경상
노인사고,2022101400100385,2022년 10월 14일 16시,금요일,부산광역시 부산진구 부전동,중상사고,0,3,0,0,차대사람 - 기타,안전운전불이행,건조,맑음,단일로 - 기타,이륜,남,18세,중상,보행자,남,74세,중상
노인사고,2022101400100387,2022년 10월 14일 16시,금요일,부산광역시 사하구 신평동,중상사고,0,1,0,0,차대차 - 기타,안전운전불이행,건조,맑음,단일로 - 지하차도(도로)내,특수,남,64세,상해없음,승용,남,33세,상해없음
노인사고,2022101400100437,2022년 10월 14일 17시,금요일,부산광역시 남구 용호동,경상사고,0,0,1,0,차대차 - 기타,신호위반,건조,맑음,단일로 - 기타,승용,여,44세,상해없음,자전거,여,70세,경상
노인사고,2022101400100635,2022년 10월 14일 21시,금요일,부산광역시 중구 남포동5가,경상사고,0,0,1,0,차량단독 - 기타,안전운전불이행,건조,맑음,단일로 - 기타,승합,남,48세,상해없음,,,,
노인사고,2022101500100004,2022년 10월 15일 00시,토요일,부산광역시 해운대구 좌동,중상사고,0,1,0,0,차대차 - 추돌,안전운전불이행,건조,맑음,단일로 - 기타,승용,남,49세,상해없음,승용,남,69세,중상
노인사고,2022101500100076,2022년 10월 15일 08시,토요일,부산광역시 중구 남포동6가,경상사고,0,0,7,0,차대차 - 측면충돌,신호위반,건조,맑음,단일로 - 기타,승용,남,80세,상해없음,승합,남,59세,경상
노인사고,2.0221E+15,2022년 10월 15일 10시,토요일,부산광역시 해운대구 반여동,중상사고,0,1,0,0,차대사람 - 기타,안전운전불이행,건조,맑음,단일로 - 기타,자전거,남,50세,상해없음,보행자,여,73세,중상
노인사고,2022101500100198,2022년 10월 15일 12시,토요일,부산광역시 동래구 사직동,중상사고,0,1,0,0,차대사람 - 횡단중,안전운전불이행,건조,맑음,단일로 - 기타,승용,남,37세,상해없음,보행자,여,78세,중상
노인사고,2022101500100239,2022년 10월 15일 13시,토요일,부산광역시 동구 초량동,경상사고,0,0,2,0,차대차 - 측면충돌,교차로운행방법위반,건조,맑음,교차로 - 교차로안,화물,여,48세,상해없음,승합,남,45세,상해없음
노인사고,2022101500100283,2022년 10월 15일 14시,토요일,부산광역시 사상구 엄궁동,중상사고,0,1,0,0,차대차 - 추돌,안전운전불이행,건조,맑음,단일로 - 기타,자전거,남,82세,중상,자전거,남,39세,상해없음
노인사고,2022101500100317,2022년 10월 15일 15시,토요일,부산광역시 사하구 하단동,경상사고,0,0,1,0,차대차 - 추돌,안전운전불이행,건조,맑음,단일로 - 기타,승용,남,22세,상해없음,승용,남,76세,경상
노인사고,2022101500100318,2022년 10월 15일 15시,토요일,부산광역시 사상구 모라동,중상사고,0,2,0,0,차대차 - 추돌,교차로운행방법위반,건조,맑음,단일로 - 지하차도(도로)내,화물,남,71세,상해없음,승용,여,65세,중상
노인사고,2022101500100369,2022년 10월 15일 16시,토요일,부산광역시 사하구 구평동,사망사고,1,0,0,0,차대차 - 기타,안전운전불이행,건조,맑음,단일로 - 기타,건설기계,남,43세,상해없음,승합,남,75세,사망
노인사고,2022101500100414,2022년 10월 15일 17시,토요일,부산광역시 기장군 기장읍,경상사고,0,0,2,0,차대차 - 추돌,안전운전불이행,건조,맑음,교차로 - 교차로부근,승용,여,36세,상해없음,화물,남,74세,경상
노인사고,2022101500100452,2022년 10월 15일 18시,토요일,부산광역시 부산진구 연지동,중상사고,0,1,0,0,차량단독 - 기타,기타,건조,맑음,단일로 - 기타,승합,남,38세,상해없음,,,,
노인사고,2022101600100047,2022년 10월 16일 04시,일요일,부산광역시 서구 부용동2가,경상사고,0,0,2,0,차대차 - 기타,교차로운행방법위반,건조,맑음,교차로 - 교차로안,이륜,남,22세,경상,승용,남,65세,경상
노인사고,2022101600100081,2022년 10월 16일 07시,일요일,부산광역시 금정구 부곡동,경상사고,0,0,1,0,차대사람 - 차도통행중,안전운전불이행,건조,맑음,단일로 - 기타,자전거,남,46세,상해없음,보행자,여,75세,경상
노인사고,2022101600100096,2022년 10월 16일 09시,일요일,부산광역시 사하구 하단동,중상사고,0,1,0,0,차대차 - 측면충돌,안전운전불이행,건조,맑음,단일로 - 기타,승용,여,39세,상해없음,자전거,여,72세,중상
노인사고,2022101600100348,2022년 10월 16일 18시,일요일,부산광역시 사하구 신평동,경상사고,0,0,1,0,차대차 - 추돌,안전거리미확보,건조,맑음,교차로 - 교차로부근,승용,남,30세,상해없음,화물,남,65세,경상
노인사고,2022101700100011,2022년 10월 17일 01시,월요일,부산광역시 동구 범일동,경상사고,0,0,2,0,차대차 - 정면충돌,중앙선침범,건조,맑음,교차로 - 교차로부근,승용,여,28세,상해없음,승용,남,67세,경상
노인사고,2022101700100025,2022년 10월 17일 05시,월요일,부산광역시 사하구 다대동,중상사고,0,1,0,0,차대차 - 정면충돌,중앙선침범,건조,맑음,교차로 - 교차로부근,개인형이동수단(PM),남,78세,중상,승용,남,76세,상해없음
노인사고,2022101700100138,2022년 10월 17일 09시,월요일,부산광역시 수영구 민락동,중상사고,0,3,1,0,차대차 - 측면충돌,안전운전불이행,건조,맑음,교차로 - 교차로안,승용,남,50세,상해없음,승합,여,51세,경상
노인사고,2022101700100139,2022년 10월 17일 09시,월요일,부산광역시 동래구 명장동,중상사고,0,1,0,0,차대사람 - 차도통행중,보행자보호의무위반,건조,맑음,단일로 - 기타,화물,남,69세,상해없음,보행자,여,72세,중상
노인사고,2022101700100182,2022년 10월 17일 10시,월요일,부산광역시 강서구 강동동,중상사고,0,1,0,0,차대차 - 측면충돌,안전운전불이행,건조,맑음,교차로 - 교차로안,화물,남,64세,상해없음,자전거,남,67세,중상
노인사고,2.0221E+15,2022년 10월 17일 11시,월요일,부산광역시 수영구 남천동,경상사고,0,0,1,0,차대사람 - 차도통행중,안전운전불이행,건조,맑음,교차로 - 교차로안,화물,남,40세,상해없음,보행자,남,76세,경상