사고부문,사고번호,사고일시,요일,시군구,사고내용,사망자수,중상자수,경상자수,부상신고자수,사고유형,법규위반,노면상태,기상상태,도로형태,가해운전자 차종,가해운전자 성별,가해운전자 연령,가해운전자 상해정도,피해운전자 차종,피해운전자 성별,피해운전자 연령,피해운전자 상해정도
노인사고,2022110100100617,2022년 11월 1일 23시,화요일,부산광역시 연제구 연산동,경상사고,0,0,2,0,차대차 - 추돌,안전운전불이행,건조,맑음,단일로 - 기타,이륜,남,21세,상해없음,승용,남,66세,경상
노인사고,2022110200100041,2022년 11월 2일 06시,수요일,부산광역시 부산진구 부암동,경상사고,0,0,2,0,차대차 - 기타,안전거리미확보,건조,맑음,교차로 - 교차로안,승용,남,46세,경상,화물,남,66세,경상
노인사고,2022110200100087,2022년 11월 2일 08시,수요일,부산광역시 동구 좌천동,중상사고,0,1,0,0,차대차 - 기타,신호위반,건조,맑음,단일로 - 기타,승용,여,45세,상해없음,승합,남,60세,상해없음
노인사고,2022110200100177,2022년 11월 2일 10시,수요일,부산광역시 금정구 장전동,중상사고,0,1,0,0,차대사람 - 기타,보행자보호의무위반,건조,맑음,교차로 - 교차로횡단보도내,승용,여,56세,상해없음,보행자,여,78세,중상
노인사고,2022110200100178,2022년 11월 2일 10시,수요일,부산광역시 사상구 모라동,중상사고,0,1,0,0,차대차 - 기타,안전운전불이행,건조,맑음,단일로 - 터널,이륜,남,70세,중상,화물,남,58세,상해없음
노인사고,2022110200100415,2022년 11월 2일 17시,수요일,부산광역시 기장군 정관읍,경상사고,0,0,3,0,차대차 - 추돌,안전운전불이행,건조,맑음,단일로 - 고가도로위,화물,남,60세,경상,승용,여,68세,경상
노인사고,2022110200100554,2022년 11월 2일 20시,수요일,부산광역시 수영구 남천동,경상사고,0,0,1,0,차대사람 - 기타,중앙선침범,건조,맑음,교차로 - 교차로부근,승용,여,24세,상해없음,보행자,남,73세,경상
노인사고,2.02211E+15,2022년 11월 3일 10시,목요일,부산광역시 금정구 부곡동,경상사고,0,0,1,0,차대사람 - 기타,보행자보호의무위반,건조,맑음,단일로 - 기타,승용,남,28세,상해없음,보행자,여,73세,경상
노인사고,2022110300100221,2022년 11월 3일 12시,목요일,부산광역시 수영구 망미동,중상사고,0,1,0,0,차대사람 - 길가장자리구역통행중,안전운전불이행,건조,맑음,교차로 - 교차로안,승용,남,60세,상해없음,보행자,남,75세,중상
노인사고,2.02211E+15,2022년 11월 3일 15시,목요일,부산광역시 강서구 명지동,중상사고,0,1,1,0,차대차 - 기타,안전운전불이행,건조,맑음,단일로 - 기타,승용,남,56세,상해없음,승용,남,56세,중상
노인사고,2022110300100341,2022년 11월 3일 16시,목요일,부산광역시 동래구 안락동,경상사고,0,0,1,0,차대사람 - 횡단중,안전운전불이행,건조,맑음,교차로 - 교차로안,승용,여,38세,상해없음,보행자,여,65세,경상
노인사고,2022110400100024,2022년 11월 4일 03시,금요일,부산광역시 북구 덕천동,중상사고,0,1,0,0,차대사람 - 기타,안전운전불이행,건조,맑음,단일로 - 기타,승용,남,61세,상해없음,보행자,남,83세,중상
노인사고,2022110400100026,2022년 11월 4일 04시,금요일,부산광역시 금정구 부곡동,경상사고,0,0,2,0,차대차 - 기타,신호위반,건조,맑음,교차로 - 교차로안,승합,남,46세,상해없음,승용,남,70세,경상
노인사고,2022110400100057,2022년 11월 4일 07시,금요일,부산광역시 기장군 장안읍,경상사고,0,0,1,0,차대차 - 추돌,안전운전불이행,건조,맑음,교차로 - 교차로안,승용,남,54세,상해없음,승용,남,66세,경상
노인사고,2022110400100088,2022년 11월 4일 08시,금요일,부산광역시 영도구 청학동,중상사고,0,1,1,0,차대차 - 측면충돌,교차로운행방법위반,건조,맑음,교차로 - 교차로부근,승용,남,71세,경상,이륜,남,52세,중상
노인사고,2022110400100089,2022년 11월 4일 08시,금요일,부산광역시 부산진구 당감동,중상사고,0,1,0,0,차대사람 - 횡단중,보행자보호의무위반,건조,맑음,단일로 - 기타,승용,여,38세,상해없음,보행자,여,71세,중상
노인사고,2.02211E+15,2022년 11월 4일 08시,금요일,부산광역시 연제구 거제동,경상사고,0,0,1,0,차대사람 - 횡단중,보행자보호의무위반,건조,맑음,교차로 - 교차로안,화물,남,59세,상해없음,보행자,남,77세,경상
노인사고,2022110400100146,2022년 11월 4일 09시,금요일,부산광역시 동구 초량동,경상사고,0,0,4,0,차대차 - 추돌,안전거리미확보,건조,맑음,단일로 - 기타,승용,남,45세,상해없음,승용,여,50세,경상
노인사고,2022110400100147,2022년 11월 4일 09시,금요일,부산광역시 북구 금곡동,중상사고,0,1,0,0,차대사람 - 기타,기타,건조,맑음,교차로 - 교차로부근,승합,남,42세,상해없음,보행자,남,91세,중상
노인사고,2022110400100347,2022년 11월 4일 14시,금요일,부산광역시 부산진구 부전동,사망사고,1,0,0,0,차대사람 - 횡단중,보행자보호의무위반,건조,맑음,교차로 - 교차로횡단보도내,화물,남,44세,상해없음,보행자,여,86세,사망
노인사고,2022110400100386,2022년 11월 4일 15시,금요일,부산광역시 사하구 하단동,중상사고,0,1,0,0,차대사람 - 차도통행중,안전운전불이행,건조,맑음,단일로 - 기타,건설기계,남,67세,상해없음,보행자,남,82세,중상
노인사고,2022110400100433,2022년 11월 4일 16시,금요일,부산광역시 수영구 광안동,경상사고,0,0,1,0,차대사람 - 기타,안전운전불이행,건조,맑음,교차로 - 교차로안,승용,여,59세,상해없음,보행자,여,66세,경상
노인사고,2022110400100437,2022년 11월 4일 16시,금요일,부산광역시 사상구 엄궁동,중상사고,0,1,0,0,차대차 - 기타,안전운전불이행,건조,맑음,단일로 - 기타,화물,남,55세,상해없음,자전거,남,75세,중상
노인사고,2022110400100488,2022년 11월 4일 17시,금요일,부산광역시 연제구 연산동,경상사고,0,0,1,0,차량단독 - 기타,안전운전불이행,건조,맑음,교차로 - 교차로부근,승합,남,43세,상해없음,,,,
노인사고,2022110500100042,2022년 11월 5일 05시,토요일,부산광역시 서구 충무동1가,중상사고,0,1,2,0,차대차 - 기타,안전운전불이행,건조,맑음,단일로 - 기타,승용,남,30세,상해없음,승용,남,76세,중상
노인사고,2022110500100212,2022년 11월 5일 12시,토요일,부산광역시 강서구 명지동,경상사고,0,0,1,0,차대차 - 정면충돌,안전운전불이행,건조,맑음,단일로 - 기타,자전거,남,12세,상해없음,자전거,남,65세,경상
노인사고,2.02211E+15,2022년 11월 5일 17시,토요일,부산광역시 금정구 장전동,중상사고,0,1,0,0,차대사람 - 횡단중,교차로운행방법위반,건조,맑음,교차로 - 교차로안,승용,남,71세,상해없음,보행자,여,82세,중상
노인사고,2022110500100489,2022년 11월 5일 18시,토요일,부산광역시 부산진구 전포동,중상사고,0,1,0,1,차대차 - 기타,중앙선침범,건조,맑음,교차로 - 교차로부근,원동기,남,27세,부상신고,원동기,남,71세,중상
노인사고,2022110600100054,2022년 11월 6일 05시,일요일,부산광역시 사하구 장림동,경상사고,0,0,1,0,차대차 - 측면충돌,신호위반,건조,흐림,교차로 - 교차로안,화물,남,57세,상해없음,승용,남,70세,경상
노인사고,2022110600100151,2022년 11월 6일 11시,일요일,부산광역시 남구 대연동,중상사고,0,1,3,0,차대차 - 측면충돌,안전운전불이행,건조,맑음,단일로 - 기타,승용,남,55세,기타불명,승용,남,40세,경상
노인사고,2022110600100354,2022년 11월 6일 17시,일요일,부산광역시 사하구 괴정동,중상사고,0,1,0,0,차대사람 - 기타,안전운전불이행,건조,맑음,단일로 - 기타,승용,여,52세,상해없음,보행자,여,66세,중상
노인사고,2022110600100471,2022년 11월 6일 20시,일요일,부산광역시 부산진구 부전동,중상사고,0,1,2,0,차대차 - 추돌,신호위반,건조,맑음,단일로 - 기타,개인형이동수단(PM),남,16세,경상,승용,남,67세,경상
노인사고,2022110700100131,2022년 11월 7일 09시,월요일,부산광역시 사상구 덕포동,경상사고,0,0,1,0,차대사람 - 횡단중,안전운전불이행,건조,맑음,교차로 - 교차로부근,승용,남,72세,상해없음,보행자,남,72세,경상
노인사고,2022110700100535,2022년 11월 7일 19시,월요일,부산광역시 부산진구 범천동,경상사고,0,0,1,0,차대차 - 기타,안전운전불이행,건조,맑음,단일로 - 기타,승용,남,29세,상해없음,승용,남,54세,상해없음
노인사고,2.02211E+15,2022년 11월 8일 08시,화요일,부산광역시 남구 대연동,경상사고,0,0,3,0,차대차 - 측면충돌,안전운전불이행,건조,맑음,교차로 - 교차로안,승용,남,68세,경상,승용,남,47세,경상
노인사고,2022110800100134,2022년 11월 8일 09시,화요일,부산광역시 금정구 부곡동,중상사고,0,1,0,0,차대차 - 기타,안전운전불이행,건조,맑음,단일로 - 기타,승용,남,67세,상해없음,승합,여,46세,상해없음
노인사고,2022110800100344,2022년 11월 8일 15시,화요일,부산광역시 동구 범일동,중상사고,0,1,0,0,차대사람 - 기타,안전운전불이행,건조,맑음,교차로 - 교차로부근,화물,남,52세,상해없음,보행자,남,77세,중상
노인사고,2.02211E+15,2022년 11월 8일 17시,화요일,부산광역시 동구 좌천동,경상사고,0,0,1,0,차대차 - 측면충돌,안전거리미확보,건조,맑음,단일로 - 기타,승용,남,26세,상해없음,승용,남,72세,경상
노인사고,2022110800100612,2022년 11월 8일 21시,화요일,부산광역시 동래구 낙민동,경상사고,0,0,1,0,차대차 - 후진중충돌,불법유턴,건조,맑음,단일로 - 기타,승합,남,60세,상해없음,화물,남,65세,경상
노인사고,2022110900100003,2022년 11월 9일 00시,수요일,부산광역시 연제구 연산동,경상사고,0,0,1,0,차대차 - 측면충돌,안전운전불이행,건조,맑음,단일로 - 기타,승용,남,37세,상해없음,승용,남,73세,경상
노인사고,2022110900100079,2022년 11월 9일 08시,수요일,부산광역시 남구 용당동,경상사고,0,0,1,0,차대사람 - 기타,안전운전불이행,건조,맑음,교차로 - 교차로부근,건설기계,남,50세,상해없음,보행자,여,83세,경상
노인사고,2.02211E+15,2022년 11월 9일 13시,수요일,부산광역시 동래구 수안동,경상사고,0,0,1,0,차대차 - 측면충돌,교차로운행방법위반,건조,맑음,교차로 - 교차로안,화물,남,47세,상해없음,승용,남,73세,경상
노인사고,2022110900100336,2022년 11월 9일 16시,수요일,부산광역시 동래구 온천동,중상사고,0,1,0,0,차대차 - 측면충돌,안전운전불이행,건조,맑음,교차로 - 교차로안,승용,여,40세,상해없음,승용,남,72세,중상
노인사고,2.02211E+15,2022년 11월 9일 20시,수요일,부산광역시 기장군 기장읍,경상사고,0,0,2,0,차대차 - 기타,안전운전불이행,건조,맑음,교차로 - 교차로안,승합,남,68세,상해없음,승용,여,28세,경상
노인사고,2022111000100103,2022년 11월 10일 08시,목요일,부산광역시 부산진구 양정동,중상사고,0,1,0,0,차대사람 - 횡단중,신호위반,건조,맑음,교차로 - 교차로안,개인형이동수단(PM),남,16세,상해없음,보행자,여,69세,중상
노인사고,2.02211E+15,2022년 11월 10일 09시,목요일,부산광역시 동구 초량동,경상사고,0,0,1,1,차대차 - 측면충돌,신호위반,건조,맑음,교차로 - 교차로안,승용,남,61세,상해없음,승용,남,72세,경상
노인사고,2022111000100141,2022년 11월 10일 09시,목요일,부산광역시 영도구 청학동,중상사고,0,1,1,0,차대차 - 추돌,안전운전불이행,건조,맑음,단일로 - 기타,승용,남,49세,기타불명,승용,남,65세,경상
노인사고,2022111000100173,2022년 11월 10일 10시,목요일,부산광역시 동래구 명장동,중상사고,0,2,2,0,차대차 - 기타,직진우회전진행방해,건조,맑음,교차로 - 교차로안,승용,남,27세,상해없음,승합,남,31세,중상
노인사고,2022111000100228,2022년 11월 10일 12시,목요일,부산광역시 강서구 대저1동,경상사고,0,0,1,0,차대차 - 정면충돌,안전운전불이행,건조,맑음,교차로 - 교차로안,승용,여,40세,상해없음,자전거,여,65세,경상
노인사고,2022111000100229,2022년 11월 10일 12시,목요일,부산광역시 강서구 대저2동,중상사고,0,1,0,0,차대차 - 측면충돌,직진우회전진행방해,건조,맑음,교차로 - 교차로안,승용,여,32세,상해없음,원동기,남,79세,중상
노인사고,2022111000100261,2022년 11월 10일 13시,목요일,부산광역시 해운대구 중동,경상사고,0,0,1,0,차대사람 - 기타,기타,건조,맑음,단일로 - 기타,승합,남,41세,상해없음,보행자,여,68세,경상
노인사고,2.02211E+15,2022년 11월 10일 15시,목요일,부산광역시 부산진구 부전동,경상사고,0,0,3,0,차대차 - 측면충돌,안전운전불이행,건조,맑음,단일로 - 기타,원동기,남,34세,경상,승용,남,34세,경상
노인사고,2022111000100332,2022년 11월 10일 15시,목요일,부산광역시 기장군 기장읍,중상사고,0,1,0,0,차대사람 - 기타,안전운전불이행,건조,맑음,기타 - 기타,승합,남,64세,상해없음,보행자,여,81세,중상
노인사고,2022111000100356,2022년 11월 10일 16시,목요일,부산광역시 서구 서대신동3가,중상사고,0,1,5,0,차대차 - 측면충돌,직진우회전진행방해,건조,맑음,교차로 - 교차로안,승용,남,55세,경상,승합,남,73세,중상
노인사고,2.02211E+15,2022년 11월 10일 16시,목요일,부산광역시 기장군 철마면,경상사고,0,0,2,0,차대사람 - 보도통행중,기타,건조,맑음,단일로 - 기타,이륜,남,71세,상해없음,보행자,여,29세,경상
노인사고,2022111000100454,2022년 11월 10일 18시,목요일,부산광역시 사상구 주례동,경상사고,0,0,1,0,차대사람 - 차도통행중,안전운전불이행,건조,맑음,단일로 - 기타,승합,남,56세,상해없음,보행자,남,68세,경상
노인사고,2022111000100582,2022년 11월 10일 21시,목요일,부산광역시 동구 초량동,경상사고,0,0,1,0,차대차 - 추돌,안전운전불이행,건조,맑음,단일로 - 기타,화물,남,53세,상해없음,이륜,남,66세,경상
노인사고,2022111100100129,2022년 11월 11일 09시,금요일,부산광역시 부산진구 부암동,중상사고,0,1,0,0,차대사람 - 기타,안전운전불이행,건조,맑음,기타 - 기타,화물,남,28세,상해없음,보행자,여,76세,중상
노인사고,2.02211E+15,2022년 11월 11일 09시,금요일,부산광역시 부산진구 개금동,경상사고,0,0,2,0,차대차 - 측면충돌,안전운전불이행,건조,맑음,단일로 - 기타,건설기계,남,72세,경상,승용,여,68세,경상
노인사고,2.02211E+15,2022년 11월 11일 13시,금요일,부산광역시 수영구 광안동,경상사고,0,0,1,0,차대사람 - 길가장자리구역통행중,안전운전불이행,건조,맑음,교차로 - 교차로안,승용,남,55세,기타불명,보행자,남,81세,경상
노인사고,2022111100100261,2022년 11월 11일 13시,금요일,부산광역시 부산진구 개금동,중상사고,0,1,0,0,차대사람 - 기타,안전운전불이행,건조,맑음,기타 - 기타,승용,남,60세,상해없음,보행자,여,75세,중상
노인사고,2022111100100304,2022년 11월 11일 14시,금요일,부산광역시 사하구 당리동,중상사고,0,1,1,0,차대사람 - 기타,안전운전불이행,건조,맑음,교차로 - 교차로안,화물,남,44세,상해없음,보행자,남,70세,중상
노인사고,2022111100100305,2022년 11월 11일 14시,금요일,부산광역시 사하구 하단동,중상사고,0,1,0,0,차대사람 - 기타,안전운전불이행,건조,맑음,단일로 - 지하차도(도로)내,기타불명,기타불명,미분류,기타불명,보행자,여,70세,중상
노인사고,2022111100100332,2022년 11월 11일 15시,금요일,부산광역시 동구 범일동,경상사고,0,0,1,0,차대차 - 기타,안전운전불이행,건조,맑음,단일로 - 기타,승용,여,49세,상해없음,이륜,남,69세,경상
노인사고,2022111100100333,2022년 11월 11일 15시,금요일,부산광역시 남구 용당동,중상사고,0,1,0,0,차대사람 - 기타,중앙선침범,건조,맑음,단일로 - 기타,이륜,남,27세,상해없음,보행자,여,73세,중상
노인사고,2022111100100336,2022년 11월 11일 15시,금요일,부산광역시 사상구 삼락동,경상사고,0,0,2,0,차대차 - 측면충돌,안전운전불이행,건조,맑음,단일로 - 기타,화물,남,58세,상해없음,승용,남,25세,경상
노인사고,2022111100100375,2022년 11월 11일 16시,금요일,부산광역시 수영구 광안동,부상신고사고,0,0,0,1,차대차 - 기타,안전운전불이행,건조,맑음,단일로 - 기타,승용,여,42세,상해없음,승용,남,65세,부상신고
노인사고,2022111100100424,2022년 11월 11일 17시,금요일,부산광역시 북구 금곡동,사망사고,1,0,0,0,차대사람 - 기타,안전운전불이행,건조,맑음,기타 - 기타,승용,남,61세,상해없음,보행자,여,76세,사망
노인사고,2022111100100427,2022년 11월 11일 17시,금요일,부산광역시 금정구 노포동,중상사고,0,1,0,0,차대차 - 정면충돌,신호위반,건조,맑음,단일로 - 기타,승용,여,65세,상해없음,승용,남,67세,중상
노인사고,2022111200100242,2022년 11월 12일 13시,토요일,부산광역시 금정구 회동동,경상사고,0,0,1,0,차대사람 - 기타,교차로운행방법위반,건조,맑음,교차로 - 교차로안,화물,남,42세,상해없음,보행자,여,69세,경상
노인사고,2022111200100682,2022년 11월 12일 23시,토요일,부산광역시 연제구 연산동,중상사고,0,1,4,0,차대차 - 추돌,안전운전불이행,젖음/습기,비,단일로 - 기타,승용,남,37세,상해없음,승용,남,68세,중상
노인사고,2022111300100037,2022년 11월 13일 02시,일요일,부산광역시 수영구 남천동,경상사고,0,0,3,0,차대차 - 정면충돌,신호위반,건조,맑음,교차로 - 교차로안,승용,남,36세,상해없음,승용,남,65세,경상
노인사고,2022111300100153,2022년 11월 13일 12시,일요일,부산광역시 부산진구 전포동,경상사고,0,0,1,0,차대차 - 기타,안전운전불이행,건조,맑음,기타 - 기타,승용,남,51세,상해없음,승용,여,66세,경상
노인사고,2022111300100329,2022년 11월 13일 18시,일요일,부산광역시 남구 대연동,경상사고,0,0,1,0,차대사람 - 기타,보행자보호의무위반,건조,맑음,단일로 - 기타,개인형이동수단(PM),남,18세,상해없음,보행자,남,74세,경상
노인사고,2022111300100418,2022년 11월 13일 21시,일요일,부산광역시 남구 대연동,경상사고,0,0,1,0,차대차 - 측면충돌,안전운전불이행,건조,맑음,교차로 - 교차로안,원동기,남,21세,상해없음,승용,남,77세,경상
노인사고,2022111300100419,2022년 11월 13일 21시,일요일,부산광역시 금정구 장전동,경상사고,0,0,4,0,차대차 - 측면충돌,신호위반,건조,맑음,교차로 - 교차로안,승용,여,66세,경상,승합,여,47세,경상
노인사고,2.02211E+15,2022년 11월 14일 06시,월요일,부산광역시 동구 초량동,중상사고,0,1,0,0,차대사람 - 횡단중,안전운전불이행,건조,맑음,단일로 - 기타,승합,남,74세,상해없음,보행자,남,80세,중상
노인사고,2022111400100303,2022년 11월 14일 15시,월요일,부산광역시 금정구 부곡동,경상사고,0,0,2,0,차대차 - 기타,안전거리미확보,건조,맑음,단일로 - 터널,승용,남,26세,상해없음,승용,여,45세,경상
노인사고,2.02211E+15,2022년 11월 14일 18시,월요일,부산광역시 북구 구포동,중상사고,0,1,0,0,차대사람 - 차도통행중,안전운전불이행,건조,맑음,기타 - 기타,승합,남,54세,상해없음,보행자,여,80세,중상
노인사고,2022111500100024,2022년 11월 15일 02시,화요일,부산광역시 기장군 정관읍,경상사고,0,0,1,0,차대차 - 추돌,안전운전불이행,건조,맑음,교차로 - 교차로부근,승용,남,39세,상해없음,승용,남,63세,상해없음
노인사고,2022111500100114,2022년 11월 15일 08시,화요일,부산광역시 금정구 부곡동,경상사고,0,0,1,0,차대사람 - 기타,안전운전불이행,건조,맑음,기타 - 기타,승용,여,47세,상해없음,보행자,여,67세,경상
노인사고,2022111500100115,2022년 11월 15일 08시,화요일,부산광역시 사하구 당리동,중상사고,0,1,0,0,차대사람 - 기타,안전운전불이행,건조,맑음,단일로 - 기타,승용,남,46세,상해없음,보행자,남,91세,중상
노인사고,2022111500100116,2022년 11월 15일 08시,화요일,부산광역시 사하구 장림동,경상사고,0,0,1,0,차량단독 - 기타,안전운전불이행,건조,맑음,단일로 - 기타,승합,남,48세,상해없음,,,,
노인사고,2022111500100178,2022년 11월 15일 10시,화요일,부산광역시 연제구 연산동,중상사고,0,1,0,0,차대사람 - 횡단중,보행자보호의무위반,건조,맑음,교차로 - 교차로횡단보도내,화물,남,57세,상해없음,보행자,여,69세,중상
노인사고,2022111500100203,2022년 11월 15일 11시,화요일,부산광역시 동래구 낙민동,경상사고,0,0,1,0,차대차 - 측면충돌,신호위반,젖음/습기,맑음,교차로 - 교차로안,승용,남,65세,상해없음,승합,남,56세,상해없음
노인사고,2022111500100234,2022년 11월 15일 12시,화요일,부산광역시 영도구 청학동,경상사고,0,0,2,0,차대차 - 측면충돌,신호위반,건조,맑음,단일로 - 기타,건설기계,남,61세,상해없음,승용,남,69세,상해없음
노인사고,2022111500100276,2022년 11월 15일 13시,화요일,부산광역시 동구 수정동,중상사고,0,1,0,0,차대사람 - 보도통행중,보행자보호의무위반,건조,맑음,단일로 - 기타,화물,남,79세,상해없음,보행자,여,77세,중상
노인사고,2022111500100279,2022년 11월 15일 13시,화요일,부산광역시 북구 덕천동,중상사고,0,1,0,0,차대차 - 기타,신호위반,건조,맑음,교차로 - 교차로안,승용,여,49세,상해없음,원동기,남,77세,중상
노인사고,2022111500100316,2022년 11월 15일 14시,화요일,부산광역시 동래구 안락동,중상사고,0,1,0,0,차대사람 - 길가장자리구역통행중,안전운전불이행,건조,맑음,단일로 - 기타,자전거,남,64세,상해없음,보행자,여,68세,중상
노인사고,2.02211E+15,2022년 11월 15일 16시,화요일,부산광역시 금정구 서동,사망사고,2,0,0,0,차량단독 - 공작물충돌,중앙선침범,건조,맑음,교차로 - 교차로안,원동기,남,84세,사망,,,,
노인사고,2022111500100418,2022년 11월 15일 17시,화요일,부산광역시 금정구 부곡동,중상사고,0,1,0,0,차대사람 - 횡단중,안전운전불이행,건조,맑음,교차로 - 교차로안,승용,여,51세,상해없음,보행자,남,71세,중상
노인사고,2022111500100532,2022년 11월 15일 19시,화요일,부산광역시 남구 대연동,경상사고,0,0,2,0,차대차 - 측면충돌,중앙선침범,건조,맑음,단일로 - 기타,승용,남,55세,상해없음,승용,여,43세,경상
노인사고,2022111500100534,2022년 11월 15일 19시,화요일,부산광역시 기장군 장안읍,경상사고,0,0,12,0,차대차 - 정면충돌,안전운전불이행,건조,맑음,교차로 - 교차로안,화물,남,73세,상해없음,승합,남,66세,경상
노인사고,2022111600100023,2022년 11월 16일 02시,수요일,부산광역시 금정구 장전동,경상사고,0,0,1,0,차대차 - 추돌,기타,건조,맑음,단일로 - 기타,승용,남,45세,상해없음,승용,남,68세,경상
노인사고,2022111600100297,2022년 11월 16일 13시,수요일,부산광역시 남구 용호동,중상사고,0,1,0,0,차량단독 - 기타,안전운전불이행,건조,맑음,단일로 - 기타,승합,남,27세,상해없음,,,,
노인사고,2022111600100368,2022년 11월 16일 15시,수요일,부산광역시 사상구 학장동,경상사고,0,0,1,0,차대사람 - 횡단중,보행자보호의무위반,건조,맑음,교차로 - 교차로부근,승용,남,61세,상해없음,보행자,여,67세,경상
노인사고,2022111700100149,2022년 11월 17일 10시,목요일,부산광역시 사상구 주례동,중상사고,0,1,0,0,차대차 - 기타,안전운전불이행,건조,맑음,단일로 - 기타,자전거,여,71세,중상,승합,남,47세,상해없음
노인사고,2022111700100178,2022년 11월 17일 11시,목요일,부산광역시 기장군 정관읍,사망사고,1,0,1,0,차대차 - 기타,안전운전불이행,건조,맑음,단일로 - 기타,승용,여,65세,사망,승용,여,45세,경상
노인사고,2022111700100221,2022년 11월 17일 12시,목요일,부산광역시 서구 부용동2가,중상사고,0,1,0,0,차대사람 - 기타,안전운전불이행,건조,맑음,교차로 - 교차로안,화물,남,66세,상해없음,보행자,여,71세,중상
노인사고,2022111700100251,2022년 11월 17일 13시,목요일,부산광역시 중구 부평동1가,경상사고,0,0,1,0,차대사람 - 횡단중,안전운전불이행,건조,맑음,단일로 - 기타,화물,남,32세,상해없음,보행자,여,65세,경상
노인사고,2022111800100027,2022년 11월 18일 03시,금요일,부산광역시 부산진구 범전동,중상사고,0,1,0,0,차대사람 - 횡단중,안전운전불이행,건조,맑음,단일로 - 기타,승용,남,63세,상해없음,보행자,여,78세,중상
노인사고,2022111800100123,2022년 11월 18일 09시,금요일,부산광역시 서구 암남동,경상사고,0,0,1,1,차대차 - 추돌,안전운전불이행,건조,맑음,교차로 - 교차로부근,승용,여,44세,상해없음,화물,남,34세,상해없음
노인사고,2022111800100124,2022년 11월 18일 09시,금요일,부산광역시 부산진구 부암동,중상사고,0,1,0,0,차대사람 - 횡단중,보행자보호의무위반,건조,맑음,교차로 - 교차로횡단보도내,화물,남,65세,상해없음,보행자,남,70세,중상
노인사고,2.02211E+15,2022년 11월 18일 15시,금요일,부산광역시 사상구 엄궁동,중상사고,0,1,0,0,차대사람 - 횡단중,안전운전불이행,건조,맑음,교차로 - 교차로안,화물,남,67세,상해없음,보행자,남,82세,중상
노인사고,2022111800100423,2022년 11월 18일 17시,금요일,부산광역시 금정구 부곡동,중상사고,0,1,0,0,차대사람 - 기타,보행자보호의무위반,건조,맑음,단일로 - 기타,승용,남,70세,상해없음,보행자,여,78세,중상
노인사고,2022111800100494,2022년 11월 18일 18시,금요일,부산광역시 수영구 민락동,중상사고,0,1,0,0,차대차 - 측면충돌,안전운전불이행,건조,맑음,교차로 - 교차로횡단보도내,이륜,남,20세,기타불명,자전거,남,70세,중상
노인사고,2022111800100621,2022년 11월 18일 20시,금요일,부산광역시 부산진구 초읍동,경상사고,0,0,1,0,차대사람 - 기타,안전운전불이행,건조,맑음,단일로 - 기타,승합,남,64세,상해없음,보행자,남,79세,경상
노인사고,2022111900100106,2022년 11월 19일 09시,토요일,부산광역시 금정구 서동,경상사고,0,0,3,0,차대차 - 기타,직진우회전진행방해,건조,맑음,교차로 - 교차로안,승용,남,77세,경상,승용,남,44세,경상
노인사고,2022111900100197,2022년 11월 19일 12시,토요일,부산광역시 서구 초장동,중상사고,0,2,0,0,차대차 - 측면충돌,기타,건조,맑음,교차로 - 교차로안,이륜,남,60세,중상,이륜,남,72세,중상
노인사고,2022111900100233,2022년 11월 19일 13시,토요일,부산광역시 부산진구 부암동,중상사고,0,1,0,0,차대사람 - 횡단중,안전운전불이행,건조,맑음,교차로 - 교차로안,화물,남,59세,상해없음,보행자,남,66세,중상
노인사고,2022111900100234,2022년 11월 19일 13시,토요일,부산광역시 사상구 감전동,경상사고,0,0,2,0,차대차 - 추돌,안전운전불이행,건조,맑음,교차로 - 교차로부근,화물,남,55세,기타불명,승용,남,65세,경상
노인사고,2022111900100266,2022년 11월 19일 14시,토요일,부산광역시 서구 남부민동,중상사고,0,1,0,0,차대차 - 측면충돌,안전운전불이행,건조,맑음,단일로 - 기타,자전거,남,85세,중상,승합,남,50세,상해없음
노인사고,2022111900100336,2022년 11월 19일 16시,토요일,부산광역시 남구 대연동,부상신고사고,0,0,0,1,차대사람 - 횡단중,안전운전불이행,건조,맑음,교차로 - 교차로안,승용,남,40세,상해없음,보행자,남,77세,부상신고
노인사고,2022111900100433,2022년 11월 19일 18시,토요일,부산광역시 동래구 안락동,중상사고,0,1,0,0,차대사람 - 기타,안전운전불이행,젖음/습기,비,단일로 - 기타,승용,남,28세,상해없음,보행자,남,82세,중상
노인사고,2022111900100481,2022년 11월 19일 19시,토요일,부산광역시 해운대구 재송동,중상사고,0,1,0,0,차대사람 - 횡단중,안전운전불이행,건조,맑음,단일로 - 기타,승합,남,34세,상해없음,보행자,남,89세,중상
노인사고,2022112000100089,2022년 11월 20일 10시,일요일,부산광역시 서구 서대신동1가,경상사고,0,0,1,0,차대사람 - 횡단중,신호위반,건조,맑음,단일로 - 기타,승용,남,85세,상해없음,보행자,여,65세,경상
노인사고,2022112000100107,2022년 11월 20일 11시,일요일,부산광역시 기장군 기장읍,부상신고사고,0,0,0,1,차대차 - 추돌,안전거리미확보,건조,맑음,단일로 - 기타,승용,남,23세,상해없음,자전거,여,66세,부상신고
노인사고,2.02211E+15,2022년 11월 21일 05시,월요일,부산광역시 남구 대연동,중상사고,0,1,0,0,차대사람 - 횡단중,안전운전불이행,건조,맑음,교차로 - 교차로부근,이륜,남,40세,상해없음,보행자,남,79세,중상