사고부문,사고번호,사고일시,요일,시군구,사고내용,사망자수,중상자수,경상자수,부상신고자수,사고유형,법규위반,노면상태,기상상태,도로형태,가해운전자 차종,가해운전자 성별,가해운전자 연령,가해운전자 상해정도,피해운전자 차종,피해운전자 성별,피해운전자 연령,피해운전자 상해정도
노인사고,2.02211E+15,2022년 11월 21일 06시,월요일,부산광역시 서구 남부민동,중상사고,0,1,0,0,차대사람 - 기타,안전운전불이행,건조,맑음,단일로 - 기타,기타불명,여,44세,상해없음,보행자,여,77세,중상
노인사고,2022112100100031,2022년 11월 21일 06시,월요일,부산광역시 부산진구 가야동,중상사고,0,1,0,0,차대사람 - 횡단중,안전운전불이행,건조,맑음,교차로 - 교차로부근,승용,남,32세,상해없음,보행자,여,72세,중상
노인사고,2022112100100047,2022년 11월 21일 07시,월요일,부산광역시 사상구 덕포동,경상사고,0,0,1,0,차대차 - 측면충돌,안전운전불이행,건조,맑음,단일로 - 기타,자전거,남,66세,경상,승용,남,50세,상해없음
노인사고,2022112100100129,2022년 11월 21일 09시,월요일,부산광역시 연제구 연산동,중상사고,0,1,1,0,차대차 - 기타,안전운전불이행,건조,맑음,교차로 - 교차로안,승용,여,43세,중상,승용,남,66세,경상
노인사고,2022112100100186,2022년 11월 21일 11시,월요일,부산광역시 연제구 연산동,중상사고,0,1,2,0,차대차 - 기타,안전운전불이행,건조,맑음,단일로 - 기타,승용,남,32세,상해없음,승용,남,38세,상해없음
노인사고,2022112100100228,2022년 11월 21일 12시,월요일,부산광역시 동래구 명장동,경상사고,0,0,1,0,차대차 - 측면충돌,직진우회전진행방해,건조,맑음,교차로 - 교차로안,승용,여,53세,상해없음,승용,남,72세,경상
노인사고,2022112100100231,2022년 11월 21일 12시,월요일,부산광역시 기장군 기장읍,중상사고,0,1,0,0,차대사람 - 횡단중,보행자보호의무위반,건조,맑음,교차로 - 교차로횡단보도내,승합,남,32세,상해없음,보행자,남,75세,중상
노인사고,2022112100100296,2022년 11월 21일 15시,월요일,부산광역시 서구 남부민동,경상사고,0,0,3,0,차대차 - 측면충돌,안전운전불이행,건조,맑음,단일로 - 기타,원동기,남,73세,경상,승용,남,27세,경상
노인사고,2022112100100337,2022년 11월 21일 16시,월요일,부산광역시 동구 좌천동,경상사고,0,0,2,0,차대차 - 추돌,안전거리미확보,건조,맑음,단일로 - 고가도로위,승용,남,67세,경상,승용,남,21세,상해없음
노인사고,2022112100100435,2022년 11월 21일 18시,월요일,부산광역시 남구 대연동,중상사고,0,1,2,0,차대차 - 추돌,안전운전불이행,건조,맑음,교차로 - 교차로안,승용,남,50세,상해없음,승용,남,68세,중상
노인사고,2022112100100525,2022년 11월 21일 20시,월요일,부산광역시 동구 초량동,경상사고,0,0,2,0,차대차 - 측면충돌,안전거리미확보,건조,맑음,교차로 - 교차로부근,화물,남,68세,상해없음,승용,여,61세,경상
노인사고,2022112200100149,2022년 11월 22일 10시,화요일,부산광역시 사하구 장림동,중상사고,0,1,0,0,차량단독 - 기타,안전운전불이행,건조,맑음,단일로 - 기타,승합,남,64세,상해없음,,,,
노인사고,2022112200100202,2022년 11월 22일 12시,화요일,부산광역시 부산진구 가야동,부상신고사고,0,0,0,2,차대차 - 측면충돌,직진우회전진행방해,건조,맑음,교차로 - 교차로안,이륜,남,29세,부상신고,이륜,남,80세,부상신고
노인사고,2022112200100419,2022년 11월 22일 18시,화요일,부산광역시 부산진구 부암동,경상사고,0,0,2,0,차대차 - 측면충돌,안전운전불이행,젖음/습기,비,단일로 - 기타,승용,여,54세,상해없음,승용,남,72세,경상
노인사고,2022112200100621,2022년 11월 22일 23시,화요일,부산광역시 부산진구 범천동,경상사고,0,0,1,0,차대차 - 추돌,안전운전불이행,젖음/습기,비,교차로 - 교차로부근,기타불명,기타불명,미분류,기타불명,승용,남,70세,경상
노인사고,2022112300100027,2022년 11월 23일 06시,수요일,부산광역시 서구 동대신동3가,중상사고,0,1,0,0,차대사람 - 기타,신호위반,젖음/습기,맑음,교차로 - 교차로안,화물,남,42세,상해없음,보행자,남,66세,중상
노인사고,2.02211E+15,2022년 11월 23일 07시,수요일,부산광역시 수영구 광안동,중상사고,0,1,0,0,차대사람 - 기타,안전운전불이행,건조,맑음,교차로 - 교차로부근,화물,남,30세,상해없음,보행자,남,74세,중상
노인사고,2022112300100279,2022년 11월 23일 15시,수요일,부산광역시 수영구 망미동,부상신고사고,0,0,0,1,차대사람 - 횡단중,보행자보호의무위반,건조,맑음,교차로 - 교차로횡단보도내,승용,여,63세,상해없음,보행자,여,79세,부상신고
노인사고,2022112300100322,2022년 11월 23일 16시,수요일,부산광역시 영도구 동삼동,경상사고,0,0,1,0,차량단독 - 전도전복 - 전도,기타,건조,흐림,단일로 - 지하차도(도로)내,자전거,남,81세,경상,,,,
노인사고,2022112400100252,2022년 11월 24일 13시,목요일,부산광역시 중구 부평동3가,사망사고,1,0,0,0,차대사람 - 횡단중,안전운전불이행,건조,맑음,교차로 - 교차로부근,승합,남,27세,상해없음,보행자,여,80세,사망
노인사고,2022112400100368,2022년 11월 24일 16시,목요일,부산광역시 금정구 부곡동,중상사고,0,1,0,0,차대사람 - 길가장자리구역통행중,안전운전불이행,건조,맑음,교차로 - 교차로부근,승용,여,68세,상해없음,보행자,남,65세,중상
노인사고,2022112400100459,2022년 11월 24일 18시,목요일,부산광역시 사하구 장림동,중상사고,0,1,0,0,차대사람 - 횡단중,보행자보호의무위반,건조,맑음,교차로 - 교차로횡단보도내,승용,남,33세,상해없음,보행자,남,69세,중상
노인사고,2.02211E+15,2022년 11월 24일 19시,목요일,부산광역시 사하구 하단동,중상사고,0,1,3,0,차대차 - 추돌,안전운전불이행,건조,맑음,단일로 - 기타,승용,여,61세,상해없음,승용,남,75세,경상
노인사고,2022112500100119,2022년 11월 25일 09시,금요일,부산광역시 남구 문현동,중상사고,0,1,0,0,차대사람 - 기타,안전운전불이행,건조,맑음,단일로 - 기타,승합,남,35세,상해없음,보행자,여,92세,중상
노인사고,2.02211E+15,2022년 11월 25일 10시,금요일,부산광역시 부산진구 부암동,중상사고,0,1,0,0,차대사람 - 기타,안전운전불이행,건조,맑음,단일로 - 기타,승용,남,44세,상해없음,보행자,여,75세,중상
노인사고,2022112500100217,2022년 11월 25일 12시,금요일,부산광역시 사상구 감전동,경상사고,0,0,1,0,차대사람 - 차도통행중,안전운전불이행,건조,맑음,교차로 - 교차로부근,승용,남,32세,상해없음,보행자,여,69세,경상
노인사고,2.02211E+15,2022년 11월 25일 15시,금요일,부산광역시 기장군 철마면,중상사고,0,2,4,0,차대차 - 정면충돌,신호위반,건조,맑음,교차로 - 교차로안,승용,남,28세,기타불명,화물,여,63세,중상
노인사고,2022112500100448,2022년 11월 25일 18시,금요일,부산광역시 금정구 선동,경상사고,0,0,2,1,차대차 - 추돌,안전운전불이행,건조,맑음,단일로 - 기타,화물,남,65세,부상신고,승용,남,36세,경상
노인사고,2022112500100516,2022년 11월 25일 19시,금요일,부산광역시 북구 만덕동,중상사고,0,2,0,0,차대차 - 기타,안전운전불이행,건조,맑음,단일로 - 기타,승용,남,67세,중상,승용,남,63세,중상
노인사고,2022112600100005,2022년 11월 26일 00시,토요일,부산광역시 서구 서대신동2가,경상사고,0,0,2,0,차대차 - 측면충돌,직진우회전진행방해,건조,맑음,교차로 - 교차로안,승용,남,76세,경상,승용,남,47세,경상
노인사고,2022112600100106,2022년 11월 26일 09시,토요일,부산광역시 중구 부평동2가,경상사고,0,0,1,0,차대차 - 기타,안전거리미확보,건조,맑음,단일로 - 기타,승용,여,54세,상해없음,승용,남,49세,상해없음
노인사고,2022112600100282,2022년 11월 26일 15시,토요일,부산광역시 해운대구 좌동,경상사고,0,0,1,0,차대차 - 측면충돌,안전운전불이행,건조,맑음,단일로 - 기타,승용,여,75세,경상,승용,남,69세,상해없음
노인사고,2022112600100321,2022년 11월 26일 16시,토요일,부산광역시 남구 대연동,중상사고,0,1,0,0,차대사람 - 횡단중,신호위반,건조,맑음,교차로 - 교차로안,승용,남,54세,상해없음,보행자,여,76세,중상
노인사고,2022112600100355,2022년 11월 26일 17시,토요일,부산광역시 연제구 연산동,경상사고,0,0,2,0,차대차 - 기타,안전운전불이행,건조,맑음,교차로 - 교차로안,승용,남,42세,경상,승용,남,66세,경상
노인사고,2.02211E+15,2022년 11월 27일 07시,일요일,부산광역시 영도구 청학동,중상사고,0,1,2,0,차대차 - 측면충돌,신호위반,건조,맑음,교차로 - 교차로안,승용,남,53세,기타불명,승용,남,71세,상해없음
노인사고,2022112700100213,2022년 11월 27일 15시,일요일,부산광역시 금정구 회동동,경상사고,0,0,7,0,차대차 - 추돌,안전거리미확보,건조,맑음,단일로 - 기타,화물,남,61세,상해없음,승용,남,44세,경상
노인사고,2022112800100042,2022년 11월 28일 06시,월요일,부산광역시 동구 초량동,사망사고,1,0,0,0,차대사람 - 차도통행중,안전운전불이행,건조,맑음,단일로 - 지하차도(도로)내,승용,남,61세,상해없음,보행자,남,73세,사망
노인사고,2022112800100151,2022년 11월 28일 10시,월요일,부산광역시 수영구 광안동,경상사고,0,0,3,0,차대차 - 측면충돌,안전운전불이행,건조,맑음,교차로 - 교차로안,승용,남,43세,경상,화물,남,66세,경상
노인사고,2022112800100236,2022년 11월 28일 13시,월요일,부산광역시 북구 화명동,경상사고,0,0,2,0,차대차 - 추돌,안전운전불이행,건조,맑음,주차장 - 주차장,승용,남,79세,기타불명,승용,여,63세,경상
노인사고,2.02211E+15,2022년 11월 28일 14시,월요일,부산광역시 부산진구 개금동,중상사고,0,1,0,0,차량단독 - 기타,안전운전불이행,건조,맑음,단일로 - 기타,승합,남,54세,상해없음,,,,
노인사고,2022112900100179,2022년 11월 29일 10시,화요일,부산광역시 기장군 철마면,중상사고,0,1,1,0,차대차 - 정면충돌,신호위반,젖음/습기,흐림,교차로 - 교차로안,승용,남,67세,상해없음,승합,남,47세,상해없음
노인사고,2022112900100369,2022년 11월 29일 16시,화요일,부산광역시 남구 대연동,중상사고,0,2,0,0,차량단독 - 공작물충돌,안전운전불이행,건조,맑음,단일로 - 기타,승용,남,83세,중상,,,,
노인사고,2022113000100024,2022년 11월 30일 03시,수요일,부산광역시 사하구 다대동,중상사고,0,1,0,0,차대사람 - 횡단중,보행자보호의무위반,건조,맑음,단일로 - 기타,승용,남,59세,상해없음,보행자,남,70세,중상
노인사고,2022113000100072,2022년 11월 30일 08시,수요일,부산광역시 동구 초량동,사망사고,1,0,0,0,차대차 - 측면충돌,안전운전불이행,건조,맑음,단일로 - 기타,승합,남,47세,상해없음,이륜,남,72세,사망
노인사고,2022113000100281,2022년 11월 30일 15시,수요일,부산광역시 금정구 부곡동,경상사고,0,0,1,0,차대사람 - 기타,안전운전불이행,건조,맑음,단일로 - 기타,승용,남,37세,상해없음,보행자,남,80세,경상
노인사고,2022113000100316,2022년 11월 30일 16시,수요일,부산광역시 남구 용호동,중상사고,0,1,0,0,차대사람 - 기타,안전운전불이행,건조,맑음,단일로 - 기타,화물,남,48세,상해없음,보행자,여,73세,중상
노인사고,2022113000100468,2022년 11월 30일 20시,수요일,부산광역시 동구 범일동,중상사고,0,1,0,0,차대사람 - 차도통행중,안전운전불이행,건조,맑음,단일로 - 기타,승용,남,30세,상해없음,보행자,남,77세,중상
노인사고,2022113000100519,2022년 11월 30일 22시,수요일,부산광역시 해운대구 좌동,중상사고,0,1,1,0,차대차 - 측면충돌,안전운전불이행,건조,맑음,단일로 - 기타,승용,남,78세,상해없음,승용,남,57세,상해없음
노인사고,2022120100100066,2022년 12월 1일 07시,목요일,부산광역시 연제구 연산동,경상사고,0,0,1,0,차대차 - 측면충돌,신호위반,건조,맑음,교차로 - 교차로안,화물,남,58세,상해없음,승용,남,77세,경상
노인사고,2022120100100128,2022년 12월 1일 09시,목요일,부산광역시 금정구 회동동,중상사고,0,1,0,0,차대사람 - 차도통행중,보행자보호의무위반,건조,맑음,교차로 - 교차로횡단보도내,화물,남,62세,상해없음,보행자,남,70세,중상
노인사고,2022120100100148,2022년 12월 1일 10시,목요일,부산광역시 사상구 삼락동,중상사고,0,2,0,0,차대차 - 추돌,안전운전불이행,건조,맑음,단일로 - 기타,화물,남,52세,기타불명,화물,남,68세,중상
노인사고,2022120100100181,2022년 12월 1일 11시,목요일,부산광역시 부산진구 양정동,중상사고,0,1,0,0,차대사람 - 횡단중,안전운전불이행,건조,맑음,단일로 - 기타,이륜,남,42세,기타불명,보행자,남,67세,중상
노인사고,2022120100100215,2022년 12월 1일 12시,목요일,부산광역시 금정구 청룡동,경상사고,0,0,1,0,차대차 - 추돌,안전운전불이행,건조,맑음,단일로 - 기타,승용,남,25세,상해없음,승용,남,86세,경상
노인사고,2022120100100298,2022년 12월 1일 15시,목요일,부산광역시 남구 대연동,경상사고,0,0,1,0,차대사람 - 차도통행중,안전운전불이행,건조,맑음,교차로 - 교차로부근,이륜,남,21세,상해없음,보행자,여,70세,경상
노인사고,2.02212E+15,2022년 12월 1일 16시,목요일,부산광역시 부산진구 개금동,중상사고,0,2,1,0,차대차 - 측면충돌,기타,건조,맑음,교차로 - 교차로안,이륜,남,23세,중상,승용,남,62세,경상
노인사고,2.02212E+15,2022년 12월 2일 06시,금요일,부산광역시 기장군 기장읍,사망사고,1,0,0,0,차대사람 - 횡단중,기타,건조,맑음,교차로 - 교차로안,승용,여,68세,상해없음,보행자,여,66세,사망
노인사고,2.02212E+15,2022년 12월 2일 07시,금요일,부산광역시 남구 문현동,중상사고,0,1,0,0,차대차 - 정면충돌,신호위반,건조,맑음,교차로 - 교차로안,이륜,남,65세,중상,승용,남,59세,상해없음
노인사고,2.02212E+15,2022년 12월 2일 08시,금요일,부산광역시 서구 남부민동,부상신고사고,0,0,0,1,차대사람 - 횡단중,보행자보호의무위반,건조,맑음,교차로 - 교차로횡단보도내,승용,남,71세,상해없음,보행자,남,72세,부상신고
노인사고,2022120200100101,2022년 12월 2일 08시,금요일,부산광역시 부산진구 부암동,중상사고,0,1,0,0,차대차 - 측면충돌,안전운전불이행,건조,맑음,교차로 - 교차로안,승용,여,74세,상해없음,자전거,남,76세,중상
노인사고,2022120200100165,2022년 12월 2일 10시,금요일,부산광역시 해운대구 반송동,부상신고사고,0,0,0,1,차대사람 - 기타,보행자보호의무위반,건조,맑음,교차로 - 교차로횡단보도내,기타불명,기타불명,미분류,기타불명,보행자,남,66세,부상신고
노인사고,2022120200100237,2022년 12월 2일 12시,금요일,부산광역시 강서구 대저1동,경상사고,0,0,1,0,차대차 - 추돌,안전운전불이행,건조,맑음,교차로 - 교차로안,승용,남,45세,상해없음,이륜,남,72세,경상
노인사고,2022120200100262,2022년 12월 2일 13시,금요일,부산광역시 금정구 장전동,경상사고,0,0,1,0,차대차 - 측면충돌,교차로운행방법위반,건조,맑음,교차로 - 교차로안,승용,여,66세,상해없음,자전거,남,68세,경상
노인사고,2022120200100264,2022년 12월 2일 13시,금요일,부산광역시 강서구 미음동,경상사고,0,0,2,0,차대차 - 정면충돌,안전운전불이행,건조,맑음,교차로 - 교차로안,승용,남,46세,상해없음,승용,남,65세,경상
노인사고,2022120200100295,2022년 12월 2일 14시,금요일,부산광역시 동래구 명륜동,경상사고,0,0,1,0,차대사람 - 횡단중,안전운전불이행,건조,맑음,단일로 - 기타,승합,남,25세,상해없음,보행자,여,65세,경상
노인사고,2022120200100296,2022년 12월 2일 14시,금요일,부산광역시 금정구 구서동,중상사고,0,1,1,0,차대사람 - 횡단중,보행자보호의무위반,건조,맑음,교차로 - 교차로횡단보도내,승용,남,61세,상해없음,보행자,여,75세,중상
노인사고,2022120200100334,2022년 12월 2일 15시,금요일,부산광역시 사하구 하단동,경상사고,0,0,1,0,차대차 - 기타,안전거리미확보,건조,맑음,단일로 - 기타,승합,남,65세,상해없음,승용,남,67세,경상
노인사고,2022120200100365,2022년 12월 2일 16시,금요일,부산광역시 영도구 봉래동2가,중상사고,0,1,0,0,차대사람 - 기타,안전운전불이행,건조,맑음,단일로 - 기타,승용,여,58세,상해없음,보행자,여,75세,중상
노인사고,2022120300100125,2022년 12월 3일 09시,토요일,부산광역시 연제구 연산동,경상사고,0,0,1,0,차대사람 - 기타,안전운전불이행,건조,맑음,교차로 - 교차로안,승용,남,59세,상해없음,보행자,남,66세,경상
노인사고,2022120300100227,2022년 12월 3일 13시,토요일,부산광역시 금정구 구서동,경상사고,0,0,1,0,차대차 - 측면충돌,안전거리미확보,건조,맑음,교차로 - 교차로안,승용,여,64세,상해없음,승용,남,69세,경상
노인사고,2022120300100229,2022년 12월 3일 13시,토요일,부산광역시 강서구 대저1동,중상사고,0,1,0,0,차대차 - 기타,안전운전불이행,건조,맑음,기타 - 기타,승용,남,52세,상해없음,자전거,남,79세,중상
노인사고,2022120300100288,2022년 12월 3일 15시,토요일,부산광역시 남구 대연동,경상사고,0,0,3,0,차대차 - 기타,안전운전불이행,건조,맑음,기타 - 기타,승용,남,52세,상해없음,승용,남,43세,경상
노인사고,2022120300100409,2022년 12월 3일 18시,토요일,부산광역시 기장군 기장읍,경상사고,0,0,4,1,차대차 - 기타,안전거리미확보,건조,맑음,단일로 - 기타,승용,남,56세,상해없음,승용,남,29세,경상
노인사고,2022120400100089,2022년 12월 4일 10시,일요일,부산광역시 동래구 온천동,부상신고사고,0,0,0,1,차대사람 - 기타,안전운전불이행,건조,맑음,단일로 - 기타,승용,여,63세,상해없음,보행자,남,81세,부상신고
노인사고,2022120400100134,2022년 12월 4일 12시,일요일,부산광역시 사상구 감전동,경상사고,0,0,3,0,차대차 - 측면충돌,안전운전불이행,건조,맑음,단일로 - 기타,승용,남,37세,경상,승용,남,74세,경상
노인사고,2022120400100181,2022년 12월 4일 14시,일요일,부산광역시 영도구 봉래동5가,경상사고,0,0,1,0,차대차 - 기타,안전운전불이행,건조,맑음,기타 - 기타,승용,남,42세,상해없음,승용,남,70세,경상
노인사고,2022120500100024,2022년 12월 5일 06시,월요일,부산광역시 수영구 광안동,경상사고,0,0,1,0,차대사람 - 기타,안전운전불이행,건조,맑음,교차로 - 교차로부근,승용,남,58세,상해없음,보행자,여,77세,경상
노인사고,2022120500100088,2022년 12월 5일 09시,월요일,부산광역시 강서구 강동동,중상사고,0,1,0,0,차대차 - 측면충돌,안전운전불이행,건조,맑음,단일로 - 기타,승용,남,80세,상해없음,이륜,남,69세,중상
노인사고,2022120500100119,2022년 12월 5일 10시,월요일,부산광역시 강서구 명지동,중상사고,0,1,0,0,차대차 - 측면충돌,안전운전불이행,건조,맑음,교차로 - 교차로부근,승용,여,42세,상해없음,자전거,남,74세,중상
노인사고,2022120500100168,2022년 12월 5일 12시,월요일,부산광역시 부산진구 범천동,중상사고,0,1,0,0,차대사람 - 차도통행중,안전운전불이행,건조,맑음,단일로 - 기타,이륜,남,23세,상해없음,보행자,여,81세,중상
노인사고,2022120500100169,2022년 12월 5일 12시,월요일,부산광역시 사상구 감전동,부상신고사고,0,0,0,1,차대사람 - 기타,안전운전불이행,건조,맑음,단일로 - 기타,승용,남,61세,상해없음,보행자,여,69세,부상신고
노인사고,2022120500100188,2022년 12월 5일 13시,월요일,부산광역시 부산진구 개금동,경상사고,0,0,3,0,차대차 - 추돌,안전운전불이행,건조,맑음,단일로 - 기타,승용,남,67세,상해없음,승용,남,58세,경상
노인사고,2022120600100145,2022년 12월 6일 09시,화요일,부산광역시 영도구 대교동1가,중상사고,0,1,0,0,차대사람 - 차도통행중,안전거리미확보,건조,맑음,기타 - 기타,화물,남,58세,상해없음,보행자,남,80세,중상
노인사고,2022120600100198,2022년 12월 6일 10시,화요일,부산광역시 중구 남포동5가,중상사고,0,1,0,0,차대사람 - 길가장자리구역통행중,안전운전불이행,건조,맑음,단일로 - 기타,화물,남,62세,상해없음,보행자,여,78세,중상
노인사고,2022120600100199,2022년 12월 6일 10시,화요일,부산광역시 중구 영주동,경상사고,0,0,1,0,차대차 - 측면충돌,중앙선침범,건조,맑음,단일로 - 기타,승용,남,31세,상해없음,승용,남,68세,경상
노인사고,2022120600100291,2022년 12월 6일 13시,화요일,부산광역시 서구 남부민동,부상신고사고,0,0,0,1,차대차 - 기타,안전운전불이행,건조,맑음,단일로 - 기타,승용,여,60세,상해없음,자전거,남,79세,부상신고
노인사고,2022120600100616,2022년 12월 6일 22시,화요일,부산광역시 남구 대연동,중상사고,0,1,2,0,차대차 - 기타,안전운전불이행,건조,맑음,교차로 - 교차로부근,승용,남,36세,경상,승용,남,65세,경상
노인사고,2022120700100084,2022년 12월 7일 08시,수요일,부산광역시 해운대구 우동,중상사고,0,1,2,0,차대차 - 추돌,안전거리미확보,건조,맑음,단일로 - 교량,승용,여,51세,경상,승용,남,66세,중상
노인사고,2022120700100127,2022년 12월 7일 09시,수요일,부산광역시 동래구 명장동,경상사고,0,0,1,0,차대사람 - 횡단중,보행자보호의무위반,건조,맑음,단일로 - 지하차도(도로)내,이륜,남,76세,상해없음,보행자,여,66세,경상
노인사고,2022120700100151,2022년 12월 7일 10시,수요일,부산광역시 중구 부평동2가,경상사고,0,0,1,0,차대차 - 측면충돌,안전거리미확보,건조,맑음,기타 - 기타,자전거,여,68세,상해없음,승용,여,68세,경상
노인사고,2022120700100179,2022년 12월 7일 11시,수요일,부산광역시 서구 부민동2가,중상사고,0,1,0,0,차대사람 - 기타,안전운전불이행,건조,맑음,단일로 - 기타,승용,남,73세,상해없음,보행자,여,75세,중상
노인사고,2.02212E+15,2022년 12월 7일 11시,수요일,부산광역시 북구 덕천동,경상사고,0,0,1,0,차대차 - 기타,안전거리미확보,건조,맑음,단일로 - 기타,승용,남,65세,경상,화물,남,74세,상해없음
노인사고,2022120700100293,2022년 12월 7일 15시,수요일,부산광역시 동구 수정동,경상사고,0,0,1,0,차대사람 - 횡단중,안전운전불이행,건조,맑음,교차로 - 교차로부근,승용,남,71세,상해없음,보행자,여,69세,경상
노인사고,2022120700100437,2022년 12월 7일 18시,수요일,부산광역시 북구 구포동,중상사고,0,1,2,1,차대차 - 측면충돌,안전거리미확보,건조,맑음,교차로 - 교차로부근,승용,여,46세,상해없음,승합,남,65세,중상
노인사고,2022120700100442,2022년 12월 7일 18시,수요일,부산광역시 연제구 연산동,경상사고,0,0,1,1,차대차 - 기타,중앙선침범,건조,맑음,교차로 - 교차로부근,이륜,남,19세,부상신고,승용,여,68세,경상
노인사고,2022120700100543,2022년 12월 7일 20시,수요일,부산광역시 금정구 구서동,중상사고,0,1,0,0,차대사람 - 차도통행중,안전운전불이행,건조,맑음,단일로 - 기타,승용,여,66세,상해없음,보행자,남,80세,중상
노인사고,2022120700100544,2022년 12월 7일 20시,수요일,부산광역시 금정구 서동,중상사고,0,2,0,0,차대차 - 측면충돌,안전운전불이행,건조,맑음,교차로 - 교차로부근,승용,여,56세,상해없음,원동기,남,79세,중상
노인사고,2022120800100229,2022년 12월 8일 11시,목요일,부산광역시 서구 서대신동3가,경상사고,0,0,2,0,차대차 - 측면충돌,안전운전불이행,건조,맑음,교차로 - 교차로부근,승용,남,81세,경상,승용,남,32세,경상
노인사고,2.02212E+15,2022년 12월 8일 11시,목요일,부산광역시 해운대구 우동,중상사고,0,1,0,0,차대사람 - 보도통행중,기타,건조,맑음,단일로 - 기타,승용,남,72세,상해없음,보행자,남,65세,중상
노인사고,2022120800100262,2022년 12월 8일 12시,목요일,부산광역시 동래구 안락동,경상사고,0,0,1,0,차대차 - 기타,교차로운행방법위반,건조,맑음,교차로 - 교차로안,건설기계,남,48세,상해없음,승용,남,65세,경상
노인사고,2022120800100369,2022년 12월 8일 15시,목요일,부산광역시 금정구 부곡동,경상사고,0,0,1,0,차대차 - 추돌,안전거리미확보,건조,맑음,단일로 - 터널,승용,여,43세,상해없음,승용,여,65세,경상
노인사고,2022120800100404,2022년 12월 8일 16시,목요일,부산광역시 수영구 민락동,경상사고,0,0,1,0,차대차 - 측면충돌,신호위반,건조,맑음,단일로 - 기타,승용,남,28세,상해없음,자전거,남,69세,경상
노인사고,2022120900100045,2022년 12월 9일 06시,금요일,부산광역시 서구 서대신동2가,사망사고,1,0,0,0,차대사람 - 횡단중,안전운전불이행,건조,맑음,단일로 - 기타,원동기,남,21세,상해없음,보행자,여,88세,사망
노인사고,2022120900100061,2022년 12월 9일 07시,금요일,부산광역시 북구 만덕동,경상사고,0,0,1,0,차대차 - 기타,교차로운행방법위반,건조,맑음,교차로 - 교차로안,승용,남,60세,기타불명,승용,남,69세,경상
노인사고,2022120900100062,2022년 12월 9일 07시,금요일,부산광역시 동래구 명장동,중상사고,0,1,0,0,차대사람 - 기타,보행자보호의무위반,건조,맑음,단일로 - 기타,승용,남,77세,상해없음,보행자,여,66세,중상
노인사고,2022120900100136,2022년 12월 9일 10시,금요일,부산광역시 중구 남포동1가,경상사고,0,0,1,0,차대사람 - 기타,안전운전불이행,건조,맑음,교차로 - 교차로부근,화물,남,49세,상해없음,보행자,여,69세,경상
노인사고,2022120900100485,2022년 12월 9일 19시,금요일,부산광역시 부산진구 당감동,경상사고,0,0,1,0,차대차 - 기타,안전거리미확보,건조,맑음,단일로 - 기타,승합,남,78세,상해없음,승합,남,60세,상해없음
노인사고,2.02212E+15,2022년 12월 9일 20시,금요일,부산광역시 사상구 주례동,경상사고,0,0,2,0,차대차 - 추돌,안전운전불이행,건조,맑음,단일로 - 기타,승용,여,40세,기타불명,승용,여,32세,경상
노인사고,2022121000100107,2022년 12월 10일 08시,토요일,부산광역시 해운대구 좌동,경상사고,0,0,1,0,차대차 - 추돌,안전운전불이행,건조,맑음,교차로 - 교차로안,화물,남,30세,기타불명,승용,남,72세,경상
노인사고,2022121000100143,2022년 12월 10일 10시,토요일,부산광역시 동래구 명륜동,중상사고,0,1,0,0,차대사람 - 기타,안전운전불이행,건조,맑음,단일로 - 기타,승용,여,51세,상해없음,보행자,여,65세,중상
노인사고,2022121000100211,2022년 12월 10일 12시,토요일,부산광역시 해운대구 좌동,중상사고,0,1,3,0,차대차 - 기타,안전거리미확보,건조,맑음,단일로 - 기타,화물,남,60세,경상,승용,남,40세,중상
노인사고,2022121000100245,2022년 12월 10일 13시,토요일,부산광역시 서구 남부민동,중상사고,0,1,0,0,차대차 - 측면충돌,안전운전불이행,건조,맑음,단일로 - 기타,승합,남,44세,상해없음,자전거,남,79세,중상
노인사고,2022121000100246,2022년 12월 10일 13시,토요일,부산광역시 수영구 광안동,경상사고,0,0,1,0,차대차 - 추돌,안전거리미확보,건조,맑음,단일로 - 기타,승용,여,26세,상해없음,승용,여,66세,경상
노인사고,2022121000100396,2022년 12월 10일 18시,토요일,부산광역시 수영구 수영동,경상사고,0,0,2,0,차대차 - 측면충돌,교차로운행방법위반,건조,맑음,교차로 - 교차로안,승용,남,66세,상해없음,승용,남,66세,상해없음
노인사고,2022121100100088,2022년 12월 11일 10시,일요일,부산광역시 사하구 다대동,경상사고,0,0,1,0,차대차 - 기타,안전거리미확보,건조,맑음,단일로 - 기타,승용,남,57세,상해없음,승용,남,57세,상해없음
노인사고,2022121100100139,2022년 12월 11일 12시,일요일,부산광역시 서구 충무동1가,경상사고,0,0,1,0,차대차 - 추돌,안전운전불이행,건조,맑음,교차로 - 교차로부근,승용,남,39세,상해없음,이륜,남,69세,경상
노인사고,2022121100100168,2022년 12월 11일 13시,일요일,부산광역시 해운대구 반여동,경상사고,0,0,1,1,차대차 - 측면충돌,기타,건조,맑음,교차로 - 교차로부근,승용,남,75세,부상신고,승용,남,71세,경상